office,state_po,special,side,candidate,tier,description
SEN,FL,True,dem,Angie Nixon,1,"Angie Nixon , state representative from the 13th district (2020–present)"
SEN,FL,True,rep,Ashley Moody,3,"Ashley Moody , incumbent U.S. senator (2025–present)"
SEN,OH,True,dem,Sherrod Brown,3,"Sherrod Brown , former U.S. senator (2007–2025)"
SEN,OH,True,rep,Jon Husted,3,"Jon Husted , incumbent U.S. senator (2025–present)"
SEN,AL,False,dem,Everett Wess,0,"Everett Wess, attorney and perennial candidate"
SEN,AL,False,rep,Barry Moore,2,"Barry Moore , U.S. representative from AL-1 (2021–present)"
SEN,AK,False,dem,Mary Peltola,2,
SEN,AK,False,rep,Gerald Heikes,0,
SEN,AK,False,rep,Dan J. Sullivan,0,
SEN,AK,False,rep,Dan S. Sullivan,3,
SEN,AR,False,dem,Hallie Shoffner,0,"Hallie Shoffner, farmer and entrepreneur"
SEN,AR,False,rep,Tom Cotton,3,"Tom Cotton , incumbent U.S. senator (2015–present)"
SEN,CO,False,dem,John Hickenlooper,3,"John Hickenlooper , incumbent U.S. senator"
SEN,CO,False,rep,Mark Baisley,1,"Mark Baisley , state senator from the 4th district (2023–present) (previously ran for governor )"
SEN,DE,False,dem,Chris Coons,3,"Chris Coons , incumbent U.S. senator (2010–present)"
SEN,DE,False,rep,Michael Katz,1,"Michael Katz , former Democratic state senator (2009–2013) and Independent Party nominee for U.S. Senate in 2024"
SEN,GA,False,dem,Jon Ossoff,3,"Jon Ossoff , incumbent U.S. senator (2021–present)"
SEN,GA,False,rep,Mike Collins,2,"Mike Collins , U.S. representative from Georgia's 10th congressional district (2023–present)"
SEN,IL,False,dem,Juliana Stratton,2,"Juliana Stratton , Lieutenant Governor of Illinois (2019–present)"
SEN,IL,False,rep,Don Tracy,0,"Don Tracy , former chair of the Illinois Republican Party (2021–2024), former member of the Illinois Gaming Board (2015–2019), candidate for lieutenant governor"
SEN,IA,False,dem,Josh Turek,1,"Josh Turek , state representative from the 20th district (2023–present)"
SEN,IA,False,rep,Ashley Hinson,2,"Ashley Hinson , U.S. representative from Iowa's 2nd congressional district (2021–present)"
SEN,KS,False,dem,Adam Hamilton,0,"Adam Hamilton , pastor and founder of the Church of the Resurrection  (initially formed exploratory committee as an independent)"
SEN,KS,False,rep,Roger Marshall,3,"Roger Marshall , incumbent U.S. senator (2021–present)"
SEN,KY,False,dem,Charles Booker,1,"Charles Booker , former state representative (2019–2021), nominee for U.S. Senate in 2022 and candidate in 2020"
SEN,KY,False,rep,Andy Barr,2,"Andy Barr , U.S. representative from Kentucky's 6th congressional district (2013–present)"
SEN,LA,False,dem,Jamie Davis,0,"Jamie Davis, former Tensas Parish police juror  and runner-up for Louisiana's 21st House of Representatives district in 2023"
SEN,LA,False,rep,Julia Letlow,2,"Julia Letlow , U.S. representative from Louisiana's 5th congressional district (2021–present)"
SEN,ME,False,dem,Troy Jackson,1,"Troy Jackson , former president of the Maine Senate (2018–2024), candidate for ME-02 in 2014 , and candidate for governor in 2026"
SEN,ME,False,rep,Susan Collins,3,"Susan Collins , incumbent U.S. senator (1997–present)"
SEN,MA,False,dem,Ed Markey,3,"Ed Markey , incumbent U.S. senator (2013–present)"
SEN,MA,False,rep,John Deaton,0,"John Deaton , attorney and nominee for U.S. Senate in 2024"
SEN,MI,False,dem,Abdul El-Sayed,0,"Abdul El-Sayed , former Wayne County health director (2023–2025) and candidate for governor in 2018"
SEN,MI,False,rep,Mike Rogers,2,"Mike Rogers , former U.S. representative from Michigan's 8th congressional district (2001–2015) and nominee for U.S. Senate in 2024"
SEN,MN,False,dem,Peggy Flanagan,2,"Peggy Flanagan , lieutenant governor of Minnesota (2019–present)"
SEN,MN,False,rep,Michele Tafoya,0,"Michele Tafoya , reporter and retired sports broadcaster"
SEN,MS,False,dem,Scott Colom,1,"Scott Colom , district attorney for the 16th Judicial District of Mississippi (2016–present)"
SEN,MS,False,rep,Cindy Hyde-Smith,3,"Cindy Hyde-Smith , incumbent U.S. senator"
SEN,MT,False,dem,Alani Bankhead,0,"Alani Bankhead, Air Force lieutenant colonel and leadership coach"
SEN,MT,False,rep,Kurt Alme,0,"Kurt Alme , former U.S. Attorney for the District of Montana (2017–2020, 2025–2026)"
SEN,NE,False,dem,Dan Osborn,0,
SEN,NE,False,rep,Pete Ricketts,3,"Pete Ricketts , incumbent U.S. senator"
SEN,NH,False,dem,Chris Pappas,2,"Chris Pappas , U.S. representative for New Hampshire's 1st congressional district (2019–present)"
SEN,NH,False,rep,John E. Sununu,3,"John Sununu , former U.S. senator from this seat (2003–2009)"
SEN,NJ,False,dem,Cory Booker,3,"Cory Booker , incumbent U.S. senator (2013–present)"
SEN,NJ,False,rep,Justin Murphy,1,"Justin Murphy, former Deputy Mayor of Tabernacle Township and perennial candidate"
SEN,NM,False,dem,Ben Ray Luján,3,"Ben Ray Luján , incumbent U.S. senator (2021–present)"
SEN,NM,False,rep,Larry Marker,0,"Larry Marker, former oil and gas operator (write-in)"
SEN,NC,False,dem,Roy Cooper,3,"Roy Cooper , former governor of North Carolina (2017–2025)"
SEN,NC,False,rep,Michael Whatley,0,"Michael Whatley , former chair of the Republican National Committee (2024–2025)"
SEN,OK,False,dem,N'Kiyla Jasmine Thomas,0,"N'Kiyla Jasmine Thomas, nurse"
SEN,OK,False,rep,Kevin Hern,2,"Kevin Hern , U.S. representative for Oklahoma's 1st congressional district (2018–present)"
SEN,OR,False,dem,Jeff Merkley,3,"Jeff Merkley , incumbent U.S. senator (2009–present)"
SEN,OR,False,rep,David Brock Smith,1,"David Brock Smith , state senator from the 1st district (2023–present)"
SEN,RI,False,dem,Jack Reed,3,"Jack Reed , incumbent U.S. senator (1997–present)"
SEN,RI,False,rep,Raymond McKay,1,"Raymond McKay, former member of the Rhode Island Republican Party State Central Committee, former president of the Rhode Island Republican Assembly , and candid"
SEN,SC,False,dem,Annie Andrews,0,"Annie Andrews , pediatrician and nominee for South Carolina's 1st congressional district in 2022"
SEN,SC,False,rep,Darline Graham,3,"Darline Graham , incumbent senator (2026–present)"
SEN,TN,False,dem,Marquita Bradshaw,0,"Marquita Bradshaw , staffing consultant and nominee for this seat in 2020 and candidate in 2024"
SEN,TN,False,rep,Bill Hagerty,3,"Bill Hagerty , incumbent U.S. senator (2021–present)"
SEN,TX,False,dem,James Talarico,1,"James Talarico , state representative from the 50th district (2018–present)"
SEN,TX,False,rep,Ken Paxton,2,"Ken Paxton , attorney general of Texas (2015–present)"
SEN,VA,False,dem,Mark Warner,3,"Mark Warner , incumbent U.S. senator (2009–present)"
SEN,VA,False,rep,Bert Mizusawa,0,"Bert Mizusawa , retired United States Army major general , candidate for U.S. Senate in 2018 , and candidate for VA-02 in 2010"
SEN,WV,False,dem,Rachel Fetty Anderson,1,"Rachel Fetty Anderson, former Morgantown city council member"
SEN,WV,False,rep,Shelley Moore Capito,3,"Shelley Moore Capito , incumbent U.S. senator (2015–present)"
SEN,WY,False,dem,James W. Byrd,1,"James Byrd , former state representative from the 44th district (2009–2019) and nominee for secretary of state in 2018"
SEN,WY,False,rep,Harriet Hageman,2,"Harriet Hageman , U.S. representative from Wyoming's at-large congressional district (2023–present) and candidate for governor in 2018"
GOV,AL,False,dem,Doug Jones,3,"Doug Jones , former U.S. senator (2018–2021)"
GOV,AL,False,rep,Tommy Tuberville,3,"Tommy Tuberville , U.S. senator (2021–present)"
GOV,AK,False,dem,Jonathan Kreiss-Tomkins,1,
GOV,AK,False,rep,Dave Bronson,2,
GOV,AK,False,rep,Treg Taylor,0,
GOV,AK,False,rep,Bernadette Wilson,0,
GOV,AZ,False,dem,Katie Hobbs,3,"Katie Hobbs , incumbent governor (2023–present)   "
GOV,AZ,False,rep,Andy Biggs,2,"Andy Biggs , U.S. representative from Arizona's 5th congressional district (2017–present)   "
GOV,AR,False,dem,Fredrick Love,1,"Fredrick Love , state senator from SD-15 (2023–present)"
GOV,AR,False,rep,Sarah Huckabee Sanders,3,"Sarah Huckabee Sanders , incumbent governor (2023–present)"
GOV,CA,False,dem,Xavier Becerra,2,
GOV,CA,False,rep,Steve Hilton,0,
GOV,CO,False,dem,Phil Weiser,2,"Phil Weiser , attorney general of Colorado (2019–present)  "
GOV,CO,False,rep,Victor Marx,0,"Victor Marx , ministry leader  "
GOV,CT,False,dem,Ned Lamont,3,"Ned Lamont , incumbent governor (2019–present)"
GOV,CT,False,rep,Ryan Fazio,1,"Ryan Fazio , state senator from the 36th district (2021–present)"
GOV,FL,False,dem,David Jolly,2,"David Jolly , former Republican U.S. representative from Florida's 13th congressional district (2014–2017)  "
GOV,FL,False,rep,Byron Donalds,2,"Byron Donalds , U.S. representative for Florida's 19th congressional district (2021–present)  "
GOV,GA,False,dem,Keisha Lance Bottoms,2,"Keisha Lance Bottoms , former director of the Office of Public Engagement (2022–2023) and former mayor of Atlanta (2018–2022)"
GOV,GA,False,rep,Rick Jackson,0,"Rick Jackson , healthcare executive"
GOV,HI,False,dem,Josh Green,3,"Josh Green , incumbent governor (2022–present)"
GOV,HI,False,rep,Gary Cordery,0,"Gary Cordery, businessman and candidate for governor in 2022"
GOV,ID,False,dem,Terri Pickens,0,"Terri Pickens, attorney and nominee for lieutenant governor in 2022"
GOV,ID,False,rep,Brad Little,3,"Brad Little , incumbent governor (2019–present)"
GOV,IL,False,dem,JB Pritzker,3,"JB Pritzker , incumbent governor (2019–present)  "
GOV,IL,False,rep,Darren Bailey,1,"Darren Bailey , former state senator from the 55th district (2021–2023), nominee for governor in 2022 , and candidate for Illinois's 12th congressional district"
GOV,IA,False,dem,Rob Sand,2,"Rob Sand , Iowa auditor of state (2019–present)  "
GOV,IA,False,rep,Zach Lahn,0,"Zach Lahn , businessman     "
GOV,KS,False,dem,Cindy Holscher,1,"Cindy Holscher , state senator from the 8th district (2021–present)  "
GOV,KS,False,rep,Ty Masterson,1,"Ty Masterson , president of the Kansas Senate (2021–present) from the 16th district (2009–present)  "
GOV,ME,False,dem,Hannah Pingree,1,"Hannah Pingree , former director of the Maine Governor's Office of Policy Innovation, former Speaker of the Maine House of Representatives (2008–2010) from the "
GOV,ME,False,rep,Robert B. Charles,0,"Bobby Charles , lawyer and former U.S. Assistant Secretary of State (2003–2005)"
GOV,MD,False,dem,Wes Moore,3,"Wes Moore , incumbent governor (2023–present)  "
GOV,MD,False,rep,Dan Cox,1,"Dan Cox , former state delegate from the 4th district (2019–2023), nominee for Maryland's 8th congressional district in 2016 , nominee for governor in 2022 , an"
GOV,MA,False,dem,Maura Healey,3,"Maura Healey , incumbent governor (2023–present)"
GOV,MA,False,rep,Mike Minogue,0,"Michael Minogue, former CEO of Abiomed"
GOV,MI,False,dem,Jocelyn Benson,2,"Jocelyn Benson , Michigan secretary of state (2019–present)  "
GOV,MI,False,rep,John James,2,"John James , U.S. representative from Michigan's 10th congressional district (2023–present) and nominee for U.S. Senate in 2018 and 2020  "
GOV,MN,False,dem,Amy Klobuchar,3,"Amy Klobuchar , U.S. senator (2007–present)  "
GOV,MN,False,rep,Lisa Demuth,1,"Lisa Demuth , speaker of the Minnesota House of Representatives (2025–present) from district 13A (2019–present)  "
GOV,NE,False,dem,Lynne Walz,1,"Lynne Walz , former state senator from the 15th district (2017–2025) and nominee for lieutenant governor in 2018   "
GOV,NE,False,rep,Jim Pillen,3,"Jim Pillen , incumbent governor (2023–present)  "
GOV,NV,False,dem,Aaron Ford,2,"Aaron Ford , Nevada attorney general (2019–present)"
GOV,NV,False,rep,Joe Lombardo,3,"Joe Lombardo , incumbent governor (2023–present)"
GOV,NH,False,dem,Cinde Warmington,1,"Cinde Warmington , former New Hampshire Executive Councilor (2021–2025) and candidate for governor in 2024"
GOV,NH,False,rep,Kelly Ayotte,3,"Kelly Ayotte , incumbent governor (2025–present)"
GOV,NM,False,dem,Deb Haaland,2,"Deb Haaland , former U.S. secretary of the interior (2021–2025), former U.S. representative from New Mexico's 1st congressional district (2019–2021), and nomine"
GOV,NM,False,rep,Gregg Hull,2,"Gregg Hull , mayor of Rio Rancho (2014–2026)"
GOV,NY,False,dem,Kathy Hochul,3,"Kathy Hochul , governor of New York (2021–present)  "
GOV,NY,False,rep,Bruce Blakeman,1,"Bruce Blakeman , Nassau County executive (2021–present)  "
GOV,OH,False,dem,Amy Acton,0,"Amy Acton , former director of the Ohio Department of Health (2019–2020)   "
GOV,OH,False,rep,Vivek Ramaswamy,0,"Vivek Ramaswamy , founder of Roivant Sciences and candidate for president in 2024  "
GOV,OK,False,dem,Cyndi Munson,1,"Cyndi Munson , minority leader of the Oklahoma House of Representatives (2022–present) from the 85th district (2015–present)"
GOV,OK,False,rep,Mike Mazzei,1,"Mike Mazzei , former Oklahoma Secretary of Budget (2019–2020), former state senator from the 25th district (2004–2016), and candidate for state treasurer in 202"
GOV,OR,False,dem,Tina Kotek,3,"Tina Kotek , incumbent governor (2023–present)"
GOV,OR,False,rep,Christine Drazan,1,"Christine Drazan , state senator (2025–present), former minority leader of the Oregon House of Representatives (2019–2021, 2025) and nominee for governor in 202"
GOV,PA,False,dem,Josh Shapiro,3,"Josh Shapiro , incumbent governor (2023–present)"
GOV,PA,False,rep,Stacy Garrity,2,"Stacy Garrity , Pennsylvania state treasurer (2021–present)"
GOV,RI,False,dem,Helena Foulkes,0,"Helena Foulkes , former CVS executive, niece of former U.S. senator Chris Dodd , and candidate for governor in 2022"
GOV,RI,False,rep,Aaron Guckian,0,"Aaron Guckian, former chair of the Warwick Sewer Authority and nominee for lieutenant governor in 2022"
GOV,SC,False,dem,Jermaine Johnson,1,"Jermaine Johnson , state representative from the 80th district  (2020–present)   "
GOV,SC,False,rep,Alan Wilson,2,"Alan Wilson , attorney general of South Carolina (2011–present)  "
GOV,SD,False,dem,Dan Ahlers,1,"Dan Ahlers , executive director of the South Dakota Democratic Party , former state senator (2008–2010), and nominee for U.S. Senate in 2020  "
GOV,SD,False,rep,Larry Rhoden,3,"Larry Rhoden , incumbent governor (2025–present)  "
GOV,TN,False,dem,Jerri Green,1,"Jerri Green, Memphis city councilor from the 2nd district (2024–present)"
GOV,TN,False,rep,Marsha Blackburn,3,"Marsha Blackburn , U.S. senator (2019–present)"
GOV,TX,False,dem,Gina Hinojosa,1,"Gina Hinojosa , state representative from the 49th district (2017–present)"
GOV,TX,False,rep,Greg Abbott,3,"Greg Abbott , incumbent governor (2015–present)"
GOV,VT,False,dem,Amanda Janoo,0,"Amanda Janoo, economist"
GOV,VT,False,rep,Phil Scott,3,"Phil Scott , incumbent governor (2017–present)"
GOV,WI,False,dem,David Crowley,1,"David Crowley , Milwaukee County Executive (2020–present) (previously withdrew, endorsed Rodriguez)"
GOV,WI,False,rep,Tom Tiffany,2,"Tom Tiffany , U.S. representative for Wisconsin's 7th congressional district (2020–present)"
GOV,WY,False,dem,Kenneth Casner,0,"Kenneth Casner, candidate for governor in 2002 and 2018"
GOV,WY,False,rep,Eric Barlow,1,"Eric Barlow , state senator from the 23rd district (2023–present)"
