year,pres,UN_share,UN_turnout,decided_turnout,UN_break_D_minus_R,decided_margin,UN_break_toward_out_party,UN_econ_worse,all_econ_worse,UN_n,UN_voters_reporting
2006,R,0.2281336505045459,0.3376235989117661,0.47704634628893716,8.345189810607362,10.689952505067412,8.345189810607362,0.46306271251677394,0.42901568893209474,5878,1654
2008,R,0.17241074057145775,0.5862163333479481,0.7424128402649149,8.614557135376018,2.492100336611937,8.614557135376018,0.9519261071951116,0.9364986852488738,4031,2215
2010,D,0.23241301016064372,0.2729616787061209,0.6476547396534148,-7.415635776063979,-13.162458587660344,7.415635776063979,0.46792153303708345,0.5057588948342594,7399,2287
2012,D,0.21751504891099668,0.5043582294388042,0.7090573565301764,1.1801338102819527,-1.676820641668427,-1.1801338102819527,0.38139332922764246,0.41624099730519726,7981,3218
2014,D,0.19204414904901065,0.3473057089649599,0.6126997714391905,-5.611846498474159,-8.643293625115806,5.611846498474159,0.362746630550175,0.35983868498668,10020,1959
2016,D,0.23256880532437127,0.44919521324689315,0.6226140453797917,0.3675931974577639,-1.4669237423932835,-0.3675931974577639,0.3772945300674308,0.36374055660592275,11535,4243
2018,R,0.1500552671939267,0.32268958246027013,0.6525293599035525,10.945752142102018,7.845363680940112,10.945752142102018,0.2489546309618396,0.21450078757745827,7194,2201
2020,R,0.15139260739804813,0.368315134413727,0.7034584830943275,-3.7813531883170763,-8.293877117338834,-3.7813531883170763,0.7028830999375177,0.6764016212533192,6289,2166
2022,D,0.15519331400074085,0.27995305283687094,0.6376932297345644,-10.135566772413455,-7.368184192924088,10.135566772413455,0.7973070784767077,0.7607587645506689,6757,1671
2024,D,0.13418524178095434,0.3784366377004373,0.6755122025629013,-10.315211452217017,-7.149356452276098,10.315211452217017,0.6812234298215317,0.5907466744517063,5514,1722
