date,state_po,category,total,dem,rep,other
2026-09-29,CO,inperson,2.0,0.0,0.0,2.0
2026-09-29,CO,requested,3992813.0,983543.0,881064.0,2128206.0
2026-09-29,CO,returned,2904.0,1552.0,262.0,1090.0
2026-09-04,FL,inperson,0.0,0.0,0.0,0.0
2026-09-05,FL,inperson,0.0,0.0,0.0,0.0
2026-09-06,FL,inperson,0.0,0.0,0.0,0.0
2026-09-07,FL,inperson,0.0,0.0,0.0,0.0
2026-09-08,FL,inperson,0.0,0.0,0.0,0.0
2026-09-09,FL,inperson,0.0,0.0,0.0,0.0
2026-09-10,FL,inperson,0.0,0.0,0.0,0.0
2026-09-11,FL,inperson,0.0,0.0,0.0,0.0
2026-09-12,FL,inperson,0.0,0.0,0.0,0.0
2026-09-13,FL,inperson,0.0,0.0,0.0,0.0
2026-09-14,FL,inperson,0.0,0.0,0.0,0.0
2026-09-15,FL,inperson,0.0,0.0,0.0,0.0
2026-09-16,FL,inperson,0.0,0.0,0.0,0.0
2026-09-17,FL,inperson,0.0,0.0,0.0,0.0
2026-09-18,FL,inperson,0.0,0.0,0.0,0.0
2026-09-19,FL,inperson,0.0,0.0,0.0,0.0
2026-09-20,FL,inperson,0.0,0.0,0.0,0.0
2026-09-21,FL,inperson,0.0,0.0,0.0,0.0
2026-09-22,FL,inperson,0.0,0.0,0.0,0.0
2026-09-23,FL,inperson,0.0,0.0,0.0,0.0
2026-09-24,FL,inperson,1.0,1.0,0.0,0.0
2026-09-25,FL,inperson,5.0,4.0,1.0,0.0
2026-09-26,FL,inperson,5.0,4.0,1.0,0.0
2026-09-27,FL,inperson,5.0,4.0,1.0,0.0
2026-09-28,FL,inperson,0.0,0.0,0.0,0.0
2026-09-29,FL,inperson,0.0,0.0,0.0,0.0
2026-09-30,FL,inperson,0.0,0.0,0.0,0.0
2026-09-04,FL,requested,1.0,0.0,1.0,0.0
2026-09-05,FL,requested,1.0,0.0,1.0,0.0
2026-09-06,FL,requested,1.0,0.0,1.0,0.0
2026-09-07,FL,requested,1.0,0.0,1.0,0.0
2026-09-08,FL,requested,1.0,0.0,1.0,0.0
2026-09-09,FL,requested,1290.0,511.0,584.0,195.0
2026-09-10,FL,requested,3673.0,1163.0,1576.0,934.0
2026-09-11,FL,requested,3698.0,1169.0,1580.0,949.0
2026-09-12,FL,requested,4829.0,1520.0,2039.0,1270.0
2026-09-13,FL,requested,4829.0,1520.0,2039.0,1270.0
2026-09-14,FL,requested,4852.0,1526.0,2051.0,1275.0
2026-09-15,FL,requested,144315.0,85181.0,28777.0,30357.0
2026-09-16,FL,requested,149794.0,87431.0,30590.0,31773.0
2026-09-17,FL,requested,152747.0,88567.0,31594.0,32586.0
2026-09-18,FL,requested,170316.0,96896.0,35918.0,37502.0
2026-09-19,FL,requested,185723.0,104819.0,39355.0,41549.0
2026-09-20,FL,requested,185852.0,104871.0,39390.0,41591.0
2026-09-21,FL,requested,185928.0,104896.0,39412.0,41620.0
2026-09-22,FL,requested,189933.0,107443.0,40376.0,42114.0
2026-09-23,FL,requested,199633.0,110814.0,45189.0,43630.0
2026-09-24,FL,requested,1046447.0,454436.0,361273.0,230738.0
2026-09-25,FL,requested,1306288.0,584201.0,438071.0,284016.0
2026-09-26,FL,requested,1443671.0,649467.0,477680.0,316524.0
2026-09-27,FL,requested,1443669.0,649470.0,477676.0,316523.0
2026-09-28,FL,requested,1466997.0,659521.0,485625.0,321851.0
2026-09-29,FL,requested,1831130.0,799357.0,627175.0,404598.0
2026-09-30,FL,requested,1831130.0,799357.0,627175.0,404598.0
2026-09-04,FL,returned,0.0,0.0,0.0,0.0
2026-09-05,FL,returned,0.0,0.0,0.0,0.0
2026-09-06,FL,returned,0.0,0.0,0.0,0.0
2026-09-07,FL,returned,0.0,0.0,0.0,0.0
2026-09-08,FL,returned,0.0,0.0,0.0,0.0
2026-09-09,FL,returned,0.0,0.0,0.0,0.0
2026-09-10,FL,returned,0.0,0.0,0.0,0.0
2026-09-11,FL,returned,0.0,0.0,0.0,0.0
2026-09-12,FL,returned,0.0,0.0,0.0,0.0
2026-09-13,FL,returned,0.0,0.0,0.0,0.0
2026-09-14,FL,returned,0.0,0.0,0.0,0.0
2026-09-15,FL,returned,2.0,0.0,1.0,1.0
2026-09-16,FL,returned,5.0,2.0,1.0,2.0
2026-09-17,FL,returned,22.0,10.0,7.0,5.0
2026-09-18,FL,returned,44.0,19.0,14.0,11.0
2026-09-19,FL,returned,131.0,63.0,39.0,29.0
2026-09-20,FL,returned,131.0,63.0,39.0,29.0
2026-09-21,FL,returned,237.0,130.0,55.0,52.0
2026-09-22,FL,returned,646.0,332.0,153.0,161.0
2026-09-23,FL,returned,1297.0,676.0,329.0,292.0
2026-09-24,FL,returned,1739.0,899.0,461.0,379.0
2026-09-25,FL,returned,2284.0,1147.0,656.0,481.0
2026-09-26,FL,returned,2295.0,1156.0,656.0,483.0
2026-09-27,FL,returned,2295.0,1156.0,656.0,483.0
2026-09-28,FL,returned,6491.0,3158.0,1925.0,1408.0
2026-09-29,FL,returned,13986.0,6801.0,4207.0,2978.0
2026-09-30,FL,returned,13986.0,6801.0,4207.0,2978.0
2026-09-24,HI,inperson,0.0,,,
2026-09-25,HI,inperson,0.0,,,
2026-09-28,HI,inperson,0.0,,,
2026-09-29,HI,inperson,0.0,,,
2026-09-24,HI,requested,575734.0,,,
2026-09-25,HI,requested,671316.0,,,
2026-09-28,HI,requested,712099.0,,,
2026-09-29,HI,requested,712113.0,,,
2026-09-24,HI,returned,62.0,,,
2026-09-25,HI,returned,62.0,,,
2026-09-28,HI,returned,62.0,,,
2026-09-29,HI,returned,81.0,,,
2026-09-19,ID,inperson,0.0,,,
2026-09-20,ID,inperson,0.0,,,
2026-09-21,ID,inperson,0.0,,,
2026-09-22,ID,inperson,0.0,,,
2026-09-23,ID,inperson,0.0,,,
2026-09-24,ID,inperson,0.0,,,
2026-09-25,ID,inperson,0.0,,,
2026-09-26,ID,inperson,0.0,,,
2026-09-27,ID,inperson,0.0,,,
2026-09-28,ID,inperson,0.0,,,
2026-09-29,ID,inperson,0.0,,,
2026-09-30,ID,inperson,0.0,,,
2026-09-19,ID,requested,66933.0,,,
2026-09-20,ID,requested,66931.0,,,
2026-09-21,ID,requested,70981.0,,,
2026-09-22,ID,requested,73294.0,,,
2026-09-23,ID,requested,75932.0,,,
2026-09-24,ID,requested,75932.0,,,
2026-09-25,ID,requested,75932.0,,,
2026-09-26,ID,requested,75932.0,,,
2026-09-27,ID,requested,75932.0,,,
2026-09-28,ID,requested,75932.0,,,
2026-09-29,ID,requested,88663.0,,,
2026-09-30,ID,requested,88663.0,,,
2026-09-19,ID,returned,5.0,0.0,5.0,0.0
2026-09-20,ID,returned,5.0,0.0,5.0,0.0
2026-09-21,ID,returned,5.0,0.0,5.0,0.0
2026-09-22,ID,returned,96.0,31.0,65.0,0.0
2026-09-23,ID,returned,503.0,186.0,315.0,2.0
2026-09-24,ID,returned,988.0,339.0,645.0,4.0
2026-09-25,ID,returned,988.0,339.0,645.0,4.0
2026-09-26,ID,returned,988.0,339.0,645.0,4.0
2026-09-27,ID,returned,988.0,339.0,645.0,4.0
2026-09-28,ID,returned,988.0,339.0,645.0,4.0
2026-09-29,ID,returned,988.0,339.0,645.0,4.0
2026-09-30,ID,returned,988.0,339.0,645.0,4.0
2026-09-06,IL,inperson,0.0,,,
2026-09-07,IL,inperson,0.0,,,
2026-09-08,IL,inperson,0.0,,,
2026-09-09,IL,inperson,0.0,,,
2026-09-10,IL,inperson,0.0,,,
2026-09-11,IL,inperson,0.0,,,
2026-09-12,IL,inperson,0.0,,,
2026-09-13,IL,inperson,0.0,,,
2026-09-14,IL,inperson,0.0,,,
2026-09-15,IL,inperson,0.0,,,
2026-09-16,IL,inperson,0.0,,,
2026-09-17,IL,inperson,0.0,,,
2026-09-18,IL,inperson,0.0,,,
2026-09-19,IL,inperson,0.0,,,
2026-09-20,IL,inperson,0.0,,,
2026-09-21,IL,inperson,0.0,,,
2026-09-22,IL,inperson,0.0,,,
2026-09-23,IL,inperson,0.0,,,
2026-09-24,IL,inperson,97.0,,,
2026-09-25,IL,inperson,4140.0,,,
2026-09-26,IL,inperson,4140.0,,,
2026-09-27,IL,inperson,4140.0,,,
2026-09-28,IL,inperson,9084.0,,,
2026-09-29,IL,inperson,9184.0,,,
2026-09-30,IL,inperson,9184.0,,,
2026-09-06,IL,requested,947926.0,,,
2026-09-07,IL,requested,947926.0,,,
2026-09-08,IL,requested,952622.0,,,
2026-09-09,IL,requested,1155150.0,,,
2026-09-10,IL,requested,1155150.0,,,
2026-09-11,IL,requested,583588.0,,,
2026-09-12,IL,requested,583588.0,,,
2026-09-13,IL,requested,583588.0,,,
2026-09-14,IL,requested,586711.0,,,
2026-09-15,IL,requested,586711.0,,,
2026-09-16,IL,requested,586711.0,,,
2026-09-17,IL,requested,689014.0,,,
2026-09-18,IL,requested,833353.0,,,
2026-09-19,IL,requested,833353.0,,,
2026-09-20,IL,requested,833353.0,,,
2026-09-21,IL,requested,908021.0,,,
2026-09-22,IL,requested,908021.0,,,
2026-09-23,IL,requested,986932.0,,,
2026-09-24,IL,requested,986932.0,,,
2026-09-25,IL,requested,999154.0,,,
2026-09-26,IL,requested,999154.0,,,
2026-09-27,IL,requested,999154.0,,,
2026-09-28,IL,requested,1004589.0,,,
2026-09-29,IL,requested,1004589.0,,,
2026-09-30,IL,requested,1004589.0,,,
2026-09-06,IL,returned,0.0,,,
2026-09-07,IL,returned,0.0,,,
2026-09-08,IL,returned,0.0,,,
2026-09-09,IL,returned,0.0,,,
2026-09-10,IL,returned,0.0,,,
2026-09-11,IL,returned,0.0,,,
2026-09-12,IL,returned,0.0,,,
2026-09-13,IL,returned,0.0,,,
2026-09-14,IL,returned,0.0,,,
2026-09-15,IL,returned,0.0,,,
2026-09-16,IL,returned,0.0,,,
2026-09-17,IL,returned,0.0,,,
2026-09-18,IL,returned,0.0,,,
2026-09-19,IL,returned,0.0,,,
2026-09-20,IL,returned,0.0,,,
2026-09-21,IL,returned,0.0,,,
2026-09-22,IL,returned,0.0,,,
2026-09-23,IL,returned,0.0,,,
2026-09-24,IL,returned,0.0,,,
2026-09-25,IL,returned,573.0,,,
2026-09-26,IL,returned,573.0,,,
2026-09-27,IL,returned,573.0,,,
2026-09-28,IL,returned,1122.0,,,
2026-09-29,IL,returned,1377.0,,,
2026-09-30,IL,returned,1377.0,,,
2026-09-22,IN,inperson,0.0,,,
2026-09-23,IN,inperson,0.0,,,
2026-09-24,IN,inperson,0.0,,,
2026-09-25,IN,inperson,0.0,,,
2026-09-26,IN,inperson,0.0,,,
2026-09-27,IN,inperson,0.0,,,
2026-09-28,IN,inperson,0.0,,,
2026-09-29,IN,inperson,0.0,,,
2026-09-30,IN,inperson,0.0,,,
2026-09-22,IN,requested,27670.0,,,
2026-09-23,IN,requested,29245.0,,,
2026-09-24,IN,requested,30711.0,,,
2026-09-25,IN,requested,25564.0,,,
2026-09-26,IN,requested,25564.0,,,
2026-09-27,IN,requested,25564.0,,,
2026-09-28,IN,requested,34105.0,,,
2026-09-29,IN,requested,37065.0,,,
2026-09-30,IN,requested,37065.0,,,
2026-09-22,IN,returned,172.0,,,
2026-09-23,IN,returned,489.0,,,
2026-09-24,IN,returned,952.0,,,
2026-09-25,IN,returned,72.0,,,
2026-09-26,IN,returned,72.0,,,
2026-09-27,IN,returned,72.0,,,
2026-09-28,IN,returned,2211.0,,,
2026-09-29,IN,returned,3608.0,,,
2026-09-30,IN,returned,3608.0,,,
2026-09-22,KY,inperson,0.0,0.0,0.0,0.0
2026-09-23,KY,inperson,0.0,0.0,0.0,0.0
2026-09-24,KY,inperson,0.0,0.0,0.0,0.0
2026-09-25,KY,inperson,0.0,0.0,0.0,0.0
2026-09-26,KY,inperson,0.0,0.0,0.0,0.0
2026-09-27,KY,inperson,0.0,0.0,0.0,0.0
2026-09-28,KY,inperson,0.0,0.0,0.0,0.0
2026-09-22,KY,requested,9534.0,5096.0,2320.0,2118.0
2026-09-23,KY,requested,11911.0,6605.0,3050.0,2256.0
2026-09-24,KY,requested,14934.0,8476.0,3951.0,2507.0
2026-09-25,KY,requested,17708.0,10134.0,4841.0,2733.0
2026-09-26,KY,requested,17731.0,10138.0,4846.0,2747.0
2026-09-27,KY,requested,17825.0,10191.0,4872.0,2762.0
2026-09-28,KY,requested,20752.0,11927.0,5752.0,3073.0
2026-09-22,KY,returned,36.0,23.0,8.0,5.0
2026-09-23,KY,returned,81.0,48.0,24.0,9.0
2026-09-24,KY,returned,204.0,122.0,64.0,18.0
2026-09-25,KY,returned,402.0,228.0,139.0,35.0
2026-09-26,KY,returned,405.0,229.0,139.0,37.0
2026-09-27,KY,returned,459.0,261.0,159.0,39.0
2026-09-28,KY,returned,962.0,545.0,334.0,83.0
2026-09-24,MD,requested,595608.0,,,
2026-09-25,MD,requested,596412.0,,,
2026-09-26,MD,requested,597447.0,,,
2026-09-27,MD,requested,597499.0,,,
2026-09-28,MD,requested,597499.0,,,
2026-09-29,MD,requested,598787.0,,,
2026-09-30,MD,requested,598787.0,,,
2026-09-24,MD,returned,1883.0,1289.0,316.0,278.0
2026-09-25,MD,returned,4375.0,2933.0,776.0,666.0
2026-09-26,MD,returned,8512.0,5338.0,1785.0,1389.0
2026-09-27,MD,returned,10757.0,6817.0,2154.0,1786.0
2026-09-28,MD,returned,10757.0,6817.0,2154.0,1786.0
2026-09-29,MD,returned,22862.0,13901.0,5088.0,3873.0
2026-09-30,MD,returned,22862.0,13901.0,5088.0,3873.0
2026-09-25,ME,inperson,10.0,7.0,1.0,2.0
2026-09-29,ME,inperson,10.0,7.0,1.0,2.0
2026-09-25,ME,requested,57755.0,33376.0,7949.0,16430.0
2026-09-29,ME,requested,64307.0,36866.0,8922.0,18519.0
2026-09-25,ME,returned,6.0,2.0,3.0,1.0
2026-09-29,ME,returned,129.0,82.0,15.0,32.0
2026-09-29,MI,requested,2022747.0,,,
2026-09-29,MI,returned,24781.0,,,
2026-09-24,MN,inperson,8403.0,,,
2026-09-25,MN,inperson,8403.0,,,
2026-09-26,MN,inperson,8403.0,,,
2026-09-27,MN,inperson,8403.0,,,
2026-09-28,MN,inperson,8403.0,,,
2026-09-29,MN,inperson,8403.0,,,
2026-09-30,MN,inperson,8403.0,,,
2026-09-24,MN,requested,384679.0,,,
2026-09-25,MN,requested,384679.0,,,
2026-09-26,MN,requested,384679.0,,,
2026-09-27,MN,requested,384679.0,,,
2026-09-28,MN,requested,384679.0,,,
2026-09-29,MN,requested,384679.0,,,
2026-09-30,MN,requested,384679.0,,,
2026-09-24,MN,returned,3919.0,,,
2026-09-25,MN,returned,3919.0,,,
2026-09-26,MN,returned,3919.0,,,
2026-09-27,MN,returned,3919.0,,,
2026-09-28,MN,returned,3919.0,,,
2026-09-29,MN,returned,3919.0,,,
2026-09-30,MN,returned,3919.0,,,
2026-09-28,MS,requested,8787.0,,,
2026-09-28,MS,returned,4148.0,,,
2026-09-21,MT,requested,9288.0,,,
2026-09-22,MT,requested,9345.0,,,
2026-09-23,MT,requested,9362.0,,,
2026-09-24,MT,requested,9388.0,,,
2026-09-25,MT,requested,9408.0,,,
2026-09-26,MT,requested,9422.0,,,
2026-09-27,MT,requested,9422.0,,,
2026-09-28,MT,requested,9422.0,,,
2026-09-29,MT,requested,9448.0,,,
2026-09-30,MT,requested,9475.0,,,
2026-09-21,MT,returned,20.0,,,
2026-09-22,MT,returned,165.0,,,
2026-09-23,MT,returned,212.0,,,
2026-09-24,MT,returned,270.0,,,
2026-09-25,MT,returned,341.0,,,
2026-09-26,MT,returned,367.0,,,
2026-09-27,MT,returned,367.0,,,
2026-09-28,MT,returned,368.0,,,
2026-09-29,MT,returned,426.0,,,
2026-09-30,MT,returned,552.0,,,
2026-09-04,NC,inperson,0.0,0.0,0.0,0.0
2026-09-05,NC,inperson,0.0,0.0,0.0,0.0
2026-09-06,NC,inperson,0.0,0.0,0.0,0.0
2026-09-07,NC,inperson,0.0,0.0,0.0,0.0
2026-09-08,NC,inperson,0.0,0.0,0.0,0.0
2026-09-09,NC,inperson,0.0,0.0,0.0,0.0
2026-09-10,NC,inperson,0.0,0.0,0.0,0.0
2026-09-11,NC,inperson,0.0,0.0,0.0,0.0
2026-09-12,NC,inperson,0.0,0.0,0.0,0.0
2026-09-13,NC,inperson,0.0,0.0,0.0,0.0
2026-09-14,NC,inperson,0.0,0.0,0.0,0.0
2026-09-15,NC,inperson,0.0,0.0,0.0,0.0
2026-09-16,NC,inperson,0.0,0.0,0.0,0.0
2026-09-17,NC,inperson,0.0,0.0,0.0,0.0
2026-09-18,NC,inperson,0.0,0.0,0.0,0.0
2026-09-19,NC,inperson,0.0,0.0,0.0,0.0
2026-09-20,NC,inperson,0.0,0.0,0.0,0.0
2026-09-21,NC,inperson,0.0,0.0,0.0,0.0
2026-09-22,NC,inperson,0.0,0.0,0.0,0.0
2026-09-23,NC,inperson,0.0,0.0,0.0,0.0
2026-09-24,NC,inperson,0.0,0.0,0.0,0.0
2026-09-25,NC,inperson,0.0,0.0,0.0,0.0
2026-09-26,NC,inperson,0.0,0.0,0.0,0.0
2026-09-27,NC,inperson,0.0,0.0,0.0,0.0
2026-09-28,NC,inperson,0.0,0.0,0.0,0.0
2026-09-29,NC,inperson,0.0,0.0,0.0,0.0
2026-09-30,NC,inperson,0.0,0.0,0.0,0.0
2026-09-04,NC,requested,46678.0,19989.0,8638.0,18051.0
2026-09-05,NC,requested,49137.0,21077.0,9002.0,19058.0
2026-09-06,NC,requested,49152.0,21085.0,9003.0,19064.0
2026-09-07,NC,requested,49159.0,21091.0,9003.0,19065.0
2026-09-08,NC,requested,49288.0,21146.0,9022.0,19120.0
2026-09-09,NC,requested,54773.0,23251.0,9778.0,21744.0
2026-09-10,NC,requested,57147.0,24237.0,10128.0,22782.0
2026-09-11,NC,requested,59064.0,24997.0,10434.0,23633.0
2026-09-12,NC,requested,61206.0,25840.0,10787.0,24579.0
2026-09-13,NC,requested,61246.0,25860.0,10795.0,24591.0
2026-09-14,NC,requested,61344.0,25895.0,10812.0,24637.0
2026-09-15,NC,requested,64789.0,27297.0,11359.0,26133.0
2026-09-16,NC,requested,68032.0,28683.0,11782.0,27567.0
2026-09-17,NC,requested,71900.0,30256.0,12336.0,29308.0
2026-09-18,NC,requested,74545.0,31391.0,12742.0,30412.0
2026-09-19,NC,requested,77096.0,32479.0,13085.0,31532.0
2026-09-20,NC,requested,77141.0,32491.0,13090.0,31560.0
2026-09-21,NC,requested,77203.0,32514.0,13103.0,31586.0
2026-09-22,NC,requested,81389.0,34216.0,13779.0,33394.0
2026-09-23,NC,requested,83917.0,35290.0,14197.0,34430.0
2026-09-24,NC,requested,85699.0,36019.0,14507.0,35173.0
2026-09-25,NC,requested,87854.0,36873.0,14898.0,36083.0
2026-09-26,NC,requested,89468.0,37524.0,15187.0,36757.0
2026-09-27,NC,requested,89848.0,37683.0,15244.0,36921.0
2026-09-28,NC,requested,89894.0,37699.0,15252.0,36943.0
2026-09-29,NC,requested,93460.0,39125.0,15839.0,38496.0
2026-09-30,NC,requested,95987.0,40158.0,16248.0,39581.0
2026-09-04,NC,returned,0.0,0.0,0.0,0.0
2026-09-05,NC,returned,10.0,6.0,1.0,3.0
2026-09-06,NC,returned,10.0,6.0,1.0,3.0
2026-09-07,NC,returned,10.0,6.0,1.0,3.0
2026-09-08,NC,returned,10.0,6.0,1.0,3.0
2026-09-09,NC,returned,294.0,165.0,19.0,110.0
2026-09-10,NC,returned,832.0,436.0,47.0,349.0
2026-09-11,NC,returned,1241.0,656.0,82.0,503.0
2026-09-12,NC,returned,1622.0,851.0,119.0,652.0
2026-09-13,NC,returned,1627.0,855.0,119.0,653.0
2026-09-14,NC,returned,1627.0,855.0,119.0,653.0
2026-09-15,NC,returned,2480.0,1278.0,243.0,959.0
2026-09-16,NC,returned,3212.0,1636.0,330.0,1246.0
2026-09-17,NC,returned,3998.0,2003.0,457.0,1538.0
2026-09-18,NC,returned,4670.0,2328.0,558.0,1784.0
2026-09-19,NC,returned,5488.0,2729.0,710.0,2049.0
2026-09-20,NC,returned,5540.0,2753.0,722.0,2065.0
2026-09-21,NC,returned,5541.0,2754.0,722.0,2065.0
2026-09-22,NC,returned,7347.0,3590.0,1000.0,2757.0
2026-09-23,NC,returned,8169.0,3971.0,1120.0,3078.0
2026-09-24,NC,returned,9286.0,4437.0,1342.0,3507.0
2026-09-25,NC,returned,10330.0,4880.0,1545.0,3905.0
2026-09-26,NC,returned,11561.0,5440.0,1741.0,4380.0
2026-09-27,NC,returned,11625.0,5468.0,1760.0,4397.0
2026-09-28,NC,returned,11632.0,5471.0,1762.0,4399.0
2026-09-29,NC,returned,13495.0,6273.0,2084.0,5138.0
2026-09-30,NC,returned,14672.0,6761.0,2315.0,5596.0
2026-09-07,ND,inperson,0.0,,,
2026-09-08,ND,inperson,0.0,,,
2026-09-09,ND,inperson,0.0,,,
2026-09-10,ND,inperson,0.0,,,
2026-09-11,ND,inperson,0.0,,,
2026-09-12,ND,inperson,0.0,,,
2026-09-13,ND,inperson,0.0,,,
2026-09-14,ND,inperson,0.0,,,
2026-09-15,ND,inperson,0.0,,,
2026-09-16,ND,inperson,0.0,,,
2026-09-17,ND,inperson,0.0,,,
2026-09-18,ND,inperson,0.0,,,
2026-09-19,ND,inperson,0.0,,,
2026-09-20,ND,inperson,0.0,,,
2026-09-21,ND,inperson,0.0,,,
2026-09-22,ND,inperson,0.0,,,
2026-09-23,ND,inperson,0.0,,,
2026-09-24,ND,inperson,0.0,,,
2026-09-25,ND,inperson,0.0,,,
2026-09-26,ND,inperson,0.0,,,
2026-09-27,ND,inperson,0.0,,,
2026-09-28,ND,inperson,0.0,,,
2026-09-29,ND,inperson,0.0,,,
2026-09-30,ND,inperson,0.0,,,
2026-09-07,ND,requested,63.0,,,
2026-09-08,ND,requested,68.0,,,
2026-09-09,ND,requested,1790.0,,,
2026-09-10,ND,requested,2192.0,,,
2026-09-11,ND,requested,2198.0,,,
2026-09-12,ND,requested,2198.0,,,
2026-09-13,ND,requested,2198.0,,,
2026-09-14,ND,requested,2202.0,,,
2026-09-15,ND,requested,2202.0,,,
2026-09-16,ND,requested,2220.0,,,
2026-09-17,ND,requested,7926.0,,,
2026-09-18,ND,requested,10132.0,,,
2026-09-19,ND,requested,11573.0,,,
2026-09-20,ND,requested,11573.0,,,
2026-09-21,ND,requested,19767.0,,,
2026-09-22,ND,requested,22456.0,,,
2026-09-23,ND,requested,30826.0,,,
2026-09-24,ND,requested,36738.0,,,
2026-09-25,ND,requested,37600.0,,,
2026-09-26,ND,requested,37603.0,,,
2026-09-27,ND,requested,37603.0,,,
2026-09-28,ND,requested,40468.0,,,
2026-09-29,ND,requested,41061.0,,,
2026-09-30,ND,requested,41061.0,,,
2026-09-07,ND,returned,0.0,,,
2026-09-08,ND,returned,0.0,,,
2026-09-09,ND,returned,0.0,,,
2026-09-10,ND,returned,0.0,,,
2026-09-11,ND,returned,0.0,,,
2026-09-12,ND,returned,0.0,,,
2026-09-13,ND,returned,0.0,,,
2026-09-14,ND,returned,0.0,,,
2026-09-15,ND,returned,0.0,,,
2026-09-16,ND,returned,0.0,,,
2026-09-17,ND,returned,0.0,,,
2026-09-18,ND,returned,27.0,,,
2026-09-19,ND,returned,38.0,,,
2026-09-20,ND,returned,51.0,,,
2026-09-21,ND,returned,59.0,,,
2026-09-22,ND,returned,62.0,,,
2026-09-23,ND,returned,71.0,,,
2026-09-24,ND,returned,128.0,,,
2026-09-25,ND,returned,201.0,,,
2026-09-26,ND,returned,208.0,,,
2026-09-27,ND,returned,214.0,,,
2026-09-28,ND,returned,654.0,,,
2026-09-29,ND,returned,1199.0,,,
2026-09-30,ND,returned,1201.0,,,
2026-09-29,NE,requested,129548.0,58195.0,48257.0,23096.0
2026-09-29,NE,returned,41.0,12.0,20.0,9.0
2026-09-18,NJ,inperson,0.0,0.0,0.0,0.0
2026-09-21,NJ,inperson,0.0,0.0,0.0,0.0
2026-09-22,NJ,inperson,0.0,0.0,0.0,0.0
2026-09-23,NJ,inperson,0.0,0.0,0.0,0.0
2026-09-24,NJ,inperson,0.0,0.0,0.0,0.0
2026-09-25,NJ,inperson,0.0,0.0,0.0,0.0
2026-09-28,NJ,inperson,0.0,0.0,0.0,0.0
2026-09-29,NJ,inperson,0.0,0.0,0.0,0.0
2026-09-18,NJ,requested,875029.0,509613.0,167866.0,197550.0
2026-09-21,NJ,requested,875767.0,509940.0,167955.0,197872.0
2026-09-22,NJ,requested,876980.0,510550.0,168114.0,198316.0
2026-09-23,NJ,requested,877942.0,511039.0,168242.0,198661.0
2026-09-24,NJ,requested,878801.0,511472.0,168377.0,198952.0
2026-09-25,NJ,requested,879554.0,511821.0,168490.0,199243.0
2026-09-28,NJ,requested,880654.0,512362.0,168677.0,199615.0
2026-09-29,NJ,requested,883120.0,513542.0,169085.0,200493.0
2026-09-18,NJ,returned,9840.0,7354.0,1468.0,1018.0
2026-09-21,NJ,returned,14226.0,10646.0,2104.0,1476.0
2026-09-22,NJ,returned,28413.0,20685.0,4586.0,3142.0
2026-09-23,NJ,returned,38085.0,27547.0,6286.0,4252.0
2026-09-24,NJ,returned,46692.0,33430.0,7953.0,5309.0
2026-09-25,NJ,returned,55021.0,39213.0,9484.0,6324.0
2026-09-28,NJ,returned,72156.0,50662.0,12873.0,8621.0
2026-09-29,NJ,returned,99389.0,68501.0,18521.0,12367.0
2026-09-29,NV,requested,2078557.0,573688.0,569843.0,935026.0
2026-09-29,NV,returned,507.0,268.0,88.0,151.0
2026-09-23,OH,inperson,0.0,,,
2026-09-24,OH,inperson,0.0,,,
2026-09-25,OH,inperson,0.0,,,
2026-09-26,OH,inperson,0.0,,,
2026-09-27,OH,inperson,0.0,,,
2026-09-28,OH,inperson,1.0,,,
2026-09-29,OH,inperson,3.0,,,
2026-09-30,OH,inperson,3.0,,,
2026-09-23,OH,requested,472027.0,,,
2026-09-24,OH,requested,492778.0,,,
2026-09-25,OH,requested,512724.0,,,
2026-09-26,OH,requested,512724.0,,,
2026-09-27,OH,requested,512724.0,,,
2026-09-28,OH,requested,529602.0,,,
2026-09-29,OH,requested,552932.0,,,
2026-09-30,OH,requested,552932.0,,,
2026-09-23,OH,returned,40.0,,,
2026-09-24,OH,returned,58.0,,,
2026-09-25,OH,returned,76.0,,,
2026-09-26,OH,returned,76.0,,,
2026-09-27,OH,returned,76.0,,,
2026-09-28,OH,returned,108.0,,,
2026-09-29,OH,returned,213.0,,,
2026-09-30,OH,returned,213.0,,,
2026-09-16,OK,requested,28812.0,11450.0,13936.0,3426.0
2026-09-17,OK,requested,30098.0,11870.0,14565.0,3663.0
2026-09-18,OK,requested,30098.0,11870.0,14565.0,3663.0
2026-09-19,OK,requested,41012.0,16652.0,18952.0,5408.0
2026-09-20,OK,requested,41013.0,16652.0,18952.0,5409.0
2026-09-21,OK,requested,41014.0,16652.0,18953.0,5409.0
2026-09-22,OK,requested,41406.0,16828.0,19109.0,5469.0
2026-09-23,OK,requested,41685.0,16990.0,19183.0,5512.0
2026-09-24,OK,requested,43187.0,17685.0,19692.0,5810.0
2026-09-25,OK,requested,43842.0,17964.0,19950.0,5928.0
2026-09-26,OK,requested,43843.0,17965.0,19950.0,5928.0
2026-09-27,OK,requested,43843.0,17965.0,19950.0,5928.0
2026-09-28,OK,requested,44441.0,18260.0,20140.0,6041.0
2026-09-29,OK,requested,44792.0,18399.0,20290.0,6103.0
2026-09-30,OK,requested,44792.0,18399.0,20290.0,6103.0
2026-09-16,OK,returned,63.0,28.0,26.0,9.0
2026-09-17,OK,returned,330.0,142.0,151.0,37.0
2026-09-18,OK,returned,330.0,142.0,151.0,37.0
2026-09-19,OK,returned,502.0,231.0,220.0,51.0
2026-09-20,OK,returned,502.0,231.0,220.0,51.0
2026-09-21,OK,returned,502.0,231.0,220.0,51.0
2026-09-22,OK,returned,981.0,460.0,422.0,99.0
2026-09-23,OK,returned,1111.0,534.0,462.0,115.0
2026-09-24,OK,returned,1860.0,925.0,739.0,196.0
2026-09-25,OK,returned,2311.0,1135.0,936.0,240.0
2026-09-26,OK,returned,2318.0,1139.0,938.0,241.0
2026-09-27,OK,returned,2318.0,1139.0,938.0,241.0
2026-09-28,OK,returned,3236.0,1582.0,1315.0,339.0
2026-09-29,OK,returned,3496.0,1717.0,1404.0,375.0
2026-09-30,OK,returned,3496.0,1717.0,1404.0,375.0
2026-09-11,PA,requested,952634.0,633829.0,231405.0,87400.0
2026-09-12,PA,requested,952634.0,633829.0,231405.0,87400.0
2026-09-13,PA,requested,952634.0,633829.0,231405.0,87400.0
2026-09-14,PA,requested,956357.0,636134.0,232073.0,88150.0
2026-09-15,PA,requested,960160.0,638343.0,233035.0,88782.0
2026-09-16,PA,requested,964863.0,641189.0,234115.0,89559.0
2026-09-17,PA,requested,969555.0,644169.0,234986.0,90400.0
2026-09-18,PA,requested,974639.0,647367.0,236044.0,91228.0
2026-09-19,PA,requested,974639.0,647367.0,236044.0,91228.0
2026-09-20,PA,requested,974639.0,647367.0,236044.0,91228.0
2026-09-21,PA,requested,980301.0,651111.0,237016.0,92174.0
2026-09-22,PA,requested,986969.0,655387.0,238310.0,93272.0
2026-09-23,PA,requested,993445.0,659586.0,239550.0,94309.0
2026-09-24,PA,requested,999801.0,663897.0,240658.0,95246.0
2026-09-25,PA,requested,1006738.0,668426.0,241933.0,96379.0
2026-09-26,PA,requested,1006738.0,668426.0,241933.0,96379.0
2026-09-27,PA,requested,1006738.0,668426.0,241933.0,96379.0
2026-09-28,PA,requested,1013148.0,672782.0,242941.0,97425.0
2026-09-29,PA,requested,1021316.0,678029.0,244537.0,98750.0
2026-09-30,PA,requested,1021316.0,678029.0,244537.0,98750.0
2026-09-11,PA,returned,29.0,17.0,10.0,2.0
2026-09-12,PA,returned,29.0,17.0,10.0,2.0
2026-09-13,PA,returned,29.0,17.0,10.0,2.0
2026-09-14,PA,returned,63.0,38.0,19.0,6.0
2026-09-15,PA,returned,327.0,196.0,105.0,26.0
2026-09-16,PA,returned,688.0,425.0,210.0,53.0
2026-09-17,PA,returned,1191.0,710.0,394.0,87.0
2026-09-18,PA,returned,1654.0,952.0,573.0,129.0
2026-09-19,PA,returned,1654.0,952.0,573.0,129.0
2026-09-20,PA,returned,1654.0,952.0,573.0,129.0
2026-09-21,PA,returned,2519.0,1651.0,682.0,186.0
2026-09-22,PA,returned,3386.0,2246.0,898.0,242.0
2026-09-23,PA,returned,7503.0,5694.0,1264.0,545.0
2026-09-24,PA,returned,13806.0,10980.0,1792.0,1034.0
2026-09-25,PA,returned,20753.0,16740.0,2450.0,1563.0
2026-09-26,PA,returned,20753.0,16740.0,2450.0,1563.0
2026-09-27,PA,returned,20753.0,16740.0,2450.0,1563.0
2026-09-28,PA,returned,30296.0,24844.0,3224.0,2228.0
2026-09-29,PA,returned,44480.0,35633.0,5548.0,3299.0
2026-09-30,PA,returned,44480.0,35633.0,5548.0,3299.0
2026-09-25,SD,requested,12625.0,3711.0,6621.0,2293.0
2026-09-25,SD,returned,5134.0,1764.0,2525.0,845.0
2026-09-10,VA,inperson,7.0,,,
2026-09-11,VA,inperson,7.0,,,
2026-09-12,VA,inperson,7.0,,,
2026-09-13,VA,inperson,7.0,,,
2026-09-14,VA,inperson,7.0,,,
2026-09-15,VA,inperson,7.0,,,
2026-09-16,VA,inperson,7.0,,,
2026-09-17,VA,inperson,7.0,,,
2026-09-18,VA,inperson,3.0,,,
2026-09-19,VA,inperson,27865.0,,,
2026-09-20,VA,inperson,30276.0,,,
2026-09-21,VA,inperson,31196.0,,,
2026-09-22,VA,inperson,32041.0,,,
2026-09-23,VA,inperson,72167.0,,,
2026-09-24,VA,inperson,89044.0,,,
2026-09-25,VA,inperson,105268.0,,,
2026-09-26,VA,inperson,125181.0,,,
2026-09-27,VA,inperson,125407.0,,,
2026-09-28,VA,inperson,126003.0,,,
2026-09-29,VA,inperson,144835.0,,,
2026-09-30,VA,inperson,164657.0,,,
2026-09-10,VA,requested,110951.0,,,
2026-09-11,VA,requested,204377.0,,,
2026-09-12,VA,requested,233838.0,,,
2026-09-13,VA,requested,235360.0,,,
2026-09-14,VA,requested,235485.0,,,
2026-09-15,VA,requested,332485.0,,,
2026-09-16,VA,requested,344606.0,,,
2026-09-17,VA,requested,377577.0,,,
2026-09-18,VA,requested,409105.0,,,
2026-09-19,VA,requested,417302.0,,,
2026-09-20,VA,requested,417473.0,,,
2026-09-21,VA,requested,417639.0,,,
2026-09-22,VA,requested,417757.0,,,
2026-09-23,VA,requested,422838.0,,,
2026-09-24,VA,requested,422729.0,,,
2026-09-25,VA,requested,422883.0,,,
2026-09-26,VA,requested,422641.0,,,
2026-09-27,VA,requested,422655.0,,,
2026-09-28,VA,requested,422894.0,,,
2026-09-29,VA,requested,424448.0,,,
2026-09-30,VA,requested,424575.0,,,
2026-09-10,VA,returned,11.0,,,
2026-09-11,VA,returned,11.0,,,
2026-09-12,VA,returned,13.0,,,
2026-09-13,VA,returned,13.0,,,
2026-09-14,VA,returned,13.0,,,
2026-09-15,VA,returned,29.0,,,
2026-09-16,VA,returned,94.0,,,
2026-09-17,VA,returned,312.0,,,
2026-09-18,VA,returned,578.0,,,
2026-09-19,VA,returned,4082.0,,,
2026-09-20,VA,returned,4086.0,,,
2026-09-21,VA,returned,4590.0,,,
2026-09-22,VA,returned,4590.0,,,
2026-09-23,VA,returned,25406.0,,,
2026-09-24,VA,returned,32367.0,,,
2026-09-25,VA,returned,44366.0,,,
2026-09-26,VA,returned,58311.0,,,
2026-09-27,VA,returned,58365.0,,,
2026-09-28,VA,returned,60138.0,,,
2026-09-29,VA,returned,78009.0,,,
2026-09-30,VA,returned,91253.0,,,
2026-09-21,VT,inperson,0.0,,,
2026-09-28,VT,inperson,0.0,,,
2026-09-21,VT,requested,457289.0,,,
2026-09-28,VT,requested,457404.0,,,
2026-09-21,VT,returned,15.0,,,
2026-09-28,VT,returned,129.0,,,
2026-09-18,WI,inperson,0.0,,,
2026-09-21,WI,inperson,0.0,,,
2026-09-22,WI,inperson,0.0,,,
2026-09-23,WI,inperson,0.0,,,
2026-09-24,WI,inperson,0.0,,,
2026-09-25,WI,inperson,0.0,,,
2026-09-28,WI,inperson,0.0,,,
2026-09-29,WI,inperson,0.0,,,
2026-09-18,WI,requested,299849.0,,,
2026-09-21,WI,requested,304051.0,,,
2026-09-22,WI,requested,307359.0,,,
2026-09-23,WI,requested,309700.0,,,
2026-09-24,WI,requested,311600.0,,,
2026-09-25,WI,requested,313697.0,,,
2026-09-28,WI,requested,316424.0,,,
2026-09-29,WI,requested,319113.0,,,
2026-09-18,WI,returned,4309.0,,,
2026-09-21,WI,returned,5666.0,,,
2026-09-22,WI,returned,9654.0,,,
2026-09-23,WI,returned,13449.0,,,
2026-09-24,WI,returned,21149.0,,,
2026-09-25,WI,returned,29902.0,,,
2026-09-28,WI,returned,36552.0,,,
2026-09-29,WI,returned,51538.0,,,
2026-09-24,WY,requested,493.0,159.0,239.0,95.0
2026-09-25,WY,requested,496.0,161.0,239.0,96.0
2026-09-28,WY,requested,501.0,162.0,240.0,99.0
2026-09-29,WY,requested,505.0,162.0,243.0,100.0
2026-09-24,WY,returned,2.0,0.0,2.0,0.0
2026-09-25,WY,returned,3.0,0.0,3.0,0.0
2026-09-28,WY,returned,3.0,0.0,3.0,0.0
2026-09-29,WY,returned,6.0,2.0,3.0,1.0
