date,race_id,p_dem,market_id,market,url
2026-09-29,control-house,0.8861,8157,Which party will win the House in the 2026 election?,https://www.predictit.org/markets/detail/8157/Which-party-will-win-the-House-in-the-2026-election
2026-09-29,control-senate,0.6029,8155,Which party will control the Senate after the 2026 election?,https://www.predictit.org/markets/detail/8155/Which-party-will-control-the-Senate-after-the-2026-election
2026-09-29,governor-ak,0.715,8245,Who will win the 2026 election for governor of Alaska?,https://www.predictit.org/markets/detail/8245/Who-will-win-the-2026-election-for-governor-of-Alaska
2026-09-29,governor-al,0.1034,8448,Which party will win the 2026 election for governor of Alabama?,https://www.predictit.org/markets/detail/8448/Which-party-will-win-the-2026-election-for-governor-of-Alabama
2026-09-29,governor-az,0.896,8211,Which party will win the 2026 election for governor of Arizona?,https://www.predictit.org/markets/detail/8211/Which-party-will-win-the-2026-election-for-governor-of-Arizona
2026-09-29,governor-ca,0.9061,8166,Who will win the 2026 election for governor of California?,https://www.predictit.org/markets/detail/8166/Who-will-win-the-2026-election-for-governor-of-California
2026-09-29,governor-co,0.9646,8460,Which party will win the 2026 election for governor of Colorado?,https://www.predictit.org/markets/detail/8460/Which-party-will-win-the-2026-election-for-governor-of-Colorado
2026-09-29,governor-ct,0.9646,8401,Which party will win the 2026 election for governor of Connecticut?,https://www.predictit.org/markets/detail/8401/Which-party-will-win-the-2026-election-for-governor-of-Connecticut
2026-09-29,governor-fl,0.195,8413,Which party will win the 2026 election for governor of Florida?,https://www.predictit.org/markets/detail/8413/Which-party-will-win-the-2026-election-for-governor-of-Florida
2026-09-29,governor-ga,0.495,8416,Which party will win the 2026 election for governor of Georgia?,https://www.predictit.org/markets/detail/8416/Which-party-will-win-the-2026-election-for-governor-of-Georgia
2026-09-29,governor-ia,0.8019,8378,Which party will win the 2026 election for governor of Iowa?,https://www.predictit.org/markets/detail/8378/Which-party-will-win-the-2026-election-for-governor-of-Iowa
2026-09-29,governor-ks,0.265,8214,Which party will win the 2026 election for governor of Kansas?,https://www.predictit.org/markets/detail/8214/Which-party-will-win-the-2026-election-for-governor-of-Kansas
2026-09-29,governor-ma,0.965,8403,Which party will win the 2026 election for governor of Massachusetts?,https://www.predictit.org/markets/detail/8403/Which-party-will-win-the-2026-election-for-governor-of-Massachusetts
2026-09-29,governor-md,0.9692,8410,Which party will win the 2026 election for governor of Maryland?,https://www.predictit.org/markets/detail/8410/Which-party-will-win-the-2026-election-for-governor-of-Maryland
2026-09-29,governor-mi,0.9024,8212,Which party will win the 2026 election for governor of Michigan?,https://www.predictit.org/markets/detail/8212/Which-party-will-win-the-2026-election-for-governor-of-Michigan
2026-09-29,governor-mn,0.925,8297,Which party will win the 2026 election for governor of Minnesota?,https://www.predictit.org/markets/detail/8297/Which-party-will-win-the-2026-election-for-governor-of-Minnesota
2026-09-29,governor-nm,0.9126,8474,Which party will win the 2026 election for governor of New Mexico?,https://www.predictit.org/markets/detail/8474/Which-party-will-win-the-2026-election-for-governor-of-New-Mexico
2026-09-29,governor-nv,0.4694,8419,Which party will win the 2026 election for governor of Nevada?,https://www.predictit.org/markets/detail/8419/Which-party-will-win-the-2026-election-for-governor-of-Nevada
2026-09-29,governor-ny,0.9648,8215,Which party will win the 2026 election for governor of New York?,https://www.predictit.org/markets/detail/8215/Which-party-will-win-the-2026-election-for-governor-of-New-York
2026-09-29,governor-oh,0.6108,8441,Which party will win the 2026 election for governor of Ohio?,https://www.predictit.org/markets/detail/8441/Which-party-will-win-the-2026-election-for-governor-of-Ohio
2026-09-29,governor-pa,0.96,8412,Which party will win the 2026 election for governor of Pennsylvania?,https://www.predictit.org/markets/detail/8412/Which-party-will-win-the-2026-election-for-governor-of-Pennsylvania
2026-09-29,governor-ri,0.9797,8404,Which party will win the 2026 election for governor of Rhode Island?,https://www.predictit.org/markets/detail/8404/Which-party-will-win-the-2026-election-for-governor-of-Rhode-Island
2026-09-29,governor-tx,0.2611,8418,Which party will win the 2026 election for governor of Texas?,https://www.predictit.org/markets/detail/8418/Which-party-will-win-the-2026-election-for-governor-of-Texas
2026-09-29,governor-vt,0.216,8402,Which party will win the 2026 election for governor of Vermont?,https://www.predictit.org/markets/detail/8402/Which-party-will-win-the-2026-election-for-governor-of-Vermont
2026-09-29,governor-wi,0.806,8213,Which party will win the 2026 election for governor of Wisconsin?,https://www.predictit.org/markets/detail/8213/Which-party-will-win-the-2026-election-for-governor-of-Wisconsin
2026-09-29,house-az-1,0.845,8189,Which party will win the 2026 US House election in Arizona's 1st District?,https://www.predictit.org/markets/detail/8189/Which-party-will-win-the-2026-US-House-election-in-Arizona's-1st-District
2026-09-29,house-az-6,0.8137,8190,Which party will win the 2026 US House election in Arizona's 6th District?,https://www.predictit.org/markets/detail/8190/Which-party-will-win-the-2026-US-House-election-in-Arizona's-6th-District
2026-09-29,house-co-8,0.79,8191,Which party will win the 2026 US House election in Colorado's 8th District?,https://www.predictit.org/markets/detail/8191/Which-party-will-win-the-2026-US-House-election-in-Colorado's-8th-District
2026-09-29,house-ia-1,0.845,8192,Which party will win the 2026 US House election in Iowa's 1st District?,https://www.predictit.org/markets/detail/8192/Which-party-will-win-the-2026-US-House-election-in-Iowa's-1st-District
2026-09-29,house-me-2,0.415,8177,Which party will win the 2026 US House election in Maine's 2nd District?,https://www.predictit.org/markets/detail/8177/Which-party-will-win-the-2026-US-House-election-in-Maine's-2nd-District
2026-09-29,house-nc-1,0.6099,8184,Which party will win the 2026 US House race in North Carolina's 1st District?,https://www.predictit.org/markets/detail/8184/Which-party-will-win-the-2026-US-House-race-in-North-Carolina's-1st-District
2026-09-29,house-ne-2,0.9184,8183,Which party will win the 2026 US House election in Nebraska's 2nd District?,https://www.predictit.org/markets/detail/8183/Which-party-will-win-the-2026-US-House-election-in-Nebraska's-2nd-District
2026-09-29,house-nm-2,0.9246,8185,Which party will win the 2026 US House election in New Mexico's 2nd District?,https://www.predictit.org/markets/detail/8185/Which-party-will-win-the-2026-US-House-election-in-New-Mexico's-2nd-District
2026-09-29,house-ny-17,0.655,8187,Which party will win the 2026 US House election in New York's 17th District?,https://www.predictit.org/markets/detail/8187/Which-party-will-win-the-2026-US-House-election-in-New-York's-17th-District
2026-09-29,house-ny-4,0.9146,8186,Which party will win the 2026 US House election in New York's 4th District?,https://www.predictit.org/markets/detail/8186/Which-party-will-win-the-2026-US-House-election-in-New-York's-4th-District
2026-09-29,house-pa-10,0.87,8195,Which party will win the 2026 US House election in Pennsylvania's 10th District?,https://www.predictit.org/markets/detail/8195/Which-party-will-win-the-2026-US-House-election-in-Pennsylvania's-10th-District
2026-09-29,house-pa-7,0.815,8194,Which party will win the 2026 US House election in Pennsylvania's 7th District?,https://www.predictit.org/markets/detail/8194/Which-party-will-win-the-2026-US-House-election-in-Pennsylvania's-7th-District
2026-09-29,house-wa-3,0.88,8188,Which party will win the 2026 US House election in Washington's 3rd District?,https://www.predictit.org/markets/detail/8188/Which-party-will-win-the-2026-US-House-election-in-Washington's-3rd-District
2026-09-29,senate-ak,0.7059,8271,Which party will win the 2026 US Senate election in Alaska?,https://www.predictit.org/markets/detail/8271/Which-party-will-win-the-2026-US-Senate-election-in-Alaska
2026-09-29,senate-al,0.0151,8384,Which party will win the 2026 US Senate election in Alabama?,https://www.predictit.org/markets/detail/8384/Which-party-will-win-the-2026-US-Senate-election-in-Alabama
2026-09-29,senate-ar,0.0704,8390,Which party will win the 2026 US Senate election in Arkansas?,https://www.predictit.org/markets/detail/8390/Which-party-will-win-the-2026-US-Senate-election-in-Arkansas
2026-09-29,senate-co,0.9458,8398,Which party will win the 2026 US Senate election in Colorado?,https://www.predictit.org/markets/detail/8398/Which-party-will-win-the-2026-US-Senate-election-in-Colorado
2026-09-29,senate-de,0.9751,8407,Which party will win the 2026 US Senate election in Delaware?,https://www.predictit.org/markets/detail/8407/Which-party-will-win-the-2026-US-Senate-election-in-Delaware
2026-09-29,senate-fl-special,0.1337,8228,Which party will win the 2026 US Senate election in Florida?,https://www.predictit.org/markets/detail/8228/Which-party-will-win-the-2026-US-Senate-election-in-Florida
2026-09-29,senate-ga,0.9353,8156,Which party will win the 2026 US Senate election in Georgia?,https://www.predictit.org/markets/detail/8156/Which-party-will-win-the-2026-US-Senate-election-in-Georgia
2026-09-29,senate-ia,0.4928,8274,Which party will win the 2026 US Senate election in Iowa?,https://www.predictit.org/markets/detail/8274/Which-party-will-win-the-2026-US-Senate-election-in-Iowa
2026-09-29,senate-id,0.0459,8400,Which party will win the 2026 US Senate election in Idaho?,https://www.predictit.org/markets/detail/8400/Which-party-will-win-the-2026-US-Senate-election-in-Idaho
2026-09-29,senate-il,0.985,8392,Which party will win the 2026 US Senate election in Illinois?,https://www.predictit.org/markets/detail/8392/Which-party-will-win-the-2026-US-Senate-election-in-Illinois
2026-09-29,senate-ks,0.3433,8396,Which party will win the 2026 US Senate election in Kansas?,https://www.predictit.org/markets/detail/8396/Which-party-will-win-the-2026-US-Senate-election-in-Kansas
2026-09-29,senate-ky,0.0644,8386,Which party will win the 2026 US Senate election in Kentucky?,https://www.predictit.org/markets/detail/8386/Which-party-will-win-the-2026-US-Senate-election-in-Kentucky
2026-09-29,senate-la,0.075,8389,Which party will win the 2026 US Senate election in Louisiana?,https://www.predictit.org/markets/detail/8389/Which-party-will-win-the-2026-US-Senate-election-in-Louisiana
2026-09-29,senate-ma,0.985,8381,Which party will win the 2026 US Senate election in Massachusetts?,https://www.predictit.org/markets/detail/8381/Which-party-will-win-the-2026-US-Senate-election-in-Massachusetts
2026-09-29,senate-me,0.599,8159,Which party will win the 2026 US Senate election in Maine?,https://www.predictit.org/markets/detail/8159/Which-party-will-win-the-2026-US-Senate-election-in-Maine
2026-09-29,senate-mi,0.7122,8158,Which party will win the 2026 US Senate election in Michigan?,https://www.predictit.org/markets/detail/8158/Which-party-will-win-the-2026-US-Senate-election-in-Michigan
2026-09-29,senate-mn,0.8905,8162,Which party will win the 2026 US Senate election in Minnesota?,https://www.predictit.org/markets/detail/8162/Which-party-will-win-the-2026-US-Senate-election-in-Minnesota
2026-09-29,senate-ms,0.1084,8388,Which party will win the 2026 US Senate election in Mississippi?,https://www.predictit.org/markets/detail/8388/Which-party-will-win-the-2026-US-Senate-election-in-Mississippi
2026-09-29,senate-mt,0.005,8377,Which party will win the 2026 US Senate election in Montana?,https://www.predictit.org/markets/detail/8377/Which-party-will-win-the-2026-US-Senate-election-in-Montana
2026-09-29,senate-nc,0.9261,8160,Which party will win the 2026 US Senate election in North Carolina?,https://www.predictit.org/markets/detail/8160/Which-party-will-win-the-2026-US-Senate-election-in-North-Carolina
2026-09-29,senate-ne,0.2676,8172,Which party will win the 2026 US Senate election in Nebraska?,https://www.predictit.org/markets/detail/8172/Which-party-will-win-the-2026-US-Senate-election-in-Nebraska
2026-09-29,senate-nh,0.8488,8161,Which party will win the 2026 US Senate election in New Hampshire?,https://www.predictit.org/markets/detail/8161/Which-party-will-win-the-2026-US-Senate-election-in-New-Hampshire
2026-09-29,senate-nj,0.985,8383,Which party will win the 2026 US Senate election in New Jersey?,https://www.predictit.org/markets/detail/8383/Which-party-will-win-the-2026-US-Senate-election-in-New-Jersey
2026-09-29,senate-nm,0.9745,8397,Which party will win the 2026 US Senate election in New Mexico?,https://www.predictit.org/markets/detail/8397/Which-party-will-win-the-2026-US-Senate-election-in-New-Mexico
2026-09-29,senate-oh-special,0.6305,8175,Which party will win the 2026 US Senate special election in Ohio?,https://www.predictit.org/markets/detail/8175/Which-party-will-win-the-2026-US-Senate-special-election-in-Ohio
2026-09-29,senate-ok,0.015,8391,Which party will win the 2026 US Senate election in Oklahoma?,https://www.predictit.org/markets/detail/8391/Which-party-will-win-the-2026-US-Senate-election-in-Oklahoma
2026-09-29,senate-or,0.95,8395,Which party will win the 2026 US Senate election in Oregon?,https://www.predictit.org/markets/detail/8395/Which-party-will-win-the-2026-US-Senate-election-in-Oregon
2026-09-29,senate-ri,0.9799,8382,Which party will win the 2026 US Senate election in Rhode Island?,https://www.predictit.org/markets/detail/8382/Which-party-will-win-the-2026-US-Senate-election-in-Rhode-Island
2026-09-29,senate-sc,0.165,8375,Which party will win the 2026 US Senate election in South Carolina?,https://www.predictit.org/markets/detail/8375/Which-party-will-win-the-2026-US-Senate-election-in-South-Carolina
2026-09-29,senate-sd,0.0833,8376,Which party will win the 2026 US Senate election in South Dakota?,https://www.predictit.org/markets/detail/8376/Which-party-will-win-the-2026-US-Senate-election-in-South-Dakota
2026-09-29,senate-tn,0.025,8385,Which party will win the 2026 US Senate election in Tennessee?,https://www.predictit.org/markets/detail/8385/Which-party-will-win-the-2026-US-Senate-election-in-Tennessee
2026-09-29,senate-tx,0.5792,8173,Which party will win the 2026 US Senate election in Texas?,https://www.predictit.org/markets/detail/8173/Which-party-will-win-the-2026-US-Senate-election-in-Texas
2026-09-29,senate-va,0.9848,8174,Which party will win the 2026 US Senate election in Virginia?,https://www.predictit.org/markets/detail/8174/Which-party-will-win-the-2026-US-Senate-election-in-Virginia
2026-09-29,senate-wv,0.0248,8387,Which party will win the 2026 US Senate election in West Virginia?,https://www.predictit.org/markets/detail/8387/Which-party-will-win-the-2026-US-Senate-election-in-West-Virginia
2026-09-29,senate-wy,0.015,8399,Which party will win the 2026 US Senate election in Wyoming?,https://www.predictit.org/markets/detail/8399/Which-party-will-win-the-2026-US-Senate-election-in-Wyoming
