days_out,left_out,office,races,median_n_eff,floor,spread
42,none,HOUSE,362,0.8855890184789372,5.523623147573475,4.365527562017336
42,none,SEN,101,6.038880665230113,7.140478525386678,4.365527562017336
42,none,GOV,81,3.997135229707919,7.228368114968085,4.365527562017336
42,2018,HOUSE,242,0.8371541914452971,6.780381563559813,0.13258393875634775
42,2018,SEN,72,6.385468621370471,8.585100500936266,0.13258393875634775
42,2018,GOV,49,4.16860870995323,8.347535756261479,0.13258393875634775
42,2020,HOUSE,277,0.908248290463863,4.028915700658231,5.849543220507819
42,2020,SEN,80,5.905777955266774,6.631852337347204,5.849543220507819
42,2020,GOV,71,4.16860870995323,6.610982636040222,5.849543220507819
42,2022,HOUSE,276,0.9146930340832224,7.437272940981604,0.11974005864491194
42,2022,SEN,79,6.051175168269554,6.559809973592366,0.11974005864491194
42,2022,GOV,53,3.4098484224012635,8.641642992456248,0.11974005864491194
42,2024,HOUSE,291,0.8774415141284972,5.596543378339894,4.793235054612208
42,2024,SEN,72,5.658934166688764,7.646368053947827,4.793235054612208
42,2024,GOV,70,4.521991902132472,6.741982641366316,4.793235054612208
