form,kA,kB,rmse_poll,rmse_race_avg,race_avg_2014,race_avg_2016,race_avg_2018,race_avg_2020,race_avg_2022
none,20,5,7.837781727490504,6.832800553549961,6.4990379088178525,7.477282530780863,6.755965547201718,4.952920698062498,7.238014401713678
A,5,5,7.676069662418821,6.6301912417795865,6.302614954996596,7.094416017721907,6.424212139145002,4.967891298444169,7.082561290416719
A,10,5,7.693367413166014,6.657963115206798,6.361926751538601,7.162640518279362,6.458648719114657,4.926260302588045,7.0913601846323635
A,20,5,7.72067388572163,6.693746800260472,6.403686927706637,7.2361961110226565,6.50174323304917,4.900371626112248,7.119140721756898
A,40,5,7.749992991552059,6.730260050059603,6.431171707906971,7.302249121205601,6.552282219285407,4.890534248695032,7.1511689445224205
A,80,5,7.776477103758706,6.762577520026638,6.450947354583381,7.355687981893549,6.604973660944886,4.895442165933038,7.178787862377322
B,20,1,7.527545444598971,6.813387686095106,6.697114968245752,7.30787686866629,6.789176807109724,4.896831164257402,6.796362182850642
B,20,3,7.539645879995354,6.778371458933393,6.583762747514017,7.282015973312777,6.787352775703953,4.860242603873362,6.885203046584793
B,20,5,7.564840706826572,6.772418558316403,6.548001636975093,7.279778229940468,6.79083383062911,4.862303266048676,6.945447662994961
B,20,10,7.610244586482193,6.773004027479772,6.5210990038364445,7.2881094185643835,6.7955452313226505,4.87947682466606,7.031605361483005
B,20,20,7.658200388638957,6.779473178254415,6.510022441281077,7.310085841275767,6.7966316417864014,4.902536309953648,7.105600973668792
A+B,20,3,7.458157641288413,6.656767697244667,6.534893103921558,7.0665050253064,6.53519137465472,4.809458130830494,6.76669523481697
A+B,20,5,7.479545069188993,6.648591519293684,6.488990309601205,7.063647570067873,6.539762476073998,4.81358118418255,6.826822606797682
A+B,20,10,7.520021874769648,6.646434056336451,6.4496191845834785,7.07108611076874,6.544374049872013,4.832475840416632,6.912833907944147
A+B,40,3,7.473396242755577,6.686473029772222,6.548609324769313,7.12079136820213,6.585277004930742,4.80243855635573,6.798999877477265
A+B,40,5,7.49602189203295,6.678978711629618,6.50586701380297,7.118505134549525,6.589497928996861,4.80543104041912,6.85902749806394
A+B,40,10,7.538258607171922,6.677756113485854,6.470209684500229,7.1266746072580744,6.594072025732098,4.823120240539646,6.944923392877444
