state_po,year,pD,pR,n_pri,gD,gR,n_dist,pri_share,gen_share,pri_turnout_ratio
AK,2006,40573.0,81089.0,1.0,93879.0,132743.0,1,33.34895037069915,41.42536911685538,0.5368499086584709
AL,2006,,,,225161.0,463987.0,7,,32.672372262561886,
AR,2006,,,,456569.0,306442.0,4,,59.837800503531405,
AS,2006,,,,5195.0,4493.0,1,,53.623038810900084,
AZ,2006,202418.0,250926.0,7.0,627259.0,619045.0,8,44.64997882402767,50.329534367216986,0.36375073818265846
CO,2006,120175.0,196749.0,6.0,703442.0,623784.0,7,37.91918567227474,53.0009207173458,0.23878676276685357
CT,2006,,,,642859.0,419895.0,5,,60.48991582247632,
DE,2006,,,,97565.0,143897.0,1,,40.40594379239798,
FL,2006,65136.0,107062.0,2.0,1509305.0,2058381.0,25,37.82622330108364,42.30487212159366,0.048266018926553515
GA,2006,344641.0,354204.0,12.0,809763.0,1138048.0,13,49.31579964083595,41.572976022827675,0.35878481023056136
HI,2006,215971.0,26478.0,2.0,219810.0,118134.0,2,89.07894031322051,65.04332078687594,0.7174235968089387
IA,2006,95433.0,67756.0,4.0,385254.0,420681.0,5,58.480044610849994,47.802118036814385,0.20248407129607227
ID,2006,27856.0,132487.0,2.0,177376.0,248105.0,2,17.37275715185571,41.6883480108395,0.37685114023892957
IL,2006,830510.0,630360.0,18.0,1829312.0,1442969.0,19,56.85036998500893,55.90326747611223,0.44643782120178555
IN,2006,327991.0,403901.0,9.0,812496.0,831785.0,9,44.81412558136993,49.41345183700353,0.44511370015222457
KS,2006,70831.0,181441.0,4.0,369191.0,459267.0,4,28.077234096530727,44.563635090734834,0.3045078929770731
KY,2006,,,,442958.0,611780.0,6,,41.99696986360594,
MA,2006,250921.0,24002.0,3.0,509288.0,198550.0,10,91.26955547553315,71.94979642234523,0.3883981928068287
MD,2006,405027.0,164626.0,6.0,772497.0,546862.0,8,71.10065250248836,58.550932687767315,0.4317649707168405
ME,2006,50043.0,52311.0,2.0,350681.0,163155.0,2,48.892080426754205,68.24765100148686,0.19919585237313073
MI,2006,414088.0,548303.0,13.0,1615231.0,1624865.0,15,43.02700253846929,49.85133156548448,0.29702545850493317
MN,2006,198518.0,87441.0,5.0,1152621.0,924636.0,8,69.42184019387395,55.48764548633125,0.13766182999985077
MO,2006,302704.0,299715.0,9.0,992258.0,1049346.0,9,50.24808314478793,48.60188361699918,0.295071424233103
MS,2006,,,,260330.0,178887.0,4,,59.27138521505315,
MT,2006,93354.0,91836.0,1.0,158916.0,239124.0,1,50.40984934391706,39.92463069038288,0.46525474826650587
NC,2006,40101.0,34159.0,1.0,944405.0,913893.0,13,54.000807971990305,50.82096628204949,0.039961297918848324
NE,2006,77248.0,248212.0,3.0,261910.0,334177.0,3,23.735021200762,43.93821707234011,0.5459941250186634
NH,2006,41011.0,47321.0,2.0,209434.0,189615.0,2,46.42824797355432,52.48327899581255,0.22135627454272533
NJ,2006,143498.0,144780.0,11.0,977410.0,903176.0,14,49.77764518971271,51.9736933062354,0.1532915803903677
NM,2006,104859.0,54775.0,3.0,313124.0,247825.0,3,65.68713431975644,55.82040435048462,0.284578455438908
NV,2006,32922.0,20715.0,1.0,287879.0,260317.0,3,61.37927177135187,52.51388189625608,0.09784274237681413
NY,2006,,,,2138063.0,1120966.0,29,,65.60429502161533,
OH,2006,613522.0,749538.0,17.0,1775740.0,1745617.0,20,45.01063782958931,50.42771863233407,0.387083729369104
OK,2006,39115.0,48287.0,1.0,372888.0,518025.0,5,44.75298048099586,41.854591862505096,0.09810385525859427
OR,2006,225166.0,217853.0,4.0,579473.0,497962.0,5,50.825359634688354,53.782641180210405,0.41117932868340085
PA,2006,517044.0,486666.0,15.0,1764233.0,1504941.0,19,51.51328571001584,53.965711216350066,0.3070225078261359
RI,2006,38087.0,17924.0,1.0,124676.0,41856.0,2,67.99914302547714,74.86609180217616,0.33633776091081596
SC,2006,,,,461600.0,599615.0,6,,43.49731204327116,
SD,2006,,,,230468.0,97864.0,1,,70.19358454247529,
TN,2006,396575.0,399390.0,9.0,860861.0,799547.0,9,49.82317061679848,51.84635342638677,0.47937916463905256
TX,2006,328322.0,538556.0,26.0,1407838.0,1971652.0,33,37.87407224546015,41.658297553772904,0.256511485460824
UT,2006,,,,244483.0,292235.0,3,,45.55148141109484,
VA,2006,,,,813557.0,918636.0,11,,46.96687955672376,
VT,2006,34706.0,36484.0,1.0,139815.0,117023.0,1,48.75122910521141,54.43703813298655,0.2771786106417275
WI,2006,286158.0,195941.0,7.0,1003156.0,838704.0,8,59.3566881491146,54.46429153138675,0.2617457352893271
WV,2006,158143.0,65732.0,3.0,263822.0,190893.0,3,70.63897264098269,58.01919883883311,0.4923413566739606
WY,2006,25914.0,83291.0,1.0,92324.0,93336.0,1,23.729682706835767,49.72745879564796,0.5881988581277604
AK,2008,68131.0,105987.0,1.0,142560.0,158939.0,1,39.12921122457184,47.28373891787369,0.5775077197602645
AL,2008,67614.0,94676.0,2.0,489849.0,629341.0,7,41.66245609711011,43.76817162412102,0.1450066565998624
AS,2008,,,,7499.0,4350.0,1,,63.28804118491012,
AZ,2008,248758.0,324913.0,8.0,1055305.0,1021798.0,8,43.362484769144686,50.806580126262396,0.27618803689561855
CO,2008,196684.0,239201.0,7.0,1259768.0,990870.0,7,45.1229108595157,55.97381720205559,0.19367174996600964
CT,2008,,,,908761.0,504785.0,5,,64.28945361523431,
DE,2008,,,,146434.0,235437.0,1,,38.34645731150048,
FL,2008,121691.0,191749.0,4.0,3231999.0,3792167.0,25,38.82433639612047,46.01256576225562,0.04462309119687661
GA,2008,346146.0,379373.0,11.0,1402228.0,1796549.0,13,47.710121995426725,43.83637871599052,0.22681137197122525
HI,2008,149962.0,25838.0,2.0,319956.0,82540.0,2,85.30261660978384,79.49296390523136,0.4367745269518206
IA,2008,91427.0,72226.0,5.0,759460.0,698241.0,5,55.866375807348476,52.099847636792454,0.11226787935248723
ID,2008,36101.0,126573.0,2.0,259776.0,377464.0,2,22.19223723520661,40.765802523382085,0.25527901575544537
IL,2008,1128598.0,628645.0,13.0,2955242.0,1961173.0,19,64.2254941405372,60.10969375042587,0.35742365117672126
IN,2008,1032659.0,380838.0,9.0,1388963.0,1240577.0,9,73.05703514050613,52.82152011378416,0.5375453501372863
KS,2008,88854.0,226145.0,4.0,470031.0,690005.0,4,28.207708595900304,40.51865631756256,0.27154243488995167
KY,2008,,,,761209.0,778158.0,6,,49.44948150765867,
MA,2008,173776.0,17731.0,4.0,857248.0,318461.0,10,90.74133060410324,72.91328041207476,0.16288639450748443
MD,2008,731988.0,257713.0,8.0,1677238.0,762539.0,8,73.96051938918926,68.7455451871216,0.4056522378889546
ME,2008,83255.0,53143.0,2.0,431903.0,278198.0,2,61.03828501884192,60.82275619947021,0.19208253473801615
MI,2008,473932.0,530736.0,14.0,2288799.0,2114293.0,15,47.17299645255945,51.981630181699586,0.22817329276790038
MN,2008,121332.0,79144.0,5.0,1612480.0,1069015.0,8,60.52195774057743,60.13361949211168,0.07476277225950449
MO,2008,287965.0,337870.0,8.0,1170446.0,1313018.0,9,46.01292672988887,47.129573853295234,0.2520008343185164
MS,2008,180398.0,110624.0,2.0,731805.0,527330.0,4,61.98775350317158,58.11966151365819,0.23112851282825114
MT,2008,142542.0,90492.0,1.0,155930.0,308470.0,1,61.16789824660779,33.57665805340224,0.501795865633075
NC,2008,224365.0,147311.0,3.0,2293971.0,1901517.0,13,60.36574866281385,54.67709596595199,0.0885894561014118
NE,2008,76106.0,136305.0,3.0,264885.0,510513.0,3,35.82959451252525,34.161166265582324,0.27393802924433647
NH,2008,43477.0,67873.0,2.0,364767.0,294560.0,2,39.045352492141895,55.32414113179045,0.1688843320537457
NJ,2008,247289.0,171072.0,12.0,1741882.0,1461820.0,13,59.10899916579222,54.37091215100531,0.13058673996520276
NM,2008,154704.0,109124.0,3.0,457135.0,321083.0,3,58.63820367815395,58.74125245111267,0.3390155457725213
NV,2008,47911.0,39476.0,2.0,457320.0,383548.0,3,54.826232734846144,54.38665759667391,0.1039247539447333
NY,2008,57133.0,19102.0,2.0,3610747.0,1800093.0,29,74.9432675280383,66.73172742125067,0.014089309608119997
OH,2008,1771451.0,919409.0,18.0,2752111.0,2491498.0,18,65.83215031625576,52.48505371014505,0.5131694601943051
OK,2008,19958.0,36588.0,1.0,503614.0,802530.0,5,35.295157924521625,38.55731067937379,0.043292316926770706
OR,2008,409507.0,195058.0,4.0,523461.0,435920.0,5,67.73581004523913,54.56236886075501,0.6301615312373291
PA,2008,1555979.0,696880.0,17.0,2811574.0,2407685.0,19,69.06686126384297,53.86921783341275,0.43164345743332533
RI,2008,45511.0,1074.0,2.0,303670.0,118773.0,2,97.69453686809058,71.88425420707645,0.11027523239821704
SC,2008,54076.0,169524.0,3.0,919529.0,939703.0,6,24.184257602862253,49.45746415724342,0.12026471145074956
SD,2008,,,,256041.0,122966.0,1,,67.55574435300667,
TN,2008,103227.0,216502.0,6.0,622015.0,977677.0,9,32.2857795195306,38.883422558842575,0.19986909980171183
TX,2008,1527948.0,808644.0,24.0,2705155.0,3052521.0,32,65.39216089073317,46.98345304598592,0.40582207126625397
UT,2008,,,,393761.0,503917.0,3,,43.86439235449682,
VA,2008,22395.0,24095.0,2.0,1405571.0,1590687.0,11,48.17164981716498,46.91088017120021,0.0155160203160075
WI,2008,104478.0,83582.0,6.0,1160808.0,999716.0,8,55.55567372115282,53.728077077597845,0.08704369865828845
WV,2008,206158.0,58392.0,2.0,244341.0,213339.0,3,77.92780192780192,53.38686418458312,0.5780239468624366
WY,2008,24741.0,71684.0,1.0,106758.0,131244.0,1,25.65828364013482,44.85592558045731,0.40514365425500626
AK,2010,38673.0,105624.0,1.0,77606.0,175384.0,1,26.800972993201523,30.675520771572,0.5703664176449662
AL,2010,130778.0,86762.0,2.0,418957.0,412380.0,7,60.11676013606693,50.39556762179477,0.2616748683145343
AR,2010,172407.0,60038.0,2.0,317975.0,435422.0,4,74.17109423734647,42.20550387113302,0.3085292349186418
AS,2010,,,,6182.0,4422.0,1,,58.29875518672199,
AZ,2010,276803.0,551843.0,8.0,711837.0,900510.0,8,33.40425223798824,44.14911926526982,0.5139377565747324
CO,2010,284302.0,359253.0,7.0,804069.0,886057.0,7,44.17679918577278,47.57450036269485,0.38077338612624145
CT,2010,,,,634947.0,457976.0,5,,58.09622452816895,
DC,2010,128134.0,1919.0,1.0,117990.0,8109.0,1,98.52444772515821,93.5693383769895,1.0313563152760925
DE,2010,,,,173543.0,125442.0,1,,58.04404903256016,
FL,2010,307964.0,361198.0,8.0,1747239.0,2475817.0,25,46.0223383874159,41.37380607787346,0.158454446258823
GA,2010,301940.0,402586.0,10.0,940347.0,993015.0,13,42.85718341125806,48.637916748130976,0.3644045967594274
HI,2010,197409.0,39188.0,2.0,226430.0,129127.0,2,83.43681449891588,63.68317878708618,0.6654263592054157
IA,2010,59501.0,199546.0,5.0,479874.0,597414.0,5,22.969190919022417,44.54463430391873,0.24046216053645822
ID,2010,24698.0,158746.0,2.0,150884.0,263699.0,2,13.463509299840823,36.394159914902446,0.44247834571123273
IL,2010,716799.0,688730.0,17.0,1728146.0,1690763.0,19,50.99852084161906,50.54670949124414,0.4111045365641496
IN,2010,253648.0,542315.0,9.0,740342.0,1087586.0,10,31.86680787926072,40.50170466232806,0.4354454880060921
KS,2010,81063.0,325569.0,4.0,274992.0,528136.0,4,19.93522398630703,34.24012112639579,0.5063103266229044
KY,2010,,,,506319.0,844369.0,6,,37.48600713118056,
MA,2010,374514.0,216439.0,9.0,1200764.0,808305.0,10,63.374583088672026,59.76718569645941,0.2941427098820399
MD,2010,463001.0,247823.0,8.0,1104056.0,674246.0,8,65.13581420998729,62.0848427319994,0.3997206323785274
ME,2010,103427.0,86894.0,2.0,316156.0,248170.0,2,54.34345132696865,56.02364590679855,0.3372536441702137
MI,2010,481112.0,937480.0,15.0,1331143.0,1514776.0,15,33.91475491191266,46.77374865553095,0.49846534634330775
MN,2010,321705.0,90652.0,6.0,1002026.0,970741.0,8,78.01613650307864,50.79292181996151,0.2090246846181024
MO,2010,255064.0,503661.0,8.0,708064.0,940566.0,9,33.617450327852644,42.94863007466806,0.4602154516174035
MP,2010,,,,1707.0,2049.0,1,,45.447284345047926,
MS,2010,,,,350695.0,423579.0,4,,45.293397427783965,
MT,2010,62499.0,129601.0,1.0,121954.0,217696.0,1,32.53461738677772,35.90578536728986,0.565582216988076
NC,2010,164540.0,113017.0,4.0,1204635.0,1440913.0,13,59.2815169496716,45.5344223578631,0.10491474734157158
NE,2010,59555.0,168705.0,3.0,137524.0,327986.0,3,26.090861298519233,29.54265214495929,0.4903439238684454
NH,2010,54936.0,134095.0,2.0,200563.0,230265.0,2,29.0618999000164,46.55291670922038,0.4387621045985869
NJ,2010,165065.0,248073.0,13.0,1024730.0,1055299.0,13,39.95396211435404,49.26517851433802,0.19862126922268872
NM,2010,103461.0,104350.0,3.0,308473.0,289217.0,3,49.78610371924489,51.61086851043183,0.347690274222423
NV,2010,80989.0,140519.0,2.0,317835.0,357369.0,3,36.56256207450747,47.07244032914497,0.3280608527200668
NY,2010,65950.0,11030.0,2.0,2391945.0,1647843.0,30,85.67160301376981,59.209666447843304,0.019055455385282593
OH,2010,630760.0,773683.0,18.0,1611112.0,2053075.0,18,44.91175505164681,43.969153321050484,0.38328911706744223
OK,2010,125141.0,80184.0,2.0,221966.0,368389.0,5,60.94776573724583,37.59873296575789,0.3477992055627546
OR,2010,251168.0,169496.0,4.0,425634.0,396817.0,5,59.70751003175931,51.75189768144242,0.5114760636195955
PA,2010,828187.0,752197.0,17.0,1732258.0,2034145.0,19,52.40416253265029,45.992369908371465,0.4196003454755107
RI,2010,74851.0,18138.0,2.0,185711.0,126951.0,2,80.49446708750497,59.39672873582335,0.2974106223333824
SC,2010,90823.0,195503.0,3.0,537323.0,753932.0,6,31.720137186284166,41.612462294434486,0.22174241338852513
SD,2010,,,,146589.0,153703.0,1,,48.81548626004023,
TN,2010,285496.0,654059.0,9.0,541527.0,955078.0,9,30.386299897291803,36.18369576474755,0.6277909000704929
TX,2010,486756.0,1016942.0,26.0,1450197.0,2315492.0,32,32.37059569142208,38.510801077837286,0.3993155037497786
UT,2010,,,,218236.0,390969.0,3,,35.82308090051789,
VA,2010,,,,911116.0,1058611.0,11,,46.25595323615912,
VI,2010,,,,19844.0,2329.0,1,,89.49623415866144,
VT,2010,65920.0,23973.0,1.0,154006.0,76403.0,1,73.33162760170426,66.84027099635865,0.3901453502250346
WI,2010,213208.0,543091.0,8.0,938690.0,1165761.0,8,28.190966800167658,44.60498248711897,0.3593806650760697
WV,2010,160763.0,87190.0,3.0,227857.0,283085.0,3,64.8360778050679,44.59547267595931,0.48528600115081555
WY,2010,20410.0,101211.0,1.0,45768.0,131661.0,1,16.78164132838901,25.795106775104408,0.6854629175613908
AK,2012,32448.0,74809.0,1.0,82927.0,185296.0,1,30.252570927771615,30.9171845814863,0.39987995063808845
AL,2012,8290.0,103116.0,1.0,693498.0,1037250.0,7,7.441250920058166,40.069264849648825,0.06436870070050638
AR,2012,55431.0,36312.0,1.0,304770.0,451124.0,4,60.41986854582911,40.31914527698328,0.12137019211688412
AZ,2012,278601.0,487844.0,8.0,842505.0,1131663.0,9,36.34977069457039,42.676459146334054,0.38823696868756863
CO,2012,180735.0,223560.0,6.0,1080454.0,944157.0,7,44.70374355359329,53.36600463002522,0.19969021209506418
CT,2012,28515.0,29702.0,1.0,884398.0,490580.0,5,48.98053833072814,64.32088367959342,0.042340313808657305
DE,2012,,,,249933.0,129757.0,1,,65.82554188943612,
FL,2012,91684.0,176191.0,3.0,2956412.0,3435068.0,27,34.22641157256183,46.25551515454949,0.0419112631190272
GA,2012,415556.0,623282.0,11.0,1448869.0,1462864.0,14,40.00200223711493,49.75967920135535,0.35677653136465465
GU,2012,10695.0,5301.0,1.0,19765.0,12995.0,1,66.86046511627907,60.33272283272283,0.48827838827838826
HI,2012,223664.0,42058.0,2.0,285008.0,137531.0,2,84.17217994746389,67.45128852011294,0.6288697611344751
IA,2012,52439.0,118142.0,4.0,772387.0,726505.0,4,30.74140730796513,51.530530551901,0.11380473042754248
ID,2012,20613.0,144959.0,2.0,208297.0,406814.0,2,12.44956876766603,33.86331897820068,0.2691741815704808
IL,2012,543540.0,673821.0,15.0,2610476.0,2180539.0,18,44.6490400136032,54.486909350106394,0.2540925044066863
IN,2012,233573.0,586009.0,9.0,1142554.0,1351760.0,9,28.499039754411395,45.806341944117705,0.32858012263091174
KS,2012,45569.0,124203.0,2.0,195505.0,328557.0,4,26.841293028296775,37.30570047055501,0.3239540359728429
KY,2012,25078.0,43919.0,1.0,791342.0,1201674.0,7,36.346507819180545,39.705752487687,0.03461939091306843
MA,2012,213654.0,101386.0,6.0,1348607.0,697637.0,9,67.81805485017776,65.90646081307996,0.15396013378658654
MD,2012,295204.0,208925.0,8.0,1626872.0,858406.0,8,58.557234358666136,65.46036298554931,0.20284612023282708
ME,2012,53860.0,60086.0,2.0,427819.0,265982.0,2,47.268004142313025,61.66307053463457,0.16423441303774425
MI,2012,539552.0,628465.0,14.0,2378270.0,2043887.0,15,46.19384820597645,53.78076807313716,0.26412834279741765
MN,2012,168705.0,117799.0,7.0,1560984.0,1210409.0,8,58.88399463881831,56.32488788129291,0.10337905883431184
MO,2012,283688.0,577131.0,8.0,1119554.0,1463586.0,8,32.95559229059767,43.34081776442624,0.33324519770511857
MS,2012,93265.0,270170.0,4.0,411398.0,468918.0,4,25.662085379779054,46.73299133492973,0.4128460689116181
MT,2012,80824.0,116275.0,1.0,204939.0,255468.0,1,41.006803687487,44.512572571659426,0.42809731389835515
NC,2012,307236.0,395552.0,5.0,2218357.0,2137167.0,13,43.71673961422221,50.93203481372161,0.1613555567596459
NE,2012,68593.0,183938.0,3.0,276239.0,496276.0,3,27.162209788105223,35.75839951327806,0.3268946234053708
NH,2012,79250.0,103975.0,2.0,340925.0,311636.0,2,43.25283121844726,52.2441580174114,0.2807783486907737
NJ,2012,298303.0,214910.0,12.0,1794407.0,1430386.0,13,58.12459933789674,55.64409870649062,0.159146028907902
NM,2012,125791.0,80504.0,3.0,422189.0,323269.0,3,60.97627184371895,56.63484730192714,0.2767359126872339
NV,2012,15795.0,23096.0,1.0,453310.0,457239.0,4,40.613509552338584,49.784251039757336,0.04271159487298322
NY,2012,,,,3529508.0,1734252.0,27,,67.0529811389577,
OH,2012,458470.0,919138.0,14.0,2154073.0,2373871.0,16,33.28014936034053,47.572871925977886,0.3042458122273597
OK,2012,107057.0,92301.0,3.0,410324.0,856872.0,5,53.7008798242358,32.38046837269057,0.15732215063810176
OR,2012,145105.0,150201.0,3.0,442208.0,209548.0,5,49.13716619371093,67.84870411626437,0.4530928752477921
PA,2012,629489.0,665216.0,17.0,2688410.0,2540893.0,18,48.620264847976955,51.41048434179469,0.24758653304274011
RI,2012,29909.0,8050.0,1.0,232679.0,161926.0,2,78.79290813772755,58.965040990357444,0.0961949291063215
SC,2012,33666.0,37468.0,1.0,495474.0,830013.0,7,47.32757893553013,37.380525044757135,0.05366631283445254
SD,2012,,,,153789.0,207640.0,1,,42.55026575067302,
TN,2012,163367.0,370941.0,8.0,796513.0,1185179.0,9,30.575435890909365,40.19358205008649,0.2696221208946698
TX,2012,528934.0,1085360.0,31.0,2863847.0,3747792.0,36,32.7656548311522,43.315235450695354,0.2441594285471424
UT,2012,,,,324309.0,647873.0,4,,33.3588772472644,
VA,2012,6835.0,29960.0,1.0,1806025.0,1876761.0,11,18.57589346378584,49.03964009855582,0.009991077407158603
VI,2012,7144.0,202.0,1.0,11512.0,2131.0,1,97.25020419275796,84.38026826944221,0.5384446236165066
WI,2012,178442.0,443568.0,8.0,1445015.0,1401995.0,8,28.687963216025466,50.755529485319684,0.21847833340943656
WV,2012,162693.0,101455.0,3.0,257101.0,384253.0,3,61.59160773505762,40.087221721545355,0.4118599088802752
WY,2012,16259.0,73153.0,1.0,57573.0,166452.0,1,18.184360041157788,25.69936391027787,0.39911617007030464
AK,2014,47867.0,106867.0,1.0,114602.0,142572.0,1,30.935023976630863,44.562047485360104,0.6016704643548726
AL,2014,,,,198077.0,456364.0,7,,30.26659393283734,
AR,2014,,,,254774.0,358001.0,4,,41.5770878381135,
AS,2014,,,,5328.0,4306.0,1,,55.304131201992945,
AZ,2014,226288.0,394138.0,7.0,523712.0,688468.0,9,36.47300403271301,43.20414459898695,0.5118266264086192
CO,2014,203425.0,353236.0,7.0,936417.0,1000197.0,7,36.543785176256286,48.353311501414325,0.2874403469147698
CT,2014,,,,596390.0,409513.0,5,,59.28901693304424,
DC,2014,87247.0,1131.0,1.0,143923.0,11673.0,1,98.72026975039037,92.49787912285663,0.5679966065965706
DE,2014,,,,137251.0,85146.0,1,,61.714411615264595,
FL,2014,25082.0,21136.0,1.0,1977231.0,2367392.0,27,54.268899562940845,45.509840554635005,0.010637977104112371
GA,2014,125385.0,314687.0,7.0,465379.0,782547.0,14,28.49192859350288,37.29219521029292,0.3526427047757639
GU,2014,7914.0,6753.0,1.0,20693.0,14956.0,1,53.9578645939865,58.04650901848579,0.4114280905495245
HI,2014,210607.0,37599.0,2.0,235400.0,120084.0,2,84.85169576883717,66.21957668980882,0.6982198917532153
IA,2014,64024.0,146743.0,4.0,509189.0,595865.0,4,30.376671869884753,46.078200703314046,0.19073004577151886
ID,2014,25575.0,147063.0,2.0,160078.0,275072.0,2,14.814235568067286,36.78685510743422,0.3967321613236815
IL,2014,398354.0,677919.0,17.0,1822779.0,1721865.0,18,37.01235653035986,51.42347158134921,0.30363359479823643
IN,2014,171967.0,352619.0,9.0,502104.0,793759.0,9,32.78146957791478,38.746688500250414,0.4048159411913142
KS,2014,62960.0,255345.0,4.0,311530.0,540756.0,4,19.779770974379918,36.55228409242907,0.37347205046193416
KY,2014,,,,508151.0,887157.0,6,,36.41855418301909,
MA,2014,153869.0,60464.0,3.0,429155.0,308598.0,9,71.78969174135574,58.17055301706669,0.29052135335268037
MD,2014,449244.0,187424.0,8.0,978267.0,704400.0,8,70.56173704348264,58.13788467949986,0.3783683878034097
ME,2014,58972.0,51784.0,2.0,305230.0,228059.0,2,53.24497092708296,57.2353826911862,0.20768476379599055
MI,2014,512540.0,633734.0,14.0,1519030.0,1466749.0,14,44.71356761123431,50.87550016260413,0.3839112003935991
MN,2014,45036.0,68536.0,3.0,985760.0,913539.0,8,39.654140104955445,51.90125409427373,0.05979679871363066
MO,2014,312493.0,508482.0,8.0,513600.0,838283.0,8,38.06364383811931,37.99145340240243,0.6072825828862409
MS,2014,42229.0,256871.0,3.0,129326.0,329169.0,4,14.118689401537948,28.20663256960272,0.6523517159401956
MT,2014,71168.0,131623.0,1.0,148690.0,203871.0,1,35.094259607181776,42.17426204259689,0.5751940798897213
NC,2014,234088.0,211581.0,6.0,1361695.0,1433862.0,14,52.525080272578975,48.70925543639425,0.15942046611820113
NE,2014,63607.0,215348.0,3.0,185234.0,340816.0,3,22.80188560878995,35.21224218230206,0.5302822925577416
NH,2014,38225.0,114880.0,2.0,247469.0,232379.0,2,24.96652624016198,51.57237291809073,0.3190697887664427
NJ,2014,204110.0,156139.0,12.0,914172.0,877265.0,13,56.65803374887925,51.030094834482036,0.20109498687366623
NM,2014,108800.0,60642.0,3.0,271222.0,240542.0,3,64.21076238476883,52.99747539881664,0.3310940198997976
NV,2014,34371.0,35519.0,2.0,210147.0,304809.0,4,49.178709400486476,40.808729289492696,0.13572033338770692
NY,2014,13561.0,4687.0,1.0,1070146.0,999368.0,27,74.31499342393687,51.71001500835462,0.008817529139691735
OH,2014,363214.0,510435.0,15.0,1179587.0,1626964.0,16,41.574362243875974,42.02977248587323,0.3112891944596767
OK,2014,110226.0,136180.0,3.0,174022.0,457613.0,5,44.733488632582,27.551038178694974,0.3901082112295867
OR,2014,88653.0,135826.0,2.0,224729.0,312706.0,4,39.49278106192561,41.81510322178496,0.4176858596853573
PA,2014,573654.0,387472.0,15.0,1319243.0,1538844.0,18,59.68561874301601,46.15825200562474,0.33628297529081513
RI,2014,105331.0,23156.0,2.0,192776.0,122721.0,2,81.97794329387409,61.10232426932744,0.40725268386070235
SC,2014,55892.0,69137.0,2.0,377025.0,488612.0,7,44.70322885090659,43.55463086721108,0.1444358316476768
SD,2014,,,,92485.0,183834.0,1,,33.47037301090406,
TN,2014,243116.0,542058.0,8.0,448421.0,733313.0,9,30.963327873821598,37.94601830868876,0.6644253275271762
TX,2014,294966.0,780660.0,23.0,1088714.0,1881496.0,36,27.422728717974465,36.654445308580875,0.3621380306442979
UT,2014,,,,183491.0,351034.0,4,,34.3278611851644,
VA,2014,,,,797978.0,1041225.0,12,,43.38716280910808,
VI,2014,,,,21224.0,1964.0,1,,91.5301017767811,
VT,2014,19248.0,12169.0,1.0,123349.0,59432.0,1,61.26619346213833,67.4845853781301,0.17188329202707064
WI,2014,271246.0,249325.0,8.0,1102581.0,1233336.0,8,52.10547648639667,47.2012062072411,0.2228550928821529
WV,2014,126414.0,76541.0,3.0,182484.0,242823.0,3,62.28671380355251,42.90641818733292,0.47719647219537886
WY,2014,14209.0,93169.0,1.0,37803.0,113038.0,1,13.232691985322878,25.061488587320422,0.7118621594924457
AK,2016,25057.0,54528.0,1.0,111019.0,155088.0,1,31.48457623924106,41.71968418718786,0.29907142615564414
AL,2016,,,,392581.0,778010.0,7,,33.53699114378976,
AR,2016,,,,111347.0,176472.0,4,,38.686466147127184,
AS,2016,,,,2740.0,8923.0,1,,23.493097830746805,
AZ,2016,260815.0,441889.0,7.0,885714.0,1059436.0,9,37.11591224754662,45.53448320180963,0.3612595429658381
CO,2016,255675.0,312551.0,7.0,1263791.0,1288618.0,7,44.99530116538138,49.51365553091217,0.22262341184347806
CT,2016,,,,916815.0,558162.0,5,,62.15791839465971,
DE,2016,,,,233554.0,172301.0,1,,57.54616796639194,
FL,2016,310893.0,369508.0,7.0,3985050.0,4733630.0,27,45.692613620497326,45.70703363353168,0.07803945092605762
GA,2016,228717.0,298036.0,9.0,1245604.0,1345214.0,14,43.420160872363326,48.0776341680504,0.20331532357734122
GU,2016,12776.0,7693.0,1.0,18345.0,15617.0,1,62.41633689970199,54.01625345974913,0.6027030210234968
HI,2016,186764.0,26970.0,2.0,460805.0,129716.0,3,87.38151159852902,78.03363470562435,0.36194140428536836
IA,2016,93845.0,94488.0,4.0,673969.0,813153.0,4,49.8292917332597,45.32035703862898,0.1266426022881781
ID,2016,26200.0,128241.0,2.0,208992.0,447544.0,2,16.96440711987102,31.832527081530944,0.23523614851280053
IL,2016,1081259.0,992460.0,11.0,2413919.0,1863160.0,18,52.141056719835234,56.43849458941488,0.4848446802128275
IN,2016,453816.0,917165.0,8.0,845386.0,1442989.0,9,33.101552829689105,36.942633965149945,0.5991067897525537
KS,2016,76227.0,171010.0,3.0,317635.0,524248.0,4,30.831550293847602,37.72911437812618,0.29367144840791415
KY,2016,79212.0,29820.0,1.0,516904.0,775073.0,8,72.65023112480739,40.00876176588283,0.08439159520641622
MA,2016,95305.0,36028.0,4.0,985345.0,451121.0,9,72.56744306457631,68.59507986962448,0.0914278514075516
MD,2016,843292.0,380855.0,8.0,1636200.0,962088.0,8,68.88813189919185,62.97223402486561,0.47113599416230995
ME,2016,47146.0,39915.0,2.0,386627.0,357447.0,2,54.152835368304984,51.96082647693643,0.1170058354410986
MI,2016,494200.0,580063.0,13.0,2092703.0,2048830.0,14,46.00363225765013,50.52967101795398,0.25938776776618705
MN,2016,134000.0,83657.0,6.0,1434590.0,1334686.0,8,61.56475555575975,51.8037927602738,0.07859707735884758
MO,2016,307877.0,656524.0,8.0,1041306.0,1600524.0,8,31.92416847348769,39.41608657635049,0.3650503628166839
MS,2016,44533.0,98757.0,1.0,449896.0,680810.0,4,31.078930839556143,39.78894602133534,0.1267261339375576
MT,2016,112821.0,144660.0,1.0,205919.0,285358.0,1,43.81721369732136,41.91504996163061,0.5241055453440727
NC,2016,91398.0,121678.0,5.0,2142661.0,2447326.0,13,42.89455405582984,46.68119975067467,0.046421917970573774
NE,2016,49232.0,111709.0,2.0,221069.0,330837.0,3,30.590092021299732,40.055552938362695,0.2916094407380967
NH,2016,69092.0,74074.0,2.0,336575.0,316149.0,2,48.26006174650406,51.564673583321586,0.21933619722884404
NJ,2016,653291.0,381599.0,12.0,1821620.0,1541631.0,12,63.12661249021635,54.162475533345564,0.30770525304236884
NM,2016,183460.0,92139.0,3.0,436932.0,343124.0,3,66.56773065214315,56.01290163783113,0.35330668567384904
NV,2016,72355.0,62715.0,3.0,508113.0,498104.0,4,53.56852002665285,50.497357925775454,0.13423545815664017
NY,2016,19362.0,16175.0,1.0,3123316.0,1872094.0,27,54.48405886822185,62.523716771996696,0.007113930588280041
OH,2016,912108.0,1525525.0,16.0,2154523.0,2996017.0,16,37.41777371737255,41.831011893898506,0.4732771709374163
OK,2016,106272.0,106164.0,3.0,305222.0,781691.0,5,50.02541942043722,28.081548385197344,0.19544894577578886
OR,2016,102523.0,156357.0,4.0,,,5,39.60251854140915,,
PA,2016,878100.0,817757.0,11.0,2099807.0,1881171.0,19,51.779129962019205,52.74600864410705,0.4259900456621463
RI,2016,61074.0,1270.0,2.0,263648.0,141324.0,2,97.96291543693057,65.10277253736061,0.15394644568019517
SC,2016,,,,778125.0,1193711.0,7,,39.46195322531894,
SD,2016,,,,132810.0,237163.0,1,,35.89721412103045,
TN,2016,148761.0,332050.0,9.0,814181.0,1493740.0,9,30.93959996755482,35.2776806485144,0.20833078775226707
TX,2016,945302.0,1566559.0,26.0,2860667.0,3335336.0,36,37.63353147327818,46.169554792016726,0.40540022333752906
UT,2016,,,,356290.0,710656.0,4,,33.39344259222116,
VA,2016,15718.0,7788.0,1.0,1611608.0,1843010.0,11,66.86803369352506,46.65083085886776,0.006804225532316453
WI,2016,196440.0,232185.0,6.0,902414.0,1270279.0,8,45.83027121609799,41.53435391010143,0.19727821648065327
WV,2016,187827.0,165067.0,3.0,224449.0,445017.0,3,53.22476437683837,33.52657192448907,0.5271275912443649
WY,2016,18823.0,87927.0,1.0,75466.0,156176.0,1,17.632786885245903,32.57872061197883,0.46084043480888615
AK,2018,15505.0,70105.0,1.0,,,1,18.11120196238757,,
AL,2018,49572.0,209506.0,2.0,493677.0,975737.0,7,19.134005975034544,33.59686242270728,0.17631382306143809
AR,2018,,,,312978.0,556339.0,4,,36.00274698412662,
AS,2018,,,,637.0,7194.0,1,,8.134337887881497,
AZ,2018,437565.0,575517.0,8.0,1066149.0,1139251.0,9,43.19146919992656,48.342658928085605,0.4593642876575678
CO,2018,580758.0,436182.0,7.0,1343211.0,1079772.0,7,57.10838397545578,55.436253576686255,0.41970579240547706
CT,2018,39657.0,32098.0,1.0,808652.0,512495.0,5,55.267228764546026,61.20832882336334,0.05431265408012886
DC,2018,,,,199124.0,9700.0,1,,95.35494004520554,
DE,2018,,,,227353.0,125384.0,1,,64.45396995495227,
FL,2018,492629.0,627082.0,10.0,3104569.0,3675417.0,27,43.996084703999514,45.790197796868604,0.16514945606082373
GA,2018,406215.0,483317.0,12.0,1539063.0,1789039.0,14,45.66614804189169,46.24446606504248,0.2672790677689566
GU,2018,24214.0,2828.0,1.0,19193.0,15398.0,1,89.5421936247319,55.485530918447,0.7817640426700587
HI,2018,232009.0,25243.0,2.0,287921.0,87348.0,2,90.18744266322517,76.72389672474945,0.6855135915836373
IA,2018,172362.0,91995.0,4.0,664676.0,612338.0,4,65.20046754956365,52.04923360276395,0.2070118260253999
ID,2018,55070.0,171476.0,2.0,207303.0,367993.0,2,24.308528952177483,36.03414590054511,0.3937903270664145
IL,2018,1220901.0,640177.0,18.0,2757540.0,1754449.0,18,65.6018178711478,61.11584048631324,0.4124739665810355
IN,2018,292879.0,491801.0,9.0,1000104.0,1247978.0,9,37.32464189223633,44.48698935359119,0.34904420746218334
KS,2018,149706.0,306652.0,4.0,464380.0,563190.0,4,32.80450874094461,45.192055042478856,0.44411378300261783
KY,2018,157665.0,138189.0,2.0,612977.0,935304.0,6,53.29148836926322,39.590810712008995,0.19108546833552825
MA,2018,335442.0,131121.0,5.0,1010800.0,497953.0,9,71.896399843108,66.99572428356397,0.3092374961309108
MD,2018,582934.0,183386.0,8.0,1493047.0,737906.0,8,76.0692661029335,66.92417993565978,0.34349446178382065
ME,2018,119587.0,83726.0,2.0,333208.0,245372.0,2,58.81916060458505,57.590652977980575,0.3513999792595665
MI,2018,918250.0,841679.0,13.0,2009648.0,1853459.0,16,52.17540025762403,52.02154638740268,0.4555734542170331
MN,2018,490939.0,257337.0,7.0,1420769.0,1125533.0,8,65.6093473531157,55.797348468484884,0.2938677344635475
MO,2018,560834.0,652207.0,8.0,1027969.0,1330975.0,8,46.233721696133934,43.577507562706025,0.5142305200971282
MS,2018,50793.0,138112.0,3.0,239849.0,471162.0,4,26.888118366374634,33.73351467136233,0.2656850597248144
MT,2018,111897.0,136372.0,1.0,233284.0,256661.0,1,45.070870708787645,47.61432405678188,0.5067283062384553
NC,2018,186491.0,148413.0,5.0,1771061.0,1658140.0,13,55.68491269139813,51.64646225170237,0.09766240007511955
NE,2018,91335.0,163051.0,3.0,264493.0,432077.0,3,35.90409849598642,37.97077106392753,0.36519804183355586
NH,2018,120398.0,92868.0,2.0,311242.0,248986.0,2,56.454380913975974,55.556309216961665,0.3806771528734729
NJ,2018,410695.0,225893.0,12.0,1856819.0,1198664.0,12,64.5150395546256,60.77006483099399,0.20834283810448298
NM,2018,161565.0,72496.0,3.0,404026.0,264701.0,3,69.02687760882847,60.41718070303726,0.3500097947293888
NV,2018,137622.0,137507.0,4.0,491272.0,439727.0,4,50.02089928724344,52.76826290898271,0.2955201885286665
NY,2018,18224.0,21472.0,1.0,2888254.0,1613753.0,28,45.90890769850866,64.15480917732913,0.008817400772588758
OH,2018,604892.0,755554.0,16.0,2084854.0,2295373.0,16,44.4627717674939,47.596939610664016,0.31058801290435406
OK,2018,311775.0,329139.0,4.0,428452.0,730531.0,5,48.6453720780011,36.967927916112664,0.552996894691294
OR,2018,54235.0,223938.0,4.0,,,5,19.496859867780124,,
PA,2018,711291.0,677095.0,17.0,2784814.0,2488357.0,20,51.23150190220875,52.810993612761656,0.2632924287871567
RI,2018,105870.0,25065.0,2.0,242575.0,129838.0,2,80.85691373582311,65.13601834522426,0.35158547096905857
SC,2018,91293.0,178549.0,3.0,758340.0,927494.0,7,33.8320202192394,44.98307662557524,0.16006439542683323
SD,2018,,,,121033.0,202695.0,1,,37.38725102555232,
TN,2018,351365.0,717382.0,9.0,846450.0,1279655.0,9,32.87634959443161,39.8122388122882,0.5026783719524671
TX,2018,862088.0,1404117.0,32.0,3293180.0,4135359.0,36,38.04104218285636,44.331462754654716,0.3050673894287962
UT,2018,,,,374009.0,617307.0,4,,37.72853459441792,
VA,2018,81652.0,84095.0,2.0,1668446.0,1408701.0,11,49.26303341840275,54.220549099539284,0.053863855057948155
VT,2018,66610.0,23184.0,1.0,188547.0,70705.0,1,74.18090295565405,72.72730779318964,0.3463579837378304
WI,2018,378190.0,385810.0,7.0,1058376.0,1121043.0,8,49.50130890052356,48.56230031948882,0.3505521425664363
WV,2018,153313.0,114524.0,3.0,234568.0,337146.0,3,57.24115786840504,41.02890606142232,0.4684807438684377
WY,2018,16859.0,110535.0,1.0,59903.0,127963.0,1,13.23374727224202,31.88602514558249,0.6781109940063662
AK,2020,8789.0,68270.0,1.0,,,1,11.405546399512062,,
AL,2020,98400.0,204062.0,2.0,383067.0,888758.0,7,32.533012411476484,30.119473984235253,0.2378173097713915
AR,2020,,,,330485.0,590670.0,4,,35.877241072349385,
AS,2020,,,,1959.0,9790.0,1,,16.67375946889097,
AZ,2020,645231.0,681652.0,9.0,1629318.0,1638516.0,9,48.627573041481426,49.85926457708684,0.40604357504083743
CO,2020,868872.0,535611.0,7.0,1679052.0,1378248.0,7,61.86418774737751,54.9194387204396,0.45938671376704937
CT,2020,,,,1022792.0,676650.0,5,,60.183989803712045,
DE,2020,,,,281382.0,196392.0,1,,58.89437265317912,
FL,2020,578729.0,424938.0,8.0,4942287.0,5163827.0,27,57.66145544289092,48.90393082840744,0.09931285160646318
GA,2020,1135596.0,993212.0,14.0,2393089.0,2490396.0,14,53.34421892439337,49.00371353654204,0.435919840032272
GU,2020,,,,22635.0,5932.0,1,,79.23478139111562,
HI,2020,263666.0,68109.0,2.0,354762.0,155215.0,2,79.47132846055308,69.5643136847348,0.6505685550524828
IA,2020,262564.0,235439.0,4.0,762271.0,859418.0,4,52.72337716841063,47.00475861894605,0.30708909044829186
ID,2020,75679.0,212932.0,2.0,255531.0,561405.0,2,26.221800277882686,31.279194453421077,0.35328471263354777
IL,2020,1411665.0,437918.0,16.0,3169236.0,2416929.0,18,76.32341992762693,56.733662539506085,0.3311006746130843
IN,2020,467147.0,523439.0,9.0,1194901.0,1738745.0,9,47.158651545650756,40.730919817864866,0.33766378083790616
KS,2020,191219.0,400832.0,4.0,557258.0,775898.0,4,32.29772435144945,41.799909387948595,0.4440973149428874
KY,2020,183457.0,153790.0,2.0,735419.0,1363964.0,6,54.39840828828722,35.03024460043736,0.16064100738169262
MA,2020,727515.0,144766.0,5.0,1342022.0,699001.0,9,83.40374260129477,65.75241925250229,0.4273744097935202
MD,2020,970180.0,300421.0,8.0,1912740.0,1028150.0,8,76.35599216433798,65.03949484679808,0.4320464213214367
ME,2020,160491.0,83685.0,2.0,468978.0,340236.0,2,65.72758993512876,57.95475609665676,0.30174465592537947
MI,2020,1185630.0,1018131.0,14.0,2688527.0,2617881.0,14,53.800298671226145,50.6656668691891,0.41530183883335015
MN,2020,464778.0,185143.0,6.0,1554373.0,1474820.0,8,71.51299927221923,51.31310550367705,0.2145525227346029
MO,2020,517202.0,650197.0,8.0,1172135.0,1723982.0,8,44.30378987818218,40.47263974487218,0.4030911043994424
MS,2020,202925.0,157539.0,3.0,421014.0,550861.0,4,56.29549691508722,43.31976848874598,0.37089543408360126
MT,2020,149134.0,216466.0,1.0,262340.0,339169.0,1,40.79157549234136,43.6136450161178,0.607804704501512
NC,2020,406833.0,166226.0,3.0,2319078.0,2631336.0,13,70.99321361325798,46.84614256504607,0.11575981321966203
NE,2020,156605.0,276164.0,3.0,326018.0,585234.0,3,36.18674165663437,35.77693107943796,0.47491692747999453
NH,2020,147501.0,132406.0,2.0,413895.0,354045.0,2,52.69643131468666,53.89678881162591,0.36449071542047556
NJ,2020,859304.0,392200.0,11.0,2339539.0,1716328.0,12,68.66170623505798,57.68283328817242,0.308566331193799
NM,2020,235055.0,154789.0,3.0,495781.0,407786.0,3,60.294630672781935,54.86931240295407,0.43145001975503755
NV,2020,204931.0,187513.0,4.0,665526.0,633827.0,4,52.21917012363547,51.21979939246687,0.3020303181660411
NY,2020,113041.0,38158.0,2.0,4280974.0,2696791.0,27,74.76306060225266,61.35165056432826,0.02166868617673424
OH,2020,735990.0,676016.0,15.0,2349229.0,3011280.0,16,52.12371618817484,43.824737538916544,0.2634089412031581
OK,2020,120646.0,141025.0,2.0,475731.0,1044175.0,5,46.10598805370102,31.300027764874933,0.17216262058311502
OR,2020,247065.0,357726.0,5.0,403744.0,478207.0,5,40.851302350729426,45.77850696920804,0.6857421784203431
PA,2020,1497798.0,1107860.0,18.0,3346712.0,3432595.0,18,57.482524567690774,49.36657979938067,0.3843546250376329
RI,2020,45092.0,10190.0,1.0,154086.0,109894.0,2,81.56723707535907,58.370331085688306,0.20941738010455338
SC,2020,,,,1076799.0,1412684.0,7,,43.25392059315127,
TN,2020,242423.0,555538.0,8.0,853382.0,1685255.0,9,30.380306806974275,33.615755226131185,0.3143265460954047
TX,2020,1862950.0,1906754.0,36.0,4896673.0,5926712.0,36,49.41899947582091,45.241604174664396,0.3482925166202625
UT,2020,22909.0,126856.0,1.0,505946.0,873347.0,4,15.296631389176376,36.68154627044435,0.10858099040595436
VA,2020,,,,2253974.0,1775784.0,11,,55.93323470044603,
VT,2020,106165.0,42403.0,1.0,238833.0,95830.0,1,71.45886058909052,71.36522412098141,0.4439331506620092
WI,2020,494132.0,370668.0,8.0,1566671.0,1661399.0,8,57.138297872340424,48.53274557243182,0.2679000145597834
WV,2020,171691.0,192477.0,3.0,246903.0,514268.0,3,47.146097405593025,32.437257856644564,0.4784312592045677
WY,2020,23432.0,106909.0,1.0,66576.0,185732.0,1,17.977459126445247,26.38679708927184,0.5165947968356136
AL,2022,15749.0,101328.0,1.0,318540.0,647568.0,7,13.451830846366066,32.971469028307396,0.12118417402609231
AR,2022,,,,271771.0,598000.0,4,,31.246270570069594,
AZ,2022,459801.0,545688.0,7.0,1004462.0,934610.0,9,45.729093008476475,51.80117086936431,0.5185413434880191
CO,2022,508675.0,608318.0,8.0,1365427.0,1050960.0,8,45.53967661390895,56.506966806227645,0.4622574943500358
CT,2022,,,,712823.0,521387.0,5,,57.755406292284135,
DC,2022,122650.0,2508.0,1.0,174238.0,11701.0,1,97.99613288802954,93.70707597652994,0.6731132253050731
DE,2022,,,,178416.0,138201.0,1,,56.35073290442396,
FL,2022,620096.0,592006.0,12.0,2905702.0,3877219.0,28,51.15873086588422,42.838505711624826,0.1786991179758691
GA,2022,685669.0,1095021.0,14.0,1863870.0,2044102.0,14,38.50580392993727,47.694046937900275,0.4556557723545614
GU,2022,17760.0,2632.0,1.0,15636.0,17260.0,1,87.09297763828953,47.53161478599222,0.6198929961089494
HI,2022,229176.0,60302.0,2.0,271953.0,124091.0,2,79.16871057558778,68.66737029218976,0.7309238367454122
IA,2022,146716.0,178721.0,4.0,526460.0,677857.0,4,45.082765635130606,43.71440409792439,0.2702253642521031
ID,2022,32207.0,249627.0,2.0,180997.0,395351.0,2,11.42764889970692,31.404116957116187,0.4889997015691908
IL,2022,752684.0,639652.0,15.0,2103711.0,1768782.0,17,54.05907769388998,54.324462303740766,0.3595451302300611
IN,2022,185202.0,395816.0,9.0,779204.0,1227572.0,10,31.875432430664798,38.82864853875071,0.2895280788687925
KS,2022,243195.0,440861.0,4.0,425322.0,569567.0,4,35.55191387839592,42.750698821677595,0.6875701711447206
KY,2022,166708.0,154055.0,3.0,490921.0,953296.0,6,51.97232847928221,33.99219092421707,0.22210166477752305
MA,2022,599610.0,193898.0,8.0,1434518.0,706790.0,9,75.56445555684378,66.99260452022783,0.3705716319184349
MD,2022,654245.0,257933.0,8.0,1291446.0,690463.0,8,71.72339170644327,65.16172034134766,0.46025221137801986
ME,2022,68691.0,59194.0,2.0,372827.0,270523.0,2,53.71310161473198,57.950882101499964,0.19877982435688193
MI,2022,869362.0,950544.0,12.0,2040814.0,1899425.0,13,47.76961007876231,51.79416781570864,0.4618770587266407
MN,2022,309004.0,211029.0,5.0,1250518.0,1200855.0,8,59.42007526445437,51.012962939544494,0.21213948264911134
MO,2022,353273.0,633003.0,8.0,794978.0,1223617.0,8,35.81887828559146,39.38273898429353,0.48859528533460156
MS,2022,74023.0,96702.0,3.0,251202.0,454329.0,4,43.35803192268268,35.60467222560029,0.24198086264104623
MT,2022,94855.0,182373.0,2.0,158745.0,245081.0,2,34.215519355909215,39.31024748282676,0.6865035931316953
NC,2022,424321.0,466868.0,9.0,1795170.0,1956906.0,14,47.6129081485521,47.84471316679087,0.23751890953168325
NE,2022,99936.0,270422.0,3.0,235572.0,414599.0,3,26.98362125294985,36.23231426809255,0.5696316815114792
NH,2022,90620.0,138255.0,2.0,339027.0,277808.0,2,39.593664664117966,54.96234811578461,0.37104736274692585
NJ,2022,413294.0,320192.0,12.0,1416422.0,1160260.0,12,56.346542401627296,54.97077248958156,0.2846629890688878
NM,2022,122707.0,101345.0,3.0,387665.0,316352.0,3,54.767196900719476,55.06472144848775,0.3182479968523487
NV,2022,128411.0,175428.0,3.0,480774.0,515535.0,4,42.2628431504843,48.2555110914385,0.3049646244287666
NY,2022,86535.0,57036.0,3.0,2811755.0,2233120.0,26,60.27331424869925,55.73487945687455,0.028458782427711292
OH,2022,425929.0,892436.0,15.0,1790614.0,2318993.0,15,32.307365562647675,43.57141692624137,0.3208007481007308
OK,2022,,,,356988.0,760639.0,5,,31.941604846697512,
OR,2022,266376.0,327610.0,6.0,312001.0,288135.0,6,44.84550140912412,51.988382633269794,0.9897523228068305
PA,2022,940273.0,914984.0,13.0,2094075.0,1997635.0,17,50.681549779895725,51.178480390839034,0.45341849740084217
RI,2022,102712.0,19088.0,2.0,201750.0,150024.0,2,84.32840722495895,57.35216360504187,0.34624503232188847
SC,2022,55435.0,21012.0,1.0,517129.0,700500.0,7,72.51429094666894,42.47016127244013,0.06278349152328008
TN,2022,244744.0,494097.0,9.0,581902.0,1099462.0,9,33.12539504440062,34.608924658788936,0.43942953459215256
TX,2022,921051.0,1408715.0,32.0,2999053.0,3554478.0,38,39.53405620993696,45.76239892662444,0.35549782247158057
UT,2022,,,,342078.0,670924.0,4,,33.76873885737639,
VA,2022,,,,1572296.0,1462049.0,11,,51.81665235825194,
VT,2022,100769.0,25864.0,1.0,176494.0,78397.0,1,79.5756240474442,69.24293129219942,0.4968123629316061
WI,2022,376862.0,415493.0,6.0,1012955.0,939868.0,8,47.56226691318916,51.871316550450295,0.4057484984558252
WV,2022,71478.0,146385.0,2.0,149706.0,312004.0,2,32.808691700747715,32.42424898745966,0.4718611249485608
WY,2022,7237.0,170490.0,1.0,47250.0,132206.0,1,4.071975558018759,26.329573823109843,0.9903653263195435
