state_po,district,incumbent,incumbent_party,status_text,dem_candidate,rep_candidate,other_candidates,n_dem,n_rep,incumbent_running,paired_incumbents,harris24,trump24,total24,biden20,trump20,total20,pres24_margin,pres20_margin,lines_changed,race_type,race_note
AK,0,Nick Begich III,R,Incumbent advanced to general,Eric Hafner,Nick Begich III,Bill Hill (Independent); Jim McDermott (Libertarian),1,1,True,1,140026,184458,338177,153778.0,189951.0,357569.0,-13.69312508474994,-10.523697447698623,False,independent,Bill Hill
AL,1,None (new seat),,New representative to be elected,Clyde Jones Jr.,Jerry Carl,,1,1,False,1,103117,220873,326952,,,,-36.345566221179666,,True,standard,
AL,2,Shomari Figures,D,Incumbent renominated,Shomari Figures,Rhett Marques,,1,1,True,2,123966,165891,292303,,,,-14.464028814208385,,True,standard,
AL,3,Mike Rogers,R,Incumbent renominated,Lee McInnis,Mike Rogers,,1,1,True,1,82654,229676,314869,,,,-47.07264752025102,,True,standard,
AL,4,Robert Aderholt,R,Incumbent renominated,Amanda Pusczek,Robert Aderholt,,1,1,True,1,53098,267953,323449,,,,-66.92238927771601,,True,standard,
AL,5,Dale Strong,R,Incumbent renominated,Andrew Sneed,Dale Strong,,1,1,True,1,122344,224704,351650,,,,-29.494479149858233,,True,standard,
AL,6,Gary Palmer,R,Incumbent renominated,Maurice Mercer,Gary Palmer,,1,1,True,1,111288,231122,346221,,,,-34.997225548319264,,True,standard,
AL,7,Terri Sewell,D,Incumbent renominated,Terri Sewell,Ammie Akin,,1,1,True,1,175944,122397,300907,,,,17.94825384375597,,True,standard,
AR,1,Rick Crawford,R,Incumbent renominated,Terri Green,Rick Crawford,Steve Parsons (Libertarian),1,1,True,1,72183,196035,273446,80516.0,197832.0,286792.0,-46.175871865422906,-42.147240145429464,False,standard,
AR,2,French Hill,R,Incumbent renominated,Chris Jones,French Hill,,1,1,True,1,131089,180710,319500,140254.0,183964.0,333041.0,-15.914419225205982,-13.481669740730002,False,standard,
AR,3,Steve Womack,R,Incumbent renominated,Robb Ryerse,Steve Womack,Bobby Wilson (Libertarian),1,1,True,1,112073,189161,309672,110479.0,180794.0,300274.0,-25.590736769421778,-24.140582889591553,False,standard,
AR,4,Bruce Westerman,R,Incumbent renominated,James Russell,Bruce Westerman,,1,1,True,1,81560,193335,280058,92683.0,198057.0,298962.0,-40.66097964677422,-36.24337896402284,False,standard,
AZ,1,David Schweikert,,Incumbent retiring to run for governor,Amish Shah,Jay Feely,Monica Alponte (Libertarian),1,1,False,1,216232,230237,450734,231887.0,225013.0,462784.0,-3.136835928138348,1.5044867585905013,False,standard,
AZ,2,Eli Crane,R,Incumbent renominated,Jonathan Nez,Eli Crane,Curtis Goodwin (Libertarian),1,1,True,1,174969,237306,416477,183714.0,215659.0,405633.0,-15.120247407676915,-7.998788100347294,False,standard,
AZ,3,Yassamin Ansari,D,Incumbent renominated,Yassamin Ansari,,Alan Aversa (No Labels); David Redkey (Green),1,0,True,1,147522,62762,213222,170840.0,54754.0,229285.0,40.30739381027563,51.457928845625325,False,same_party,D
AZ,4,Greg Stanton,D,Incumbent renominated,Greg Stanton,Zuhdi Jasser,Tisha Benoit (No Labels),1,1,True,1,182893,159723,347506,201238.0,162975.0,371497.0,6.762673080066313,10.505665640710244,False,standard,
AZ,5,Andy Biggs,,Incumbent retiring to run for governor,Elizabeth Lee,Mark Lamb,,1,1,False,1,175673,264571,445025,171278.0,239646.0,417419.0,-20.192893032045866,-16.637626422404143,False,standard,
AZ,6,Juan Ciscomani,R,Incumbent renominated,JoAnna Mendoza,Juan Ciscomani,Jereme Peters (Libertarian); Gary Swing (Green),1,1,True,1,216024,219323,440175,214896.0,214580.0,436079.0,-0.7577863175811479,0.07357803462824465,False,standard,
AZ,7,Adelita Grijalva,D,Incumbent renominated,Adelita Grijalva,Daniel Butierez,,1,1,True,1,170352,108028,281685,194860.0,97580.0,296840.0,22.388102593577123,33.264943236219395,False,standard,
AZ,8,Abraham Hamadeh,R,Incumbent renominated,Bernadette Greene-Placentia,Abraham Hamadeh,,1,1,True,1,162183,226186,392023,171266.0,225761.0,402630.0,-16.479945618728582,-13.72576676145451,False,standard,
AZ,9,Paul Gosar,R,Incumbent renominated,Dani Sterbinsky,Paul Gosar,,1,1,True,1,137012,262106,402472,132165.0,225719.0,363126.0,-31.342610456055603,-26.14087246146796,False,standard,
CA,1,James Gallagher,R,Incumbent advanced to general,Mike McGuire,James Gallagher,,1,1,True,1,186337,144548,341947,,,,12.629463408737175,,True,standard,
CA,2,Jared Huffman,D,Incumbent advanced to general,Jared Huffman,Robin Littau,,1,1,True,1,236586,140619,389445,,,,25.44160337217163,,True,standard,
CA,3,Ami Bera,D,Incumbent advanced to general,Ami Bera,Robb Tucker,,1,1,True,1,195618,158363,366674,,,,10.524576177817453,,True,standard,
CA,4,Mike Thompson,D,Incumbent advanced to general. Democratic hold.,Eric Jones; Mike Thompson,,,2,0,True,1,191846,141949,344131,,,,14.94839647088782,,True,same_party,D
CA,5,Tom McClintock,R,Incumbent advanced to general,Michael Masuda,Tom McClintock,,1,1,True,1,139318,214442,362880,,,,-21.235866123925824,,True,standard,
CA,6,Kevin Kiley,,Incumbent advanced to general,Richard Pan,,Kevin Kiley (Independent),1,0,False,1,176946,148674,336566,,,,8.682513359130274,,True,independent,Kevin Kiley
CA,7,Doris Matsui,D,Incumbent advanced to general. Democratic hold.,Doris Matsui; Mai Vang,,,2,0,True,1,189995,145560,346796,,,,13.242240467285542,,True,same_party,D
CA,8,John Garamendi,D,Incumbent advanced to general,John Garamendi,Rudy Recile,,1,1,True,1,204669,98182,312678,,,,35.16151506846601,,True,standard,
CA,9,Josh Harder,D,Incumbent advanced to general,Josh Harder,John McBride,,1,1,True,1,145369,114699,268495,,,,11.79306950489872,,True,standard,
CA,10,Mark DeSaulnier,D,Incumbent advanced to general,Mark DeSaulnier,Jeff Frese,,1,1,True,1,246231,119354,378177,,,,34.70519851744464,,True,standard,
CA,11,Nancy Pelosi,,Incumbent retiring. Democratic hold.,Connie Chan; Scott Wiener,,,2,0,False,1,295463,50870,361182,,,,70.62364833844883,,True,same_party,D
CA,12,Lateefah Simon,D,Incumbent advanced to general Democratic hold.,Jamie Joyce; Lateefah Simon,,,2,0,True,1,269144,33875,318388,,,,77.64166603414307,,True,same_party,D
CA,13,Adam Gray,D,Incumbent advanced to general,Adam Gray,Kevin Lincoln,,1,1,True,1,101906,101125,208792,,,,0.38467032128098666,,True,standard,
CA,14,Aisha Wahab,D,Incumbent advanced to general. Democratic hold.,Melissa Hernandez; Aisha Wahab,,,2,0,True,1,186745,87471,285569,,,,36.20284739037839,,True,same_party,D
CA,15,Kevin Mullin,D,Incumbent advanced to general,Kevin Mullin,Charles Hoelter,,1,1,True,1,220603,74250,305590,,,,49.63592027213561,,True,standard,
CA,16,Sam Liccardo,D,Incumbent advanced to general,Sam Liccardo,Peter Soulé,,1,1,True,1,246022,82261,340419,,,,49.88409390678165,,True,standard,
CA,17,Ro Khanna,D,Incumbent advanced to general,Ro Khanna,Ritesh Tandon,,1,1,True,1,177917,74911,264340,,,,40.74153179236477,,True,standard,
CA,18,Zoe Lofgren,D,Incumbent advanced to general,Zoe Lofgren,Shane Lewis,,1,1,True,1,148835,81258,237523,,,,29.36942888310379,,True,standard,
CA,19,Jimmy Panetta,D,Incumbent advanced to general,Jimmy Panetta,Peter Coe Verbica,,1,1,True,1,246254,116802,376248,,,,35.65620730686175,,True,standard,
CA,20,Vince Fong,R,Incumbent advanced to general,Sandra Van Scotter,Vince Fong,,1,1,True,1,103310,204962,315411,,,,-32.974775522914825,,True,standard,
CA,21,Jim Costa,D,Incumbent advanced to general,Jim Costa,Kyle Kirkland,,1,1,True,1,104289,92237,201925,,,,6.132521905498509,,True,standard,
CA,22,David Valadao,R,Incumbent advanced to general,Randy Villegas,David Valadao,,1,1,True,1,81817,84994,171356,,,,-1.904550659129194,,True,standard,
CA,23,Jay Obernolte,R,Incumbent advanced to general,Tessa Lynn Hodge,Jay Obernolte,,1,1,True,1,108128,161911,277288,,,,-19.916752765341304,,True,standard,
CA,24,Salud Carbajal,D,Incumbent advanced to general,Salud Carbajal,Bob Smith,,1,1,True,1,214293,126559,351804,,,,25.739617194559514,,True,standard,
CA,25,Raul Ruiz,D,Incumbent advanced to general,Raul Ruiz,Joe Males,,1,1,True,1,140058,124338,270412,,,,5.945627014024418,,True,standard,
CA,26,Julia Brownley,,Incumbent retiring,Jacqui Irwin,Sam Gallucci,,1,1,False,1,193294,140781,343771,,,,15.718925391005014,,True,standard,
CA,27,George T. Whitesides,,Incumbent advanced to general,George Whitesides,Jason Gibbs,,1,1,False,1,158101,129273,296345,,,,10.031526860467544,,True,standard,
CA,28,Judy Chu,D,Incumbent advanced to general,Judy Chu,April Verlato,,1,1,True,1,199379,116724,326913,,,,26.1481226056064,,True,standard,
CA,29,Luz Rivas,D,Incumbent advanced to general. Democratic hold.,Angelica Dueñas; Luz Rivas,,,2,0,True,1,156025,75625,239016,,,,34.707532916037124,,True,same_party,D
CA,30,Laura Friedman,D,Incumbent advanced to general,Laura Friedman,Scott Meyers,,1,1,True,1,233119,96524,341310,,,,41.437251814842114,,True,standard,
CA,31,Gil Cisneros,D,Incumbent advanced to general,Gil Cisneros,Eric Ching,,1,1,True,1,159494,123786,292043,,,,12.60519627223948,,True,standard,
CA,32,Brad Sherman,D,Incumbent advanced to general,Brad Sherman,Larry Thompson,,1,1,True,1,219603,129673,359755,,,,25.747546353027406,,True,standard,
CA,33,Pete Aguilar,D,Incumbent advanced to general,Pete Aguilar,Stephanie Vargas,,1,1,True,1,132891,108565,248705,,,,10.074713405340932,,True,standard,
CA,34,Jimmy Gomez,D,Incumbent advanced to general. Democratic hold.,Jimmy Gomez; Angela Gonzales-Torres,,,2,0,True,1,156729,48090,214525,,,,53.04146587963031,,True,same_party,D
CA,35,Norma Torres,D,Incumbent advanced to general,Norma Torres,Mike Cargile,,1,1,True,1,136179,115899,259995,,,,8.045128888677315,,True,standard,
CA,36,Ted Lieu,D,Incumbent advanced to general,Ted Lieu,Houston Brignano,,1,1,True,1,261912,111107,385621,,,,40.42823555904659,,True,standard,
CA,37,Sydney Kamlager-Dove,D,Incumbent advanced to general. Democratic hold.,Sydney Kamlager-Dove; Samantha Mota,,,2,0,True,1,184950,42949,235124,,,,62.30874203046086,,True,same_party,D
CA,38,None (new seat),,New representative to be elected,Hilda Solis,Pedro Casas,,1,1,False,1,142634,110393,261716,,,,12.742118430048967,,True,standard,
CA,39,Mark Takano,D,Incumbent advanced to general,Mark Takano,Steve Manos,,1,1,True,1,125382,103042,235647,,,,9.780058137498687,,True,standard,
CA,40,Young Kim,R,Incumbent advanced to general. Republican hold.,,Ken Calvert; Young Kim,,0,2,True,2,161640,208262,381211,,,,-12.603878865212948,,True,same_party,R
CA,41,Linda Sánchez,D,Incumbent advanced to general,Linda Sánchez,Mitch Clemmons,,1,1,True,1,172854,128694,311081,,,,14.644434716860998,,True,standard,
CA,42,Robert Garcia,D,Incumbent advanced to general,Robert Garcia,Brian Burley,,1,1,True,1,192323,146391,349703,,,,13.56070313007434,,True,standard,
CA,43,Maxine Waters,D,Incumbent advanced to general,Maxine Waters,Cristian Morales,,1,1,True,1,162845,53434,223448,,,,50.587898039106896,,True,standard,
CA,44,Nanette Barragán,D,Incumbent advanced to general,Nanette Barragán,Genevieve Angel,,1,1,True,1,145093,67784,219843,,,,36.31627653527624,,True,standard,
CA,45,Derek Tran,D,Incumbent advanced to general,Derek Tran,Chuong Vo,,1,1,True,1,151772,139943,300410,,,,4.054985173885471,,True,standard,
CA,46,Lou Correa,D,Incumbent advanced to general,Lou Correa,David Pan,,1,1,True,1,128647,91851,227640,,,,16.687679706845415,,True,standard,
CA,47,Dave Min,D,Incumbent advanced to general,Dave Min,Jenny Le Roux,,1,1,True,1,190293,154229,357880,,,,10.467836596792077,,True,standard,
CA,48,Darrell Issa,,Incumbent retiring,Marni von Wilpert,Jim Desmond,,1,1,False,1,165733,154575,328887,,,,3.483522109969155,,True,standard,
CA,49,Mike Levin,D,Incumbent advanced to general,Mike Levin,Armen Kurdian,,1,1,True,1,211077,164262,386796,,,,12.472724656910152,,True,standard,
CA,50,Scott Peters,D,Incumbent advanced to general,Scott Peters,Steve Cohen,,1,1,True,1,214644,146603,372726,,,,18.835035308251694,,True,standard,
CA,51,Sara Jacobs,D,Incumbent advanced to general,Sara Jacobs,Ricardo Cabrera,,1,1,True,1,205156,140215,355711,,,,18.80325794580321,,True,standard,
CA,52,Juan Vargas,D,Incumbent advanced to general,Juan Vargas,Jeff Belle,,1,1,True,1,156713,108809,272674,,,,18.041442893620868,,True,standard,
CO,1,Diana DeGette,,Incumbent lost renomination,Melat Kiros,Christy Peterson,Shimon Blau (Independent); Chad Humphrey (Libertarian); Critter Milton (Unity),1,1,False,1,280661,75479,365908,315904.0,72379.0,397310.0,57.612736564272474,62.71842959902958,False,standard,
CO,2,Joe Neguse,D,Incumbent renominated,Joe Neguse,Kelley Dennison,Gaylon Kent (Libertarian),1,1,True,1,295692,123973,431634,306400.0,128491.0,446260.0,40.91811325700261,40.9088714183554,False,standard,
CO,3,Jeff Hurd,R,Incumbent renominated,Dwayne Romero,Jeff Hurd,Clifton Brown (Independent); Cory Robertson (Libertarian),1,1,True,1,178501,218065,406672,184181.0,218187.0,412128.0,-9.976649536268868,-8.451467313504056,False,standard,
CO,4,Lauren Boebert,R,Incumbent renominated,Eileen Laubacher,Lauren Boebert,Douglas Mangeris (Libertarian); Tim Veldhuizen (Independent),1,1,True,1,182901,267114,461367,174553.0,256585.0,442183.0,-18.71337622079264,-19.02685451062073,False,standard,
CO,5,Jeff Crank,R,Incumbent renominated,Jessica Killin,Jeff Crank,Mark Elworth (Libertarian); Christopher Mitchell (Constitution),1,1,True,1,165522,199615,375301,160880.0,198614.0,373408.0,-9.337043356329268,-10.496419968066226,False,standard,
CO,6,Jason Crow,D,Incumbent renominated,Jason Crow,Jason Clark,Patty McMahon (Libertarian); Meredith Ryan (Unity); Samir Ezzeldin Witta (Independent),1,1,True,1,210533,139305,360149,232517.0,141195.0,383771.0,20.360281044369106,24.436464443207605,False,standard,
CO,7,Brittany Pettersen,D,Incumbent renominated,Brittany Pettersen,Tim Bennett,Lawrence Clark (Constitution); Susan Hall (Unity); Joe Krzeczkowski (Independent); Dan Sallis (Libertarian),1,1,True,1,249924,183164,445524,256166.0,190987.0,459940.0,15.41488104034284,14.576442515201732,False,standard,
CO,8,Gabe Evans,R,Incumbent renominated,Manny Rutinel,Gabe Evans,Dan Wood (Libertarian),1,1,True,1,164425,170726,344318,173751.0,158170.0,341951.0,-1.8800480977231158,4.694189279979272,False,standard,
CT,1,John B. Larson,,Incumbent lost renomination,Luke Bronin,Amy Chai,,1,1,False,1,208405,129726,343851,227830.0,126759.0,359895.0,23.26879227281734,28.503704288627116,False,standard,
CT,2,Joe Courtney,D,Incumbent renominated,Joe Courtney,George Austin,,1,1,True,1,205994,175984,388477,214158.0,169366.0,391348.0,7.856473409463372,11.679060502080704,False,standard,
CT,3,Rosa DeLauro,D,Incumbent renominated,Rosa DeLauro,Chris Lancia,,1,1,True,1,191831,143737,342110,213122.0,142174.0,359820.0,14.332117484384685,19.968702152571378,False,standard,
CT,4,Jim Himes,D,Incumbent renominated,Jim Himes,Michael Goldstein,,1,1,True,1,206080,127034,338387,230411.0,120230.0,355456.0,23.729413954381982,31.42273721555665,False,standard,
CT,5,Jahana Hayes,D,Incumbent renominated,Jahana Hayes,Chris Shea,,1,1,True,1,179743,160437,345604,195160.0,156762.0,357217.0,5.675230760185784,10.910940492495497,False,standard,
DE,0,Sarah McBride,D,Incumbent renominated,Sarah McBride,Joseph Arminio,,1,1,True,1,289758,214351,511697,296268.0,200603.0,504010.0,14.958471282996337,19.253488329968945,False,standard,
FL,1,Jimmy Patronis,R,Incumbent renominated,Gay Valimont,Jimmy Patronis,Tyler Davis (Independent),1,1,True,1,130210,287054,421568,,,,-37.5886728785613,,True,standard,
FL,2,Neal Dunn,,Incumbent retiring,Amanda Green,Austin Rogers,,1,1,False,1,166158,239978,410127,,,,-18.176177438099554,,True,standard,
FL,3,Kat Cammack,R,Incumbent renominated,Seth Harp,Kat Cammack,Mike Klein (Independent),1,1,True,1,155748,240137,399639,,,,-21.31654394584286,,True,standard,
FL,4,Aaron Bean,R,Incumbent renominated,LaShonda Holloway,Aaron Bean,Todd Schaefer (Independent); Mike Sell (Florida Forward),1,1,True,1,173072,220106,397132,,,,-11.962520792109427,,True,standard,
FL,5,John Rutherford,R,Incumbent renominated,Rachel Grage,John Rutherford,,1,1,True,1,168926,262439,436333,,,,-21.67839300824128,,True,standard,
FL,6,Randy Fine,R,Incumbent renominated,Eric Yonce,Randy Fine,Michael Gist (Independent); Andrew Parrott (Libertarian),1,1,True,1,152754,285616,441578,,,,-30.308187147843146,,True,standard,
FL,7,Cory Mills,,Incumbent lost renomination,Bale Dalton,Ryan Elijah,Christopher Dennison (Libertarian),1,1,False,1,184389,237638,426813,,,,-12.617439168584001,,True,standard,
FL,8,Mike Haridopolos,R,Incumbent renominated,Jennifer Jenkins,Mike Haridopolos,,1,1,True,1,177979,247784,430519,,,,-16.395271547785974,,True,standard,
FL,9,Darren Soto,D,Incumbent renominated,Darren Soto,Dan Green,,1,1,True,1,152204,218731,374281,,,,-17.93494817151253,,True,standard,
FL,10,Maxwell Frost,D,Incumbent re-elected,Maxwell Frost,,,1,0,True,1,183316,111658,298720,,,,24.292988534582708,,True,same_party,D
FL,11,Daniel Webster,,Incumbent retiring,James Pericola,Joe Strada,Ralph Groves (Libertarian),1,1,False,1,187154,257599,449051,,,,-15.8391286849105,,True,standard,
FL,12,Gus Bilirakis,R,Incumbent renominated,Kimberly Overman,Gus Bilirakis,Branden Scrivener (Independent),1,1,True,1,159991,218927,382929,,,,-15.553760972030888,,True,standard,
FL,13,Anna Paulina Luna,R,Incumbent renominated,Leela Gray,Anna Paulina Luna,Tony D'Arrigo (Independent),1,1,True,1,174640,228933,407551,,,,-13.453080359687094,,True,standard,
FL,14,Kathy Castor,D,Incumbent renominated,Kathy Castor,Mike Beltran,Brian Lambert (Libertarian),1,1,True,1,171479,212233,387748,,,,-10.62098657326328,,True,standard,
FL,15,Laurel Lee,R,Incumbent renominated,Robert People,Laurel Lee,,1,1,True,1,157389,236552,398740,,,,-20.095141150578385,,True,standard,
FL,16,Vern Buchanan,,Incumbent retiring,Kelly Kirschner,Sydney Gruters,Mark Davis (Independent),1,1,False,1,184331,243409,431341,,,,-13.811661289568429,,True,standard,
FL,17,Greg Steube,R,Incumbent renominated,Matthew Montavon,Greg Steube,Michael Quirk (Independent),1,1,True,1,174418,274197,451668,,,,-22.24156570778953,,True,standard,
FL,18,Scott Franklin,R,Incumbent renominated,Curtis Gibson,Scott Franklin,Deva Simmons (Independent),1,1,True,1,152345,215207,370821,,,,-17.102886122235766,,True,standard,
FL,19,Byron Donalds,,Incumbent retiring to run for governor,Victor Arias,Jim Schwartzel,Seth Haskin (Independent),1,1,False,1,145965,273572,422283,,,,-30.416149231176274,,True,standard,
FL,20,Debbie Wasserman Schultz,D,"Rep. Sheila Cherfilus-McCormick (D) resigned April 21, 2026. Democratic loss.",Debbie Wasserman Schultz,Brent Andersen,Kedner Maxime (Independent Party of Florida),1,1,True,2,221091,100494,324521,,,,37.50081626941555,,True,standard,
FL,21,Brian Mast,R,Incumbent renominated,James Martin,Brian Mast,Alexander Cooke (Independent),1,1,True,1,186001,259006,448209,,,,-16.40535991568672,,True,standard,
FL,22,None (new seat),,New representative to be elected,Pia Dandiya,Casey Askar,,1,1,False,1,173837,214070,391475,,,,-10.371815924951084,,True,standard,
FL,23,Lois Frankel,D,Incumbent renominated,Lois Frankel,Deborah Adeimy,,1,1,True,1,190174,143874,337102,,,,13.860283552064374,,True,standard,
FL,24,Frederica Wilson,,Incumbent retiring,Oliver Gilbert,Te Mayonna Brown,,1,1,False,1,191546,83962,277976,,,,39.04931980196582,,True,standard,
FL,25,Jared Moskowitz,D,Incumbent renominated,Jared Moskowitz,Scott Singer,Peter Jassenoff (Libertarian),1,1,True,1,169440,203850,376289,,,,-9.218034236116692,,True,standard,
FL,26,Mario Díaz-Balart,R,Incumbent renominated,Nicole Locklin,Mario Díaz-Balart,Deborah Ann Meidinger Hosey (Independent),1,1,True,1,131758,191736,326115,,,,-18.540683907584068,,True,standard,
FL,27,María Elvira Salazar,R,Incumbent renominated,Eliott Rodriguez,María Elvira Salazar,,1,1,True,1,142685,191853,337184,,,,-14.697284015567739,,True,standard,
FL,28,Carlos A. Giménez,,Incumbent renominated,Phil Ehr,Carlos Giménez,Eddy Rojas (Independent),1,1,False,1,124039,209509,335833,,,,-25.62449782340173,,True,standard,
GA,1,Buddy Carter,,Incumbent retiring to run for U.S. Senate,Amanda Hollowell,Jim Kingston,,1,1,False,1,152070,209540,363589,144314.0,189725.0,338574.0,-15.892812698763862,-13.594520400312538,False,standard,
GA,2,Sanford Bishop,D,Incumbent renominated,Sanford Bishop,Matt Day,,1,1,True,1,169577,145474,316317,173621.0,140787.0,317280.0,7.650507378170518,10.443118495712577,False,standard,
GA,3,Brian Jack,R,Incumbent renominated,Maura Keller,Brian Jack,,1,1,True,1,145886,270196,418554,132438.0,248375.0,385533.0,-29.876322455669797,-30.44460141854401,False,standard,
GA,4,Hank Johnson,D,Incumbent renominated,Hank Johnson,James Duffie,,1,1,True,1,234429,71937,309663,248593.0,65346.0,317482.0,53.03852255145806,58.37025664221393,False,standard,
GA,5,Nikema Williams,D,Incumbent renominated,Nikema Williams,John Oscar Salvesen,,1,1,True,1,299983,48165,351733,298038.0,45300.0,347583.0,72.33073290669485,73.61200915715709,False,standard,
GA,6,Lucy McBath,D,Incumbent renominated,Lucy McBath,Kevin Martin,,1,1,True,1,280411,92612,376079,272649.0,90780.0,367715.0,50.345152979843064,50.04251174232106,False,standard,
GA,7,Rich McCormick,R,Incumbent renominated,Tony Kozycki,Rich McCormick,,1,1,True,1,166264,261716,432786,160882.0,240034.0,406792.0,-22.30291135099771,-19.742789013159864,False,standard,
GA,8,Austin Scott,R,Incumbent renominated,Kelly Esti,Austin Scott,,1,1,True,1,119340,225184,345955,117889.0,209159.0,330441.0,-30.72180747930478,-27.907218512267313,False,standard,
GA,9,Andrew Clyde,R,Incumbent renominated,Caitlyn Gegen,Andrew Clyde,,1,1,True,1,130776,267538,401323,121352.0,239320.0,365489.0,-34.33522296479662,-32.70783426492769,False,standard,
GA,10,Mike Collins,,Incumbent retiring to run for U.S. Senate,Pam Delancy,Houston Gaines,,1,1,False,1,162887,249036,414479,146057.0,226098.0,376859.0,-20.913860114633074,-21.50743641762169,False,standard,
GA,11,Barry Loudermilk,,Incumbent retiring,Chris Harden,John Cowan,,1,1,False,1,159023,257070,420016,149016.0,234589.0,390136.0,-23.563722533183686,-22.307582017961185,False,standard,
GA,12,Rick Allen,R,Incumbent renominated,Ceretta Smith,Rick Allen,,1,1,True,1,149015,198465,349195,151146.0,185743.0,340948.0,-14.231034879705307,-10.269554660437118,False,standard,
GA,13,Everton Blair,,Blair lost the initial nomination for the full term; later elected to complete David Scott's unexpired term.,Jasmine Clark,Jonathan Chavez,,1,1,False,1,257537,103350,364212,248807.0,104096.0,356696.0,42.724453914937364,41.005885469945,False,standard,
GA,14,Clay Fuller,R,Incumbent renominated,Shawn Harris,Clay Fuller,Andrew Underwood (Libertarian),1,1,True,1,120819,262833,386145,108830.0,242501.0,356187.0,-37.01635857495856,-38.047026877787616,False,standard,
HI,1,Ed Case,D,Incumbent renominated,Ed Case,Adriel Lam,Nathan Berning (Independent); Jordan Conley (Green),1,1,True,1,153039,91498,248840,178660.0,96350.0,279670.0,25.166334746889017,29.929820733791498,False,standard,
HI,2,Jill Tokuda,D,Incumbent renominated,Jill Tokuda,Brenton Awa,Edward Codelia (Independent); Randall Terry (Independent),1,1,True,1,160005,102163,267861,187470.0,100514.0,294799.0,22.062952000244117,30.194733040724486,False,standard,
IA,1,Mariannette Miller-Meeks,R,Incumbent renominated,Christina Bohannan,Mariannette Miller-Meeks,Michael Bridgford (Independent),1,1,True,1,190502,226309,422996,203400.0,215742.0,426927.0,-8.590704180072024,-2.94458679874601,False,standard,
IA,2,Ashley Hinson,,Incumbent retiring to run for U.S. Senate,Lindsay James,Joe Mitchell,Dave Bushaw (Independent); Rick Stewart (Libertarian),1,1,False,1,186017,227941,419694,203246.0,222312.0,433378.0,-10.127597485735269,-4.480235361572336,False,standard,
IA,3,Zach Nunn,R,Incumbent renominated,Sarah Trone Garriott,Zach Nunn,,1,1,True,1,199043,217645,422161,205591.0,207043.0,420101.0,-4.464251430326767,-0.35188569046661206,False,standard,
IA,4,Randy Feenstra,,Incumbent retiring to run for governor,David Dawson,Chris McGowan,,1,1,False,1,131716,255124,391998,146824.0,252575.0,406128.0,-31.901561369041463,-26.477532492570088,False,standard,
ID,1,Russ Fulcher,R,Incumbent renominated,Kaylee Peterson,Russ Fulcher,Brendan Gomez (Constitution); Sarah Zabel (Independent),1,1,True,1,126556,343893,482249,132085.0,302868.0,447457.0,-46.19778126853283,-39.26470216322223,False,standard,
ID,2,Mike Simpson,R,Incumbent renominated,Ellie Gilbreath,Mike Simpson,Emre Houser (Independent); Tripp Hutchinson (Independent); Will Johanson (Libertarian),1,1,True,1,148416,261353,422563,154936.0,251251.0,419904.0,-27.561138104639443,-23.711984873961992,False,standard,
IL,1,Jonathan Jackson,D,Incumbent renominated,Jonathan Jackson,Christian Maxwell,,1,1,True,1,214180,109215,327524,260631.0,103984.0,369753.0,32.45721176888944,42.962302702850955,False,standard,
IL,2,Robin Kelly,,Incumbent retiring to run for U.S. Senate,Donna Miller,Michael Noack,,1,1,False,1,196188,97557,297831,231924.0,98000.0,334668.0,33.57708216310065,40.592378850886874,False,standard,
IL,3,Delia Ramirez,D,Incumbent renominated,Delia Ramirez,Angel Oakley,,1,1,True,1,172024,88947,264637,207342.0,84147.0,297395.0,31.83380528871024,42.264030546607245,False,standard,
IL,4,Chuy García,,Incumbent retiring,Patty Garcia,Lupe Castillo,Chris Getty (Independent); Ed Hershey (Working Class),1,1,False,1,133997,74150,211284,175301.0,62731.0,242543.0,28.752276035686318,47.29196074477381,False,standard,
IL,5,Mike Quigley,D,Incumbent renominated,Mike Quigley,Tommy Hanson,,1,1,True,1,254128,115335,373934,275679.0,117237.0,400256.0,37.56614329445709,40.32464954341386,False,standard,
IL,6,Sean Casten,D,Incumbent renominated,Sean Casten,Niki Conforti,,1,1,True,1,190484,170365,366334,216368.0,173185.0,396914.0,5.575462312490821,11.085269526867974,False,standard,
IL,7,Danny Davis,,Incumbent retiring,La Shawn Ford,Chad Koppie,,1,1,False,1,227588,46357,277166,274896.0,41082.0,321060.0,66.15598021500666,73.99692383646963,False,standard,
IL,8,Raja Krishnamoorthi,,Incumbent retiring to run for U.S. Senate,Melissa Bean,Jennifer Davis,,1,1,False,1,162610,141333,307970,189430.0,138017.0,333628.0,7.000325718967043,15.70116690640012,False,standard,
IL,9,Jan Schakowsky,,Incumbent retiring,Daniel Biss,John Elleson,,1,1,False,1,234534,107886,346306,267524.0,108596.0,382482.0,36.986157350622044,42.25459959587366,False,standard,
IL,10,Brad Schneider,D,Incumbent renominated,Brad Schneider,Carl Lambrecht,,1,1,True,1,198884,126235,329534,220357.0,128416.0,355522.0,22.345356623267172,26.361272231508746,False,standard,
IL,11,Bill Foster,D,Incumbent renominated,Bill Foster,Jeff Walter,,1,1,True,1,198860,157499,361856,215328.0,157129.0,380478.0,11.606554064861559,15.625696389113374,False,standard,
IL,12,Mike Bost,R,Incumbent renominated,Julie Fortier,Mike Bost,,1,1,True,1,102645,264477,372700,106204.0,270198.0,383257.0,-44.08125909098338,-43.568843948756914,False,standard,
IL,13,Nikki Budzinski,D,Incumbent renominated,Nikki Budzinski,Jeff Wilson,,1,1,True,1,180464,145725,331866,195393.0,155142.0,358904.0,10.649960605661136,11.482733535880868,False,standard,
IL,14,Lauren Underwood,D,Incumbent renominated,Lauren Underwood,James Marter,,1,1,True,1,173949,156554,335428,191028.0,151016.0,348998.0,5.2631897441173,11.69791021038229,False,standard,
IL,15,Mary Miller,R,Incumbent renominated,Jennifer Todd,Mary Miller,,1,1,True,1,111678,263292,381405,117057.0,270236.0,395434.0,-40.433634690775264,-39.55119250799782,False,standard,
IL,16,Darin LaHood,R,Incumbent renominated,Paul Nolley,Darin LaHood,,1,1,True,1,147743,236254,390305,152633.0,238789.0,400519.0,-23.049919660830685,-22.011026462488058,False,standard,
IL,17,Eric Sorensen,D,Incumbent renominated,Eric Sorensen,Dillan Vancil,,1,1,True,1,162905,147899,316290,174821.0,148985.0,331627.0,4.828123190177733,7.9788515345608175,False,standard,
IN,1,Frank J. Mrvan,,Incumbent renominated,Frank Mrvan,Barb Regnitz,,1,1,False,1,161625,160330,327083,181832.0,153364.0,340700.0,0.4022301253280738,8.492941443215313,False,standard,
IN,2,Rudy Yakym,R,Incumbent renominated,Jamee Decio,Rudy Yakym,William Henry (Libertarian),1,1,True,1,107778,187182,299603,117687.0,187968.0,311424.0,-26.920260374288038,-22.993571183196742,False,standard,
IN,3,Marlin Stutzman,R,Incumbent renominated,Kelly Thompson,Marlin Stutzman,,1,1,True,1,107772,207946,321172,111650.0,209890.0,328584.0,-31.72894798522732,-30.55296386141693,False,standard,
IN,4,Jim Baird,R,Incumbent renominated,Drew Cox,Jim Baird,,1,1,True,1,114999,213001,333994,118417.0,219029.0,345309.0,-29.878658536585366,-29.815733480319814,False,standard,
IN,5,Victoria Spartz,R,Incumbent renominated,J. D. Ford,Victoria Spartz,,1,1,True,1,150105,212150,369170,151397.0,210212.0,369022.0,-17.12743785454997,-16.26480535606138,False,standard,
IN,6,Jefferson Shreve,R,Incumbent renominated,Cinde Wirth,Jefferson Shreve,,1,1,True,1,107012,212902,325612,109391.0,215307.0,331748.0,-33.09952049613334,-32.619849829687894,False,standard,
IN,7,André Carson,D,Incumbent renominated,André Carson,Patrick McAuley,James Sceniak (Libertarian),1,1,True,1,189586,77134,271247,213498.0,84813.0,303734.0,42.161067786442715,43.13786618663073,False,standard,
IN,8,Mark Messmer,R,Incumbent renominated,Mary Allen,Mark Messmer,,1,1,True,1,103784,223051,332397,112346.0,225275.0,343948.0,-36.49150182813958,-33.448452554787764,False,standard,
IN,9,Erin Houchin,R,Incumbent renominated,Brad Meyer,Erin Houchin,Tonya Hudson (Libertarian),1,1,True,1,121011,226651,353491,126197.0,223661.0,356696.0,-30.3858345174336,-27.85815959617902,False,standard,
KS,1,Tracey Mann,R,Incumbent renominated,Lauren Reinhold,Tracey Mann,Steven Jacob (Libertarian),1,1,True,1,103889,200988,310550,110422.0,206364.0,323819.0,-31.848581559120564,-30.28606062136584,False,standard,
KS,2,Derek Schmidt,R,Incumbent renominated,Don Coover,Derek Schmidt,John Hauer (Libertarian),1,1,True,1,120738,181316,307903,130954.0,183352.0,321754.0,-20.055354340614592,-16.671014870858336,False,standard,
KS,3,Sharice Davids,D,Incumbent renominated,Sharice Davids,Eric Jenkins,Steven Hohe (Libertarian),1,1,True,1,203405,187105,397590,205621.0,187731.0,401921.0,4.174028834088756,4.548089243222355,False,standard,
KS,4,Ron Estes,R,Incumbent renominated,Katy Tyndell,Ron Estes,Drew Cranmer (Libertarian),1,1,True,1,116821,189393,311548,123326.0,193958.0,324810.0,-23.69976552345745,-22.261444006000932,False,standard,
KY,1,James Comer,R,Incumbent renominated,Drew Williams,James Comer,,1,1,True,1,88125,250232,342750,98100.0,248460.0,351824.0,-47.91004767154219,-43.38642659279778,False,standard,
KY,2,Brett Guthrie,R,Incumbent renominated,Megan Wingfield,Brett Guthrie,Thomas Loecken (Independent),1,1,True,1,100536,245734,351285,108502.0,237998.0,352498.0,-41.93201836717013,-37.372582972582975,False,standard,
KY,3,Morgan McGarvey,D,Incumbent renominated,Morgan McGarvey,Maria Rodriquez,,1,1,True,1,194712,131797,332190,220429.0,138649.0,365965.0,19.26899411654809,22.774995961880148,False,standard,
KY,4,Thomas Massie,,Incumbent lost renomination,Melissa Strange,Ed Gallrein,Jeremy Todd (Libertarian),1,1,False,1,117644,250916,374804,122980.0,244777.0,374537.0,-36.16019101367484,-33.1188801300859,False,standard,
KY,5,Hal Rogers,R,Incumbent renominated,Ned Pillersdorf,Hal Rogers,Gerardo Serrano (Independent); Mikel Wein (Independent),1,1,True,1,55275,257630,316756,64435.0,258817.0,327397.0,-64.66978795481056,-60.13327063714996,False,standard,
KY,6,Andy Barr,,Incumbent retiring to run for U.S. Senate,Zach Dembo,Ralph Alvarado,Jay Bowman (Independent); Pete Lynch (Kentucky Party),1,1,False,1,147751,201185,355524,158028.0,197944.0,363215.0,-15.313409908980443,-11.213241490903778,False,standard,
LA,1,Steve Scalise,R,Incumbent running,Lauren Jewett,Randall Arrington; Steve Scalise,Liddy Glass (Independent),1,2,True,1,108441,246801,361900,,,,-38.94809735335349,,True,jungle,
LA,2,Troy Carter,D,Incumbent running,Troy Carter; Renada Collins,Peter Williams,Lisa Ballay (Libertarian); Walter Beach (Independent),2,1,True,1,222904,77618,306729,,,,48.34454715461763,,True,jungle,
LA,3,Clay Higgins,R,Incumbent running,John Day; Priscilla Gonzalez; Tia LeBrun; Caleb Walker,Kate Cotten; Clay Higgins,,4,2,True,1,105523,226788,336856,,,,-36.49141918263314,,True,jungle,
LA,4,Mike Johnson,R,Incumbent running,Conrad Cable; Matt Gromlich,Gordon Heslop; Mike Johnson; Mike Nichols,,2,3,True,1,103444,213190,320591,,,,-34.66020705293809,,True,jungle,
LA,5,Julia Letlow,,Incumbent retiring to run for U.S. Senate,Dan McKay; Patricia Moore; Antonio Wilson,Stewart Cathey Jr.; Misti Cordell; Omar Dantzler; Michael Echols; Gabe Firment; Austin Magee,,3,6,False,1,103796,212946,320662,,,,-34.46022314691452,,True,jungle,
LA,6,Cleo Fields,,Incumbent retiring to run for Louisiana State Senate,Pat Forbes; Lindsay Garcia,Monique Appeaning; Larry Davis; Rick Edmonds; Chris Johnson; Michael Mebruer; Blake Miguez; Stephen Wagley,Rufus Craig (Libertarian),2,7,False,1,122761,231162,360237,,,,-30.628413524975773,,True,jungle,
MA,1,Richard Neal,D,Incumbent renominated,Richard Neal,,Nadia Milleron (Independent),1,0,True,1,211784,160045,379806,235190.0,150037.0,393141.0,13.91472962033623,22.104629218616555,False,same_party,D
MA,2,Jim McGovern,D,Incumbent re-elected,Jim McGovern,,,1,0,True,1,231966,141308,382912,254528.0,132546.0,395665.0,24.287252795533576,31.51387073272811,False,same_party,D
MA,3,Lori Trahan,D,Incumbent renominated,Lori Trahan,Gary Grossi,Dennis Conlon (Independent),1,1,True,1,208626,140854,357054,233536.0,131375.0,372676.0,19.39223989927893,27.996141524919775,False,standard,
MA,4,Jake Auchincloss,D,Incumbent renominated,Jake Auchincloss,Thomas Stalcup,,1,1,True,1,237730,158054,403966,263669.0,145121.0,416487.0,20.13118266529218,28.99973091318281,False,standard,
MA,5,Katherine Clark,D,Incumbent re-elected,Katherine Clark,,,1,0,True,1,265591,97371,372437,298842.0,94405.0,399703.0,46.346449490580284,51.98691916276539,False,same_party,D
MA,6,Seth Moulton,,Incumbent retiring to run for U.S. Senate,Dan Koh,Micah Jones,,1,1,False,1,255729,166654,430682,283226.0,158963.0,450070.0,21.088680178889774,28.101784531048942,False,standard,
MA,7,Ayanna Pressley,D,Incumbent re-elected,Ayanna Pressley,,,1,0,True,1,222693,47009,278443,269381.0,41245.0,314904.0,65.14004345536927,73.4439486713926,False,same_party,D
MA,8,Stephen Lynch,D,Incumbent renominated,Stephen Lynch,Robert Burke,Rasheed Walters (Independent),1,1,True,1,242623,139502,390362,277534.0,130407.0,414844.0,26.9861956166176,36.065754606671064,False,standard,
MA,9,Bill Keating,D,Incumbent renominated,Bill Keating,Tyler MacAllister,,1,1,True,1,249776,200506,457746,266296.0,183101.0,457586.0,10.942031882242684,18.51258464119698,False,standard,
MD,1,Andy Harris,R,Incumbent renominated,Dan Schwartz,Andy Harris,,1,1,True,1,171555,243356,424523,171268.0,230930.0,410539.0,-17.30515700957555,-14.833987240115565,False,standard,
MD,2,Johnny Olszewski,D,Incumbent renominated,Johnny Olszewski,Dave Wallace,,1,1,True,1,227194,154843,392005,232384.0,150927.0,391029.0,18.938218026002716,21.250890269259166,False,standard,
MD,3,Sarah Elfreth,D,Incumbent renominated,Sarah Elfreth,Berney Flowers,,1,1,True,1,249542,151360,413154,255249.0,149743.0,413425.0,24.49027443115774,26.05137879266751,False,standard,
MD,4,Glenn Ivey,D,Incumbent renominated,Glenn Ivey,George McDermott,Sam Husseini (Green),1,1,True,1,240880,33369,281855,271589.0,26247.0,302947.0,75.6651801829724,82.37486401912462,False,standard,
MD,5,Steny Hoyer,,Incumbent retiring,Adrian Boafo,Chris Chaffee,,1,1,False,1,280941,138217,428752,280898.0,128846.0,416761.0,34.05016724003836,37.109024171189816,False,standard,
MD,6,April McClain Delaney,D,Incumbent renominated,April McClain Delaney,Robin Ficker,Moshe Landman (Green),1,1,True,1,200040,177658,387773,200375.0,163848.0,371676.0,5.925898469147308,10.028746125313338,False,standard,
MD,7,Kweisi Mfume,D,Incumbent renominated,Kweisi Mfume,Scott Collier,,1,1,True,1,236171,58128,302076,251751.0,54327.0,310936.0,60.49731735411945,64.5012055750495,False,standard,
MD,8,Jamie Raskin,D,Incumbent renominated,Jamie Raskin,Cheryl Riley,Nancy Wallace (Green),1,1,True,1,296254,78619,385512,321508.0,71547.0,399296.0,58.05566151736721,63.594407907290325,False,standard,
ME,1,Chellie Pingree,D,Incumbent renominated,Chellie Pingree,Ronald Russell,,1,1,True,1,258863,165214,433356,258001.0,159932.0,430096.0,22.08301794249629,23.465244429130983,False,standard,
ME,2,Jared Golden,,Incumbent retiring,Matthew Dunlap,Paul LePage,,1,1,False,1,176789,212763,397438,177070.0,200803.0,389278.0,-9.23471064196821,-6.280681604666118,False,standard,
MI,1,Jack Bergman,R,Incumbent renominated,Callie Barr,Jack Bergman,LaVeta Davenport (Green); Zebulon Featherly (Independent); Liz Hakola (Working Class); Doc Kovaly (U.S. Taxpayers); Arnett Satterla (Libertarian),1,1,True,1,187850,290869,485753,182977.0,274971.0,465104.0,-21.519722425890762,-20.08830696935023,False,standard,
MI,2,John Moolenaar,R,Incumbent renominated,Ben Ambrose,John Moolenaar,Charlotte Magoon (Green); Richard Sills (Natural Law),1,1,True,1,151066,283908,441509,145196.0,262155.0,414538.0,-30.540216196830155,-28.712093501673003,False,standard,
MI,3,Hillary Scholten,D,Incumbent renominated,Hillary Scholten,Terri DeBoer,Joe Jock (Green),1,1,True,1,226857,193356,427349,222098.0,186701.0,416906.0,7.972385433101784,8.658778519516927,False,standard,
MI,4,Bill Huizenga,R,Incumbent renominated,Sean McCann,Bill Huizenga,Shafina Che Barnett (Green),1,1,True,1,201773,225809,434160,196696.0,213155.0,417516.0,-5.621377887750186,-4.015849662438301,False,standard,
MI,5,Tim Walberg,R,Incumbent renominated,Christian Vukasovich,Tim Walberg,Jim Bronke (Green); Sharon Marie Renier (U.S. Taxpayers); Ronald A Muszynski (Libertarian),1,1,True,1,151092,265192,422272,150368.0,248430.0,405836.0,-27.40917258410124,-24.589391120316552,False,standard,
MI,6,Debbie Dingell,D,Incumbent renominated,Debbie Dingell,Heather Smiley,Michael Mickevicius (U.S. Taxpayers); Linda Rayburn (Working Class); Clyde Shabazz (Green); Timothy A. Tegan (Libertarian),1,1,True,1,280089,171949,464014,286146.0,164381.0,456503.0,23.922767554940073,27.027236991345692,False,standard,
MI,7,Tom Barrett,R,Incumbent renominated,William Lawrence,Tom Barrett,Shane Dedrick (Green),1,1,True,1,224740,230678,462734,219465.0,217141.0,444296.0,-1.303857115880356,0.5322876918778029,False,standard,
MI,8,Kristen McDonald Rivet,D,Incumbent renominated,Kristen McDonald Rivet,Thomas Smith,Jim Casha (Green); Kathy Goodwin (Working Class); Mia C. Pettus (Libertarian),1,1,True,1,209502,218093,433716,215710.0,207003.0,429213.0,-2.009144166793344,2.059789975704556,False,standard,
MI,9,Lisa McClain,R,Incumbent renominated,Ray Pooley,Lisa McClain,Destiny Clayton (Green); Kevin Vayko (Libertarian); John Vlahos (U.S. Taxpayers); Jim Walkowicz (Working Class),1,1,True,1,161552,319082,487198,160590.0,297475.0,464737.0,-32.77545908113034,-29.883313503542073,False,standard,
MI,10,John James,,Incumbent retiring to run for governor,Christina Hines,Mike Bouchard,Andrea L. Kirby (Working Class); Kwabena Nkromo (Green); Mike Saliba (Libertarian),1,1,False,1,199324,227882,436216,209969.0,214177.0,429829.0,-6.684831205554229,-0.9921112069900458,False,standard,
MI,11,Haley Stevens,,Incumbent retiring to run for U.S. Senate,Jeremy Moss,Ethan Baker,Farid Ishac (Libertarian); Anil Kumar (Independent); Ryan Teasdale (Green),1,1,False,1,262389,188361,460276,273915.0,182229.0,462280.0,16.423294509151415,20.10023150584026,False,standard,
MI,12,Rashida Tlaib,D,Incumbent renominated,Rashida Tlaib,James Hooper,Brenda K. Sanders (Green); Marc Joseph Sosnowski (U.S. Taxpayers); Gary Walkowicz (Working Class),1,1,True,1,249017,106983,374126,285642.0,97508.0,387609.0,39.897191011235954,49.10191830875636,False,standard,
MI,13,Shri Thanedar,,Incumbent lost renomination,Donavan McKinney,T.P. Nykoriak,Simone R. Coleman (Working Class); Chris Dardzinski (U.S. Taxpayers); Raelyn Light (Green),1,1,False,1,231273,94471,333169,252697.0,83907.0,340610.0,41.99678274964389,50.144977480956854,False,standard,
MN,1,Brad Finstad,R,Incumbent renominated,Jake Johnson,Brad Finstad,,1,1,True,1,167186,213794,388291,172285.0,208058.0,388718.0,-12.233713055803454,-9.405457705281812,False,standard,
MN,2,Angie Craig,,Incumbent retiring to run for U.S. Senate,Matt Little,Eric Pratt,,1,1,False,1,220555,195780,424818,221003.0,190819.0,420650.0,5.9507367864820395,7.329380169102185,False,standard,
MN,3,Kelly Morrison,D,Incumbent renominated,Kelly Morrison,Tyler Bass,,1,1,True,1,251783,161925,422632,258543.0,167402.0,434448.0,21.720150444274704,21.397363509373275,False,standard,
MN,4,Betty McCollum,D,Incumbent renominated,Betty McCollum,Paul Wikstrom,,1,1,True,1,251495,117085,376783,268967.0,119722.0,396499.0,36.46698138802974,38.39702178348242,False,standard,
MN,5,Ilhan Omar,D,Incumbent renominated,Ilhan Omar,John Nagel,DeVelle Jackson (Independent),1,1,True,1,292800,65271,367777,319407.0,69135.0,396493.0,63.542984491902445,64.41311364022422,False,standard,
MN,6,Tom Emmer,R,Incumbent renominated,Doug Chapin,Tom Emmer,Kelly Doss (Forward-Independence),1,1,True,1,168603,253253,430366,165862.0,238872.0,413782.0,-20.06608890237427,-18.039008336339425,False,standard,
MN,7,Michelle Fischbach,R,Incumbent renominated,Erik Osberg,Michelle Fischbach,,1,1,True,1,123652,269504,399799,128550.0,260007.0,395801.0,-37.09774237198466,-33.83210185378207,False,standard,
MN,8,Pete Stauber,R,Incumbent renominated,Trina Swanson,Pete Stauber,,1,1,True,1,180905,242420,430450,182461.0,230050.0,420814.0,-14.531388413157739,-11.536419634870343,False,standard,
MO,1,Wesley Bell,D,Incumbent renominated,Wesley Bell,Paul Berry,Tom Schmitz (Libertarian),1,1,True,1,244275,64567,314220,278269.0,71037.0,355000.0,58.18768172722622,59.32677938540993,False,standard,
MO,2,Ann Wagner,R,Incumbent renominated,Fred Wellman,Ann Wagner,Brandon Daugherty (Libertarian),1,1,True,1,196255,230556,433971,198823.0,232845.0,438960.0,-8.036578251263439,-7.8815200570809045,False,standard,
MO,3,Bob Onder,R,Incumbent renominated,Bethany Mann,Bob Onder,Jim Higgins (Libertarian),1,1,True,1,146055,254638,406388,142584.0,247108.0,397210.0,-27.09880132670149,-26.82220830809973,False,standard,
MO,4,Mark Alford,R,Incumbent renominated,Jordan Herrera,Mark Alford,Thomas Holbrook (Libertarian),1,1,True,1,106163,265110,375940,109920.0,257315.0,374598.0,-42.811354448074596,-40.136424905033564,False,standard,
MO,5,Emanuel Cleaver,D,Incumbent renominated,Emanuel Cleaver,Rick Brattin,Randy Langkraehr (Libertarian),1,1,True,1,205020,126971,337623,217895.0,125686.0,350584.0,23.50937224201861,26.837630718811575,False,standard,
MO,6,Sam Graves,,Incumbent retiring,Josh Smead,Chris Stigall,Andy Maidment (Libertarian),1,1,False,1,114818,263613,382953,115548.0,255727.0,377863.0,-39.31892471811242,-37.75611069961619,False,standard,
MO,7,Eric Burlison,R,Incumbent renominated,Missi Hesketh,Eric Burlison,Kevin Craig (Libertarian),1,1,True,1,105495,265470,375382,103423.0,254241.0,364374.0,-43.124014394889,-42.16750917061823,False,standard,
MO,8,Jason Smith,R,Incumbent renominated,Chris Reichard,Jason Smith,Rebecca Sharpe Lombard (Libertarian),1,1,True,1,82518,281060,367119,86552.0,274779.0,366570.0,-54.60781455423596,-52.09267956527395,False,standard,
MS,1,Trent Kelly,R,Incumbent renominated,Cliff Johnson,Trent Kelly,,1,1,True,1,99872,219885,324057,111535.0,217291.0,333728.0,-37.53256379062851,-32.1616903772816,False,standard,
MS,2,Bennie Thompson,D,Incumbent renominated,Bennie Thompson,Ron Eller,Bennie Foster (Independent),1,1,True,1,170917,112590,286455,208159.0,121206.0,333247.0,20.573389722299627,26.400194313299835,False,standard,
MS,3,Michael Guest,R,Incumbent renominated,Michael Chiaradio,Michael Guest,Erik Kiehle (Libertarian),1,1,True,1,113023,207443,323626,128386.0,212321.0,345011.0,-29.463344005292292,-24.635537279832818,False,standard,
MS,4,Mike Ezell,R,Incumbent renominated,Jeffrey Hulum III,Mike Ezell,Carl Boyanton (Independent),1,1,True,1,82856,207826,293870,91318.0,205946.0,301772.0,-42.99199812853909,-38.56100974218204,False,standard,
MT,1,Ryan Zinke,,Incumbent retiring,Sam Forstag,Aaron Flint,Nick Sheehy (Libertarian),1,1,False,1,137405,174604,322059,143417.0,165189.0,316603.0,-11.922412494511375,-7.054950325009883,False,standard,
MT,2,Troy Downing,R,Incumbent renominated,Brian Miller,Troy Downing,Michael Eisenhauer (Independent); Patrick McCracken (Libertarian),1,1,True,1,94501,177475,280904,101369.0,178413.0,287037.0,-30.507838926964144,-27.53715392698601,False,standard,
NC,1,Don Davis,D,Incumbent renominated,Don Davis,Laurie Buckhout,Tom Bailey (Libertarian),1,1,True,1,182616,230734,416748,,,,-11.640982218458934,,True,standard,
NC,2,Deborah Ross,D,Incumbent renominated,Deborah Ross,Eugene Douglass,Matthew Laszacs (Libertarian),1,1,True,1,271376,132352,410662,,,,34.43506519240677,,True,standard,
NC,3,Greg Murphy,R,Incumbent renominated,Raymond Smith Jr.,Greg Murphy,Daniel Cavender (Libertarian),1,1,True,1,147727,194854,345647,,,,-13.756454677871803,,True,standard,
NC,4,Valerie Foushee,D,Incumbent renominated,Valerie Foushee,Max Ganorkar,Guy Meilleur (Libertarian),1,1,True,1,312671,115458,435313,,,,46.06391998673297,,True,standard,
NC,5,Virginia Foxx,R,Incumbent renominated,Chuck Hubbard,Virginia Foxx,Robert Luffman (Libertarian),1,1,True,1,165367,237737,407131,,,,-17.953183297610543,,True,standard,
NC,6,Addison McDowell,R,Incumbent renominated,Cyril Jefferson,Addison McDowell,,1,1,True,1,159318,226306,390326,,,,-17.37132543617617,,True,standard,
NC,7,David Rouzer,R,Incumbent renominated,Kimberly Hardy,David Rouzer,Maad Abu-Ghazalah (Libertarian),1,1,True,1,188984,250257,443261,,,,-13.94974512852853,,True,standard,
NC,8,Mark Harris,R,Incumbent renominated,Colby Watson,Mark Harris,Bo Whitehead (Green),1,1,True,1,162688,241935,408938,,,,-19.58539183387993,,True,standard,
NC,9,Richard Hudson,R,Incumbent renominated,Richard Ojeda,Richard Hudson,,1,1,True,1,158667,219161,381829,,,,-16.01098912732778,,True,standard,
NC,10,Pat Harrigan,R,Incumbent renominated,Ashley Bell,Pat Harrigan,Steve Feldman (Libertarian),1,1,True,1,168721,242317,415176,,,,-17.90491390090454,,True,standard,
NC,11,Chuck Edwards,,Incumbent retiring,Jamie Ager,Jennifer Balkcom,Travis Groo (Libertarian),1,1,False,1,196320,238092,439574,,,,-9.615756470815723,,True,standard,
NC,12,Alma Adams,D,Incumbent renominated,Alma Adams,Jack Codiga,,1,1,True,1,254841,91752,352991,,,,47.05490301304412,,True,standard,
NC,13,Brad Knott,R,Incumbent renominated,Paul Barringer,Brad Knott,Steven Swinton (Libertarian),1,1,True,1,175125,245091,424917,,,,-16.650008567022674,,True,standard,
NC,14,Tim Moore,R,Incumbent renominated,Lakesha Womack,Tim Moore,,1,1,True,1,170950,232364,407378,,,,-15.227341475872397,,True,standard,
ND,0,Julie Fedorchak,R,Incumbent renominated,Trygve Hammer,Julie Fedorchak,Helene Neville (Independent); Charles Tuttle (Independent),1,1,True,1,112327,246505,365059,114902.0,235595.0,359890.0,-37.392986132786376,-34.43481684579326,False,standard,
NE,1,Mike Flood,R,Incumbent renominated,Chris Backemeyer,Mike Flood,Daniel Hartong (America First); Nik Sandman (Libertarian),1,1,True,1,136153,177666,318304,136956.0,171957.0,316440.0,-13.228325882116762,-11.330374571481292,False,standard,
NE,2,Don Bacon,,Incumbent retiring,Denise Powell,Brinker Harding,Eric Foreman (Libertarian),1,1,False,1,163541,148905,316690,163239.0,143429.0,312940.0,4.684329452129328,6.459754522806422,False,standard,
NE,3,Adrian Smith,R,Incumbent renominated,Becky Stille,Adrian Smith,Macey Budke (Working People); Mark Cohen (Independent); David Else (Legal Marijuana Now),1,1,True,1,70301,238245,312165,74388.0,241459.0,322332.0,-54.43078179590726,-52.896180745740814,False,standard,
NH,1,Chris Pappas,,Incumbent retiring to run for U.S. Senate,Stefany Shaheen,Anthony DiLorenzo,,1,1,False,1,208186,199942,411957,210310.0,186410.0,403198.0,2.01995452407088,6.024400080661423,False,standard,
NH,2,Maggie Goodlander,D,Incumbent renominated,Maggie Goodlander,Lily Tang Williams,Robbie Mahrou (Independent),1,1,True,1,210302,195581,410159,214627.0,179250.0,400635.0,3.626907261452192,8.981737953726672,False,standard,
NJ,1,Donald Norcross,D,Incumbent renominated,Donald Norcross,Damon Galdo,,1,1,True,1,220600,150098,376377,247693.0,149375.0,402495.0,19.018716043787666,24.760998116191686,False,standard,
NJ,2,Jeff Van Drew,R,Incumbent renominated,Zack Mullock,Jeff Van Drew,Ramon Mora Jr. (Independent),1,1,True,1,166360,214917,386844,192481.0,212664.0,410535.0,-12.73536038103531,-4.981673228103518,False,standard,
NJ,3,Herb Conaway,D,Incumbent renominated,Herb Conaway,Michael McGuire,Ryan Kelly (Independent); Steven Welzer (Green),1,1,True,1,212712,179400,398668,248284.0,186603.0,440666.0,8.495531888848085,14.183224607771674,False,standard,
NJ,4,Chris Smith,R,Incumbent renominated,Rachel Peace,Chris Smith,,1,1,True,1,142650,268072,416430,163106.0,259059.0,427724.0,-30.53695687107094,-22.728790875605508,False,standard,
NJ,5,Josh Gottheimer,D,Incumbent renominated,Josh Gottheimer,Sean Kirrane,Adam Rueda (Independent),1,1,True,1,200624,194528,402838,240209.0,186611.0,432269.0,1.5426974936227071,12.557518391827937,False,standard,
NJ,6,Frank Pallone,D,Incumbent renominated,Frank Pallone,Hillary Herzig,,1,1,True,1,167151,146484,321741,197825.0,133268.0,335439.0,6.589506910899613,19.49814704629817,False,standard,
NJ,7,Thomas Kean Jr.,R,Incumbent renominated,Rebecca Bennett,Thomas Kean Jr.,Lana Leguía (Libertarian); Seamus O'Toole (Independent),1,1,True,1,216349,221591,446499,235951.0,218151.0,461600.0,-1.1969676211353153,3.9198241804704668,False,standard,
NJ,8,Rob Menendez,D,Incumbent renominated,Rob Menendez,,Aristotle Eliopoulos (Independent); Craig Honts (Independent); Da'Shone Hughey (Independent),1,0,True,1,135328,81523,222455,173894.0,64633.0,241039.0,24.811967664433183,45.80655439426145,False,same_party,D
NJ,9,Nellie Pou,D,Incumbent renominated,Nellie Pou,Rosie Pino,Terrisa Bukovinac (Independent),1,1,True,1,137598,140858,286539,185603.0,126054.0,315019.0,-1.1707415175108455,19.10722364650882,False,standard,
NJ,10,LaMonica McIver,D,Incumbent renominated,LaMonica McIver,Carmen Bucco,,1,1,True,1,196329,62565,263460,234076.0,53928.0,290354.0,51.66747780945097,62.55052013166484,False,standard,
NJ,11,Analilia Mejia,D,Incumbent renominated,Analilia Mejia,Joe Hathaway,Alan Bond (Independent),1,1,True,1,219563,183688,411672,252859.0,178835.0,437161.0,8.896444150169497,17.14733121145997,False,standard,
NJ,12,Bonnie Watson Coleman,,Incumbent retiring,Adam Hamawy,Gregg Mele,Andres Jinete (Green); Winston Jordan (Independent),1,1,False,1,205449,124491,339201,236355.0,114094.0,355052.0,24.53718857974177,34.88695930078271,False,standard,
NM,1,Melanie Stansbury,D,Incumbent renominated,Melanie Stansbury,Didi Okpareke,,1,1,True,1,194851,150029,353920,201158.0,149225.0,359557.0,12.99640454650893,14.82178073707914,False,standard,
NM,2,Gabe Vasquez,D,Incumbent renominated,Gabe Vasquez,Greg Cunningham,,1,1,True,1,130539,135451,271659,137449.0,121889.0,264675.0,-1.8466859656378058,5.999892032791184,False,standard,
NM,3,Teresa Leger Fernandez,,Incumbent renominated,Teresa Leger Fernández,Martin Zamora,,1,1,False,1,153411,137911,297824,163007.0,130780.0,299733.0,5.320573111539808,10.96951192530643,False,standard,
NV,1,Dina Titus,D,Incumbent renominated,Dina Titus,Carrie Buck,Bobby Khan (Independent); Steven St. John (Independent); Anthony Thomas (Independent); Victor Willert (Independent),1,1,True,1,168452,160877,335276,172621.0,144973.0,324286.0,2.3001314794627863,8.705454133264482,False,standard,
NV,2,Mark Amodei,,Incumbent retiring,Teresa Benitez-Thompson,David Flippo,Lynn Chapman (Independent American),1,1,False,1,176315,235008,421161,173063.0,217348.0,401970.0,-14.269321190402676,-11.34317424457815,False,standard,
NV,3,Susie Lee,D,Incumbent renominated,Susie Lee,Martin O'Donnell,David Anderson (Independent); Dean Johnson (Independent); Jon Kamerath (Independent American),1,1,True,1,187997,190836,385188,190167.0,166069.0,363064.0,-0.7494067306702425,6.764616714762124,False,standard,
NV,4,Steven Horsford,D,Incumbent renominated,Steven Horsford,Cody Whipple,Russell Best (Independent American); William Johnson (Independent); Gary Steele (Independent),1,1,True,1,172433,164484,343215,167635.0,141501.0,316056.0,2.359334791654918,8.453884374514777,False,standard,
NY,1,Nick LaLota,R,Incumbent renominated,Chris Gallant,Nick LaLota,,1,1,True,1,190070,233206,429463,207858.0,215362.0,428299.0,-10.19098649580888,-1.773073106185908,False,standard,
NY,2,Andrew Garbarino,R,Incumbent renominated,Patrick Halpin,Andrew Garbarino,,1,1,True,1,153928,204363,362137,176297.0,185233.0,365862.0,-14.07654671761222,-2.4717174231737338,False,standard,
NY,3,Tom Suozzi,D,Incumbent renominated,Tom Suozzi,Mike LiPetri,,1,1,True,1,178099,194286,378302,216926.0,172453.0,393286.0,-4.3468453348013485,11.421519907339636,False,standard,
NY,4,Laura Gillen,D,Incumbent renominated,Laura Gillen,Jeanine Driscoll,Blay Tarnoff (Libertarian),1,1,True,1,194428,189465,388579,223909.0,166538.0,394485.0,1.2928081522715966,14.693671612280284,False,standard,
NY,5,Gregory Meeks,D,Incumbent renominated,Gregory Meeks,George Marsh,,1,1,True,1,170189,68170,242000,216607.0,49624.0,267734.0,42.80056553350199,62.72109558992003,False,standard,
NY,6,Grace Meng,D,Incumbent renominated,Grace Meng,Joseph Chou,,1,1,True,1,109480,96065,209347,149718.0,81324.0,232973.0,6.526551363448394,29.6024099514374,False,standard,
NY,7,Nydia Velázquez,,Incumbent retiring,Claire Valdez,Melvin Rivera,Priscilla Ghaznavi (Independent),1,1,False,1,168187,60343,235013,199115.0,48083.0,249547.0,47.1903032424627,61.097581695644784,False,standard,
NY,8,Hakeem Jeffries,D,Incumbent renominated,Hakeem Jeffries,Lewis Mizrahi,,1,1,True,1,170067,64988,238931,203603.0,57647.0,262973.0,44.70400544553402,55.86832535885168,False,standard,
NY,9,Yvette Clarke,D,Incumbent renominated,Yvette Clarke,Joel Azumah,,1,1,True,1,173762,71900,250858,204222.0,63657.0,269726.0,41.46428833112162,52.473318177236735,False,standard,
NY,10,Dan Goldman,,Incumbent lost renomination,Brad Lander,Jennifer Moore,,1,1,False,1,218940,51536,276966,242638.0,40374.0,285858.0,61.892367529836285,71.46834763190253,False,standard,
NY,11,Nicole Malliotakis,R,Incumbent renominated,Michael DeCillis,Nicole Malliotakis,,1,1,True,1,100628,167092,272725,134698.0,157208.0,294600.0,-24.82593754669057,-7.7113865422430505,False,standard,
NY,12,Jerry Nadler,,Incumbent retiring,Micah Lasher,Caroline Shinkle,Wilneida Negron (Independent); Karen Ortiz (Independent),1,1,False,1,273954,58314,339053,291127.0,47209.0,341717.0,64.89941854165914,72.09342192376809,False,standard,
NY,13,Adriano Espaillat,,Incumbent lost renomination,Darializa Avila Chevalier,Jomo Williams,,1,1,False,1,188808,46800,239540,242303.0,30463.0,274962.0,60.27299582357136,77.6636384300096,False,standard,
NY,14,Alexandria Ocasio-Cortez,D,Incumbent renominated,Alexandria Ocasio-Cortez,Diamant Hysenaj,,1,1,True,1,131879,67385,203123,178061.0,50782.0,230638.0,32.36610727477116,55.6184807925084,False,standard,
NY,15,Ritchie Torres,D,Incumbent renominated,Ritchie Torres,Stylo Sapaskis,Gonzalo Duran (Conservative); Andre Easton (Independent); Jose Vega (Independent),1,1,True,1,137445,47283,186840,184830.0,31368.0,217537.0,48.80797713394829,70.98215524657952,False,standard,
NY,16,George Latimer,D,Incumbent renominated,George Latimer,Joseph Cinquemani,,1,1,True,1,216167,108141,326298,240156.0,91069.0,334406.0,33.30969325456048,45.01079326741641,False,standard,
NY,17,Mike Lawler,R,Incumbent renominated,Cait Conley,Mike Lawler,,1,1,True,1,194302,192139,389343,210419.0,171537.0,386305.0,0.5597232177745115,10.17970656305962,False,standard,
NY,18,Pat Ryan,D,Incumbent renominated,Pat Ryan,Jacqueline Auringer,,1,1,True,1,190672,178297,371412,196151.0,163003.0,364815.0,3.3539403039279723,9.229467025287203,False,standard,
NY,19,Josh Riley,D,Incumbent renominated,Josh Riley,Peter Oberacker,,1,1,True,1,194147,187279,384909,196149.0,179038.0,382878.0,1.80061138988952,4.560659084669778,False,standard,
NY,20,Paul Tonko,D,Incumbent renominated,Paul Tonko,Ralph Ambrosio,,1,1,True,1,211181,158272,373934,224446.0,151042.0,383264.0,14.320901440778664,19.548960286347366,False,standard,
NY,21,Elise Stefanik,,Incumbent retiring,Blake Gendebien,Anthony Constantino,,1,1,False,1,140758,214512,357087,146580.0,202300.0,355821.0,-20.759985363244855,-15.971107544141253,False,standard,
NY,22,John Mannion,D,Incumbent renominated,John Mannion,Kailee Buller,,1,1,True,1,194091,166358,362520,202853.0,160638.0,371578.0,7.694014964669066,11.61376760359954,False,standard,
NY,23,Nick Langworthy,R,Incumbent renominated,Aaron Gies,Nick Langworthy,,1,1,True,1,154446,237489,395169,160038.0,232952.0,401042.0,-21.18795208389146,-18.553652764701393,False,standard,
NY,24,Claudia Tenney,R,Incumbent renominated,Alissa Ellman,Claudia Tenney,,1,1,True,1,143256,229987,375663,146388.0,222914.0,377792.0,-23.23714041522547,-20.721794087224005,False,standard,
NY,25,Joseph Morelle,D,Incumbent renominated,Joseph Morelle,Virginia McIntyre,,1,1,True,1,220540,151196,375956,231293.0,150712.0,390473.0,18.654098607614007,21.094226515359747,False,standard,
NY,26,Tim Kennedy,D,Incumbent renominated,Tim Kennedy,Dennis Hannon,,1,1,True,1,200098,134624,339786,218507.0,129475.0,354198.0,19.560710081799225,25.58523142001598,False,standard,
OH,1,Greg Landsman,D,Incumbent renominated,Greg Landsman,Eric Conroy,John Hancock (Libertarian),1,1,True,1,191603,201912,397245,,,,-2.6197222469283257,,True,standard,
OH,2,David Taylor,R,Incumbent renominated,Jennifer Mazzuckelli,David Taylor,,1,1,True,1,107317,265831,376021,,,,-42.48019552563594,,True,standard,
OH,3,Joyce Beatty,D,Incumbent renominated,Joyce Beatty,Cleophus Dulaney,,1,1,True,1,249431,105242,358345,,,,40.654067267595785,,True,standard,
OH,4,Jim Jordan,R,Incumbent renominated,Joshua Kolasinski,Jim Jordan,Tracey Tackett (Independent); Tamie Wilson (Independent),1,1,True,1,111939,280926,396332,,,,-43.01401244702379,,True,standard,
OH,5,Bob Latta,R,Incumbent renominated,Brian Shaver,Bob Latta,,1,1,True,1,145963,238011,387529,,,,-23.972456468406715,,True,standard,
OH,6,Michael Rulli,R,Incumbent renominated,Elizabeth Kirtley,Michael Rulli,,1,1,True,1,118027,244558,365517,,,,-34.89692072203759,,True,standard,
OH,7,Max Miller,R,Incumbent renominated,Brian Poindexter,Max Miller,,1,1,True,1,187657,234764,425993,,,,-11.151670963328055,,True,standard,
OH,8,Warren Davidson,R,Incumbent renominated,Vanessa Enoch,Warren Davidson,,1,1,True,1,167929,230832,402581,,,,-15.774611860237084,,True,standard,
OH,9,Marcy Kaptur,D,Incumbent renominated,Marcy Kaptur,Derek Merrin,Matthew Althaus (Libertarian),1,1,True,1,168625,208946,381140,,,,-10.679051092377328,,True,standard,
OH,10,Mike Turner,R,Incumbent renominated,Kristina Knickerbocker,Mike Turner,Thomas McMasters (Libertarian),1,1,True,1,172976,202499,379148,,,,-7.862840402157268,,True,standard,
OH,11,Shontel Brown,D,Incumbent renominated,Shontel Brown,Mike Kirchner,,1,1,True,1,247406,70879,320576,,,,55.46192877452597,,True,standard,
OH,12,Troy Balderson,R,Incumbent renominated,Jerrad Christian,Troy Balderson,,1,1,True,1,141593,265025,410145,,,,-30.355763886497893,,True,standard,
OH,13,Emilia Sykes,D,Incumbent renominated,Emilia Sykes,Carey Coleman,,1,1,True,1,199820,186969,390353,,,,3.32248331777791,,True,standard,
OH,14,David Joyce,R,Incumbent renominated,Maria Jukic,David Joyce,,1,1,True,1,162914,247100,413435,,,,-20.532469622988483,,True,standard,
OH,15,Mike Carey,R,Incumbent renominated,Don Leonard,Mike Carey,Brennan Barrington (Libertarian),1,1,True,1,160501,196623,360656,,,,-10.11469405584615,,True,standard,
OK,1,Kevin Hern,,Incumbent retiring to run for U.S. Senate,John Croisant,Mark Tedford,,1,1,False,1,120251,188080,314998,121877.0,190291.0,320384.0,-21.998761071705406,-21.91576330693729,False,standard,
OK,2,Josh Brecheen,R,Incumbent renominated,Brandon Wade,Josh Brecheen,Ronnie Hopkins (Independent),1,1,True,1,69690,250807,325621,71996.0,243602.0,321500.0,-56.511293397442095,-54.374869295749654,False,standard,
OK,3,Frank Lucas,R,Incumbent renominated,Suzie Byrd,Frank Lucas,,1,1,True,1,71499,195379,272017,72507.0,194433.0,273182.0,-46.41821356574914,-45.67543268150146,False,standard,
OK,4,Tom Cole,R,Incumbent renominated,Mitchell Jacob,Tom Cole,Rocco Bonacci (Independent),1,1,True,1,100216,202952,309092,101711.0,199240.0,308407.0,-33.8874815283935,-32.40693667739931,False,standard,
OK,5,Stephanie Bice,R,Incumbent renominated,Jena Nelson,Stephanie Bice,Robert Henri (Independent); Austin Nieves (Independent),1,1,True,1,137942,198995,344446,135799.0,192715.0,337226.0,-18.120004629945658,-17.325289028778073,False,standard,
OR,1,Suzanne Bonamici,D,Incumbent renominated,Suzanne Bonamici,Barbara Kahl,,1,1,True,1,245504,107459,365289,268141.0,113977.0,392100.0,39.11033167782459,40.344605593036704,False,standard,
OR,2,Cliff Bentz,R,Incumbent renominated,Chris Beck,Cliff Bentz,,1,1,True,1,128285,227462,365481,139315.0,232311.0,380527.0,-27.87852040916719,-25.024083352617954,False,standard,
OR,3,Maxine Dexter,D,Incumbent renominated,Maxine Dexter,Loran Ayles,,1,1,True,1,248772,88286,349066,280510.0,97552.0,386700.0,47.613763803262344,48.39364971882919,False,standard,
OR,4,Val Hoyle,D,Incumbent renominated,Val Hoyle,Monique DeSpain,Justin Filip (Pacific Green),1,1,True,1,211870,164979,388781,224343.0,172448.0,407431.0,12.442914801419136,13.0786736594328,False,standard,
OR,5,Janelle Bynum,D,Incumbent renominated,Janelle Bynum,Patti Adair,Andrea Townsend (Pacific Green),1,1,True,1,217317,182131,411960,225723.0,188094.0,424112.0,8.808655945204382,9.093149870594972,False,standard,
OR,6,Andrea Salinas,D,Incumbent renominated,Andrea Salinas,David Russ,,1,1,True,1,188852,149163,348891,202351.0,154067.0,366361.0,11.741786607103235,13.547015021688019,False,standard,
PA,1,Brian Fitzpatrick,R,Incumbent renominated,Bob Harvie,Brian Fitzpatrick,,1,1,True,1,235106,233595,473307,241484.0,219852.0,466243.0,0.3223803661609427,4.688990237050653,False,standard,
PA,2,Brendan Boyle,D,Incumbent renominated,Brendan Boyle,Jessica Arriaga,,1,1,True,1,198759,93169,295441,221374.0,88089.0,311819.0,36.16987750404209,43.069769245434834,False,standard,
PA,3,Dwight Evans,,Incumbent retiring,Chris Rabb,,Dennis Mahoney (Independent),1,0,False,1,346947,42317,394010,357581.0,36721.0,396651.0,78.25794319536355,81.37417512465065,False,same_party,D
PA,4,Madeleine Dean,D,Incumbent renominated,Madeleine Dean,Aurora Stuski,,1,1,True,1,268429,194501,467793,269159.0,182686.0,456857.0,15.969585034454454,19.137757416813287,False,standard,
PA,5,Mary Gay Scanlon,D,Incumbent renominated,Mary Gay Scanlon,Nicholas Manganaro,,1,1,True,1,267143,147243,418792,276153.0,140480.0,420263.0,28.934375196073226,32.56415118341562,False,standard,
PA,6,Chrissy Houlahan,D,Incumbent renominated,Chrissy Houlahan,Marty Young,,1,1,True,1,234605,186113,425061,235154.0,174191.0,414329.0,11.526010296683289,14.89281657281755,False,standard,
PA,7,Ryan Mackenzie,R,Incumbent renominated,Bob Brooks,Ryan Mackenzie,,1,1,True,1,196712,209881,410973,197117.0,194660.0,396503.0,-3.2388654010275633,0.6271424815647677,False,standard,
PA,8,Rob Bresnahan,R,Incumbent renominated,Paige Cognetti,Rob Bresnahan,,1,1,True,1,177063,210245,390434,183189.0,194267.0,381336.0,-8.56734175384965,-2.9349116188376922,False,standard,
PA,9,Dan Meuser,R,Incumbent renominated,Rachel Wallace,Dan Meuser,,1,1,True,1,121820,272975,398386,119969.0,261281.0,386871.0,-38.286959054699274,-37.06544262295082,False,standard,
PA,10,Scott Perry,R,Incumbent renominated,Janelle Stelson,Scott Perry,,1,1,True,1,192758,214297,411782,188632.0,205148.0,399568.0,-5.291422535038262,-4.19422012291127,False,standard,
PA,11,Lloyd Smucker,R,Incumbent renominated,Nancy Mannion,Lloyd Smucker,,1,1,True,1,160194,248332,412566,153327.0,237723.0,397039.0,-21.57463662043542,-21.581894898350594,False,standard,
PA,12,Summer Lee,D,Incumbent renominated,Summer Lee,James Hayes,,1,1,True,1,253699,171382,429050,255322.0,169617.0,429696.0,19.36501513829129,20.168777165663776,False,standard,
PA,13,John Joyce,R,Incumbent renominated,Beth Farnham,John Joyce,,1,1,True,1,110815,298877,413001,107198.0,288121.0,400132.0,-45.903263915331515,-45.76633048247112,False,standard,
PA,14,Guy Reschenthaler,R,Incumbent renominated,Alan Bradstock,Guy Reschenthaler,,1,1,True,1,138813,279274,421084,138892.0,268695.0,412038.0,-33.59611755448029,-31.846697760232786,False,standard,
PA,15,Glenn Thompson,R,Incumbent renominated,Ray Bilger,Glenn Thompson,,1,1,True,1,121693,272691,397753,119459.0,263001.0,387754.0,-38.28705018459166,-37.531245097526536,False,standard,
PA,16,Mike Kelly,R,Incumbent renominated,Justin Wagner,Mike Kelly,,1,1,True,1,159531,254619,417676,158730.0,242664.0,406695.0,-22.959797174936618,-20.91062646676333,False,standard,
PA,17,Chris Deluzio,D,Incumbent renominated,Chris Deluzio,Tony Guy,,1,1,True,1,238954,213797,457096,237707.0,211205.0,454479.0,5.556475855381876,5.9036069430088745,False,standard,
RI,1,Gabe Amo,D,Incumbent renominated,Gabe Amo,Kellie Keenan,Pedro DeSouza (Independent),1,1,True,1,140825,88794,234822,152956.0,83225.0,239685.0,22.659710215618045,29.524390192267795,False,standard,
RI,2,Seth Magaziner,D,Incumbent renominated,Seth Magaziner,Vic Mellor,,1,1,True,1,144331,125612,275837,154530.0,116697.0,275313.0,6.934426897530219,13.948832527735071,False,standard,
SC,1,Nancy Mace,,Incumbent retiring to run for governor,Nancy Lacore,Jenny Costa Honeycutt,Bill Reeside (Libertarian),1,1,False,1,171105,223189,400369,171781.0,204848.0,383006.0,-13.209432555402822,-8.779727530275151,False,standard,
SC,2,Joe Wilson,R,Incumbent renominated,Zyon Khalifa,Joe Wilson,Dayna Alane Smith (Workers),1,1,True,1,154783,205695,365954,161002.0,199780.0,366492.0,-14.123469393416519,-10.748318929436612,False,standard,
SC,3,Sheri Biggs,R,Incumbent renominated,Eunice Lehmacher,Sheri Biggs,Brian Corriea (Libertarian),1,1,True,1,99185,252655,356369,106461.0,236981.0,348346.0,-43.61925875397908,-38.003505686549694,False,standard,
SC,4,William Timmons,R,Incumbent renominated,Courtney McClain,William Timmons,Jessica Ethridge (Libertarian),1,1,True,1,132540,216077,354343,138171.0,202545.0,347082.0,-23.96239999770522,-18.893741415137534,False,standard,
SC,5,Ralph Norman,,Incumbent retiring to run for governor,Mallory Dittmer,Wes Climer,,1,1,False,1,141510,226473,373054,147073.0,213484.0,365450.0,-23.088838343075633,-18.41900171124122,False,standard,
SC,6,Jim Clyburn,D,Incumbent renominated,Jim Clyburn,John Peterson,,1,1,True,1,189648,118611,313271,219768.0,111769.0,336352.0,23.044582639922922,32.57524801153416,False,standard,
SC,7,Russell Fry,R,Incumbent renominated,John Vincent,Russell Fry,,1,1,True,1,139681,241046,384780,147285.0,215696.0,366601.0,-26.624063961841426,-18.84699199131635,False,standard,
SD,0,Dusty Johnson,,Incumbent retiring to run for governor,Nikki Gronli,Marty Jackley,,1,1,False,1,146859,272081,428922,150471.0,261043.0,422609.0,-29.890199073853058,-26.869559723362997,False,standard,
TN,1,Diana Harshbarger,R,Incumbent renominated,Kristi Burke,Diana Harshbarger,Joshua Ashburn (Independent); Richard Baker (Independent); Chris Campbell (Independent); Billy Cody (Independent); Tyler McClain (Independent),1,1,True,1,71649,273159,348378,,,,-58.4412194612654,,True,standard,
TN,2,Tim Burchett,R,Incumbent renominated,Michaela Barnett,Tim Burchett,Bruce Fine (Independent); Adam Heimerman (Independent),1,1,True,1,118769,242922,366738,,,,-34.325708961516874,,True,standard,
TN,3,Chuck Fleischmann,R,Incumbent renominated,Anna Golladay,Chuck Fleischmann,Dean Arnold (Independent); Jean Howard-Hill (Independent); Rodney Joe King (Independent); Donnie Ownby (Independent); Edward Roland (Independent),1,1,True,1,114326,244099,363212,,,,-36.206458812861825,,True,standard,
TN,4,Scott DesJarlais,R,Incumbent renominated,Victoria Broderick,Scott DesJarlais,Jacob Anders (Independent); Clay Faircloth (Independent),1,1,True,1,113665,186545,304625,,,,-24.276339895406547,,True,standard,
TN,5,Andy Ogles,,Incumbent lost renomination,Chaz Molder,Charlie Hatcher,James Johnson (Independent); Micheál O'Leary (Independent),1,1,False,1,118678,191148,314014,,,,-23.390548243207476,,True,standard,
TN,6,John Rose,,Incumbent retiring to run for governor,Mike Croley,Johnny Garrett,Christopher Monday (Independent); Angus Purdy (Independent),1,1,False,1,130625,226645,362088,,,,-26.87603213256081,,True,standard,
TN,7,Matt Van Epps,R,Incumbent renominated,Darden Copeland,Matt Van Epps,Andrew Koontz (Independent); Lowell Reynolds (Independent),1,1,True,1,137704,218702,361621,,,,-22.72632896191422,,True,standard,
TN,8,David Kustoff,R,Incumbent renominated,Heidi Kuhn,David Kustoff,Adam Austill (Independent); Wells Blankenship (Independent); Antonio Futch (Independent); Pamela Moses (Independent); Horace Taylor (Independent); Henry Ward III (Independent),1,1,True,1,126043,190777,321369,,,,-20.43242219556846,,True,standard,
TN,9,Steve Cohen,,Incumbent retiring,Justin Pearson,Brent Taylor,Dennis Clark (Independent); Michelle Head (Independent),1,1,False,1,124805,192867,321897,,,,-21.425243647535822,,True,standard,
TX,1,Nathaniel Moran,R,Incumbent renominated,Yolanda Prince,Nathaniel Moran,,1,1,True,1,80862,241964,325197,,,,-49.90366327371402,,True,standard,
TX,2,Dan Crenshaw,,Incumbent lost renomination,Shaun Finnie,Steve Toth,,1,1,False,1,127853,204813,336883,,,,-23.13431489842665,,True,standard,
TX,3,Keith Self,R,Incumbent renominated,Evan Hunt,Keith Self,,1,1,True,1,136992,223426,368925,,,,-23.981599143217043,,True,standard,
TX,4,Pat Fallon,R,Incumbent renominated,Jason Pearce,Pat Fallon,,1,1,True,1,134683,225234,366423,,,,-25.158856069593824,,True,standard,
TX,5,Lance Gooden,R,Incumbent renominated,Chelsey Hockett,Lance Gooden,,1,1,True,1,113123,176357,292447,,,,-21.843996130993506,,True,standard,
TX,6,Jake Ellzey,R,Incumbent renominated,Danny Minton,Jake Ellzey,,1,1,True,1,116801,187665,309019,,,,-23.274848423140842,,True,standard,
TX,7,Lizzie Fletcher,D,Incumbent renominated,Lizzie Fletcher,Alexander Hale,Espoir Ngabo (Green),1,1,True,1,153470,93876,254346,,,,24.093375271886345,,True,standard,
TX,8,Morgan Luttrell,,Incumbent retiring,Laura Jones,Jessica Hart Steinmann,,1,1,False,1,109554,194737,308175,,,,-27.993926866059134,,True,standard,
TX,9,None (new seat),,New representative to be elected,Leticia Gutierrez,Alex Mealer,,1,1,False,1,78360,117461,197551,,,,-19.967725626975657,,True,standard,
TX,10,Michael McCaul,,Incumbent retiring,Caitlin Rourk,Chris Gober,,1,1,False,1,134089,213901,352462,,,,-22.935141814419953,,True,standard,
TX,11,August Pfluger,R,Incumbent renominated,Claire Reynolds,August Pfluger,,1,1,True,1,94204,194660,292136,,,,-34.776226874930764,,True,standard,
TX,12,Craig Goldman,R,Incumbent renominated,Angela Rodriguez Prilliman,Craig Goldman,,1,1,True,1,117738,192720,313973,,,,-24.152059215739328,,True,standard,
TX,13,Ronny Jackson,R,Incumbent renominated,Mark Nair,Ronny Jackson,,1,1,True,1,80112,220273,303401,,,,-46.66045241939511,,True,standard,
TX,14,Randy Weber,R,Incumbent renominated,Thurman Bartie,Randy Weber,,1,1,True,1,124939,206368,335083,,,,-24.57811033271256,,True,standard,
TX,15,Monica De La Cruz,R,Incumbent renominated,Bobby Pulido,Monica De La Cruz,,1,1,True,1,92602,133305,227763,,,,-18.01759130969824,,True,standard,
TX,16,Veronica Escobar,D,Incumbent renominated,Veronica Escobar,Adam Bauman,,1,1,True,1,131985,94333,229164,,,,16.63676773389655,,True,standard,
TX,17,Pete Sessions,R,Incumbent renominated,Casey Shepard,Pete Sessions,,1,1,True,1,123152,192421,319807,,,,-21.9502302161465,,True,standard,
TX,18,Christian Menefee,D,Incumbent renominated,Christian Menefee,Ronald Whitfield,,1,1,True,2,186785,53113,243159,,,,55.72034781448782,,True,standard,
TX,19,Jodey Arrington,,Incumbent retiring,Kyle Rable,Tom Sell,,1,1,False,1,66869,212716,282163,,,,-52.16553105495645,,True,standard,
TX,20,Joaquin Castro,D,Incumbent renominated,Joaquin Castro,Edgardo Rafael Baez,,1,1,True,1,144232,79589,226547,,,,28.881561605032594,,True,standard,
TX,21,Chip Roy,,Incumbent retiring to run for Texas attorney general,Kristin Hook,Mark Teixeira,,1,1,False,1,159498,249916,413976,,,,-22.084735744258868,,True,standard,
TX,22,Troy Nehls,,Incumbent retiring,Marquette Greene-Scott,Trever Nehls,,1,1,False,1,126555,201006,334308,,,,-22.728896297178235,,True,standard,
TX,23,Vacant,,"Rep. Tony Gonzales (R) resigned April 14, 2026.",Katy Padilla Stout,Brandon Herrera,Ben Mendoza (Independent),1,1,False,1,133974,181162,318247,,,,-14.973852558895206,,True,standard,
TX,24,Beth Van Duyne,R,Incumbent renominated,Kevin Burge,Beth Van Duyne,,1,1,True,1,153071,213066,371849,,,,-16.38594296670372,,True,standard,
TX,25,Roger Williams,R,Incumbent renominated,Dione Sims,Roger Williams,,1,1,True,2,115616,189996,308938,,,,-24.33804955302802,,True,standard,
TX,26,Brandon Gill,R,Incumbent renominated,Steven Shook,Brandon Gill,Phil Gray (Libertarian),1,1,True,1,144975,237258,387287,,,,-24.143127359490155,,True,standard,
TX,27,Michael Cloud,R,Incumbent renominated,Tanya Lloyd,Michael Cloud,,1,1,True,1,125717,194406,323547,,,,-21.457064940663432,,True,standard,
TX,28,Henry Cuellar,D,Incumbent renominated,Henry Cuellar,Tano Tijerina,Marlón Durán (Green),1,1,True,1,88388,109037,198843,,,,-10.459161706977333,,True,standard,
TX,29,Sylvia Garcia,D,Incumbent renominated,Sylvia Garcia,Martha Fierro,,1,1,True,1,115999,61308,179633,,,,30.845369895153603,,True,standard,
TX,30,None (new seat),,New representative to be elected,Frederick Haynes III,Everett Jackson,,1,1,False,1,177408,62649,243308,,,,47.804896337119935,,True,standard,
TX,31,John Carter,R,Incumbent renominated,Justin Early,John Carter,Greg Stoker (Green),1,1,True,1,134738,211396,350339,,,,-22.146914200858628,,True,standard,
TX,32,None (new seat),,New representative to be elected,Dan Barrios,Jace Yarbrough,,1,1,False,1,129765,187174,322779,,,,-18.113580215751295,,True,standard,
TX,33,Jasmine Crockett,,Incumbent retiring to run for U.S. Senate. Democratic loss.,Colin Allred,Patrick Gillespie,,1,1,False,2,136369,68173,208214,,,,33.340829756235884,,True,standard,
TX,34,Vicente Gonzalez,D,Incumbent renominated,Vicente Gonzalez,Eric Flores,Eddie Espinoza (Green); Chris Royal (Libertarian),1,1,True,1,106939,131299,240225,,,,-10.22506904859846,,True,standard,
TX,35,None (new seat),,New representative to be elected,Johnny Garcia,Carlos De La Cruz,,1,1,False,1,133334,164830,301076,,,,-10.563314149260139,,True,standard,
TX,36,Brian Babin,R,Incumbent renominated,Rhonda Hart,Brian Babin,,1,1,True,1,115202,193288,312445,,,,-25.312327790203895,,True,standard,
TX,37,Greg Casar,D,Incumbent retiring. Democratic loss.,Greg Casar,Lauren Peña,,1,1,True,2,252341,67677,326198,,,,57.704254135704865,,True,standard,
TX,38,Wesley Hunt,,Incumbent retiring to run for U.S. Senate,Melissa McDonough,Jon Bonck,Alex McMenemy (Green),1,1,False,1,136856,210921,354063,,,,-21.29669299579903,,True,standard,
UT,1,None (new seat),,New representative to be elected,Ben McAdams,Riley Owen,Elias Montgomery (Independent); Jesse West (Libertarian),1,1,False,1,197686,120327,327439,,,,24.325735111457707,,True,standard,
UT,2,Blake Moore,R,Incumbent renominated,Peter Crosby,Blake Moore,Carlton Bowen (Independent American); Daniel Cottam (Libertarian); Robert Moesinger (Independent),1,1,True,1,125234,232185,368805,,,,-29.9231434255034,,True,standard,
UT,3,Celeste Maloy,R,Incumbent renominated,Kent Udell,Celeste Maloy,Cassie Easley (Constitution); Adonis Hooslyn (Independent); Ayden Scott (Independent); Michael Stoddard (Libertarian),1,1,True,1,108469,268284,386198,,,,-42.41903846817411,,True,standard,
UT,4,Mike Kennedy,R,Incumbent retiring. Republican loss.,Jonny Larsen,Mike Kennedy,Steven Burt (Independent); Taylor Wright (Libertarian),1,1,True,2,131176,263022,405509,,,,-33.446643564909,,True,standard,
VA,1,Rob Wittman,R,Incumbent renominated,Shannon Taylor,Rob Wittman,,1,1,True,1,227038,250959,484061,215574.0,244413.0,466892.0,-5.00442471396264,-6.269525008315452,False,standard,
VA,2,Jen Kiggans,R,Incumbent renominated,Elaine Luria,Jen Kiggans,J. Matt Baker (Independent); Geral Staten (Independent),1,1,True,1,203279,204307,412555,201896.0,194173.0,402884.0,-0.25221671009308466,1.9499127677248156,False,standard,
VA,3,Bobby Scott,D,Incumbent renominated,Bobby Scott,Edwin Rivera,Makiba Gaines (Independent); Stephen Woll (Independent),1,1,True,1,213026,102168,319745,230576.0,101134.0,337411.0,35.171354784672296,39.02264025805674,False,standard,
VA,4,Jennifer McClellan,D,Incumbent renominated,Jennifer McClellan,Robert Murray,Joan Bell (Independent),1,1,True,1,251005,125941,382432,260886.0,122375.0,388140.0,33.178227120064946,36.14012383206222,False,standard,
VA,5,John McGuire,R,Incumbent renominated,Tom Perriello,John McGuire,Cooke Harvey (Independent),1,1,True,1,191726,246040,442168,194989.0,230682.0,431686.0,-12.407085063709836,-8.385114325382748,False,standard,
VA,6,Ben Cline,R,Incumbent renominated,Beth Macy,Ben Cline,,1,1,True,1,154344,252669,411692,133543.0,208274.0,347395.0,-24.157705036448466,-21.862868142895174,False,standard,
VA,7,Eugene Vindman,D,Incumbent renominated,Eugene Vindman,Doug Ollivant,Alaha Ahrar (Independent); Taner Demirci Lopez (Libertarian); Joshua Ertle (Independent); Randall Terry (Independent),1,1,True,1,203204,191696,402228,204951.0,178472.0,389585.0,2.914155482400608,6.905949825649478,False,standard,
VA,8,Don Beyer,D,Incumbent renominated,Don Beyer,Tony Sabio,Shelly Arnoldi (Libertarian); Tim Sharman (Independent),1,1,True,1,285003,92724,386512,305118.0,84142.0,394439.0,50.904224479584464,56.76822689205159,False,standard,
VA,9,Morgan Griffith,R,Incumbent renominated,Joy Powers,Morgan Griffith,,1,1,True,1,112209,291608,407182,114163.0,282093.0,401051.0,-44.42581664466825,-42.379169022046355,False,standard,
VA,10,Suhas Subramanyam,D,Incumbent renominated,Suhas Subramanyam,Dave Beckwith,Ahsen Malik (Independent),1,1,True,1,221123,186190,417946,238976.0,164941.0,410021.0,8.576451033971418,18.329260714453714,False,standard,
VA,11,James Walkinshaw,D,Incumbent renominated,James Walkinshaw,Arthur Purves,Dianne Blais (Green),1,1,True,1,273439,130784,416054,295688.0,121172.0,422707.0,35.29116354091677,41.86441491148107,False,standard,
VT,0,Becca Balint,D,Incumbent renominated,Becca Balint,Gerald Malloy,Phoenix Altair (Independent); Adam Ortiz (Independent); Suz Seymour (Independent); Ryan Walton (Independent),1,1,True,1,235791,119395,366389,242820.0,112704.0,365486.0,32.77043577168019,36.59837310561312,False,standard,
WA,1,Suzan DelBene,D,Incumbent advanced to general,Suzan DelBene,Mary Silva,,1,1,True,1,232691,126084,371555,250877.0,130740.0,392183.0,29.71416626019093,31.481039890780547,False,standard,
WA,2,Rick Larsen,D,Incumbent advanced to general,Rick Larsen,Edwin Feller,,1,1,True,1,254400,154441,422346,263073.0,162798.0,437403.0,24.449358063403622,23.545862479483223,False,standard,
WA,3,Marie Gluesenkamp Perez,D,Incumbent advanced to general,Marie Gluesenkamp Perez,John Braun,,1,1,True,1,197986,211907,421693,196218.0,213902.0,420817.0,-3.396252192645398,-4.311908709645957,False,standard,
WA,4,Dan Newhouse,,Incumbent retiring,John Duresky,Amanda McKinney,,1,1,False,1,119032,183219,310462,130107.0,184863.0,323034.0,-21.23632345302414,-17.38451281074388,False,standard,
WA,5,Michael Baumgartner,R,Incumbent advanced to general,Carmela Conroy,Michael Baumgartner,,1,1,True,1,173909,217375,402950,180838.0,222224.0,415270.0,-11.108555422659757,-10.267899231383756,False,standard,
WA,6,Emily Randall,D,Incumbent advanced to general,Emily Randall,Teresa Fox,,1,1,True,1,251826,168264,433649,253641.0,177178.0,444191.0,19.891451831750338,17.74828872449915,False,standard,
WA,7,Pramila Jayapal,D,Incumbent advanced to general,Pramila Jayapal,Nirav Sheth,,1,1,True,1,373392,47188,434984,395386.0,51351.0,455644.0,77.56051167435446,77.01063489256542,False,standard,
WA,8,Kim Schrier,D,Incumbent advanced to general,Kim Schrier,Spencer Meline,,1,1,True,1,218294,193710,425522,226804.0,197508.0,435843.0,5.966932359880001,6.904353400328061,False,standard,
WA,9,Adam Smith,D,Incumbent advanced to general,Adam Smith,Doug Basler,,1,1,True,1,219426,88121,318654,255762.0,94177.0,357484.0,42.69428737721389,46.175190533207214,False,standard,
WA,10,Marilyn Strickland,D,Incumbent advanced to general,Marilyn Strickland,Chris Chung,,1,1,True,1,204893,140614,357020,216906.0,149910.0,378511.0,18.6042540382684,18.26419785396493,False,standard,
WI,1,Bryan Steil,R,Incumbent renominated,Mitchell Berman,Bryan Steil,,1,1,True,1,189560,207736,403219,190050.0,197950.0,393706.0,-4.574926503161371,-2.036082474226804,False,standard,
WI,2,Mark Pocan,D,Incumbent re-elected,Mark Pocan,,,1,0,True,1,324784,136735,468398,310866.0,125928.0,442951.0,40.745668109005265,42.33986730586959,False,same_party,D
WI,3,Derrick Van Orden,R,Incumbent renominated,Rebecca Cooke,Derrick Van Orden,Alexander Kent (Independent); Rustin Provance (Independent),1,1,True,1,191708,222857,421044,185088.0,203589.0,395551.0,-7.513658895468744,-4.759993516467401,False,standard,
WI,4,Gwen Moore,D,Incumbent renominated,Gwen Moore,Tim Rogers,Arthur Burks (Independent),1,1,True,1,258176,80483,344679,260145.0,78292.0,342657.0,52.46959330772252,53.733191110901,False,standard,
WI,5,Scott Fitzgerald,R,Incumbent renominated,Andrew Beck,Scott Fitzgerald,,1,1,True,1,183713,290101,480204,175986.0,282390.0,464784.0,-22.453536619855047,-23.213257238598878,False,standard,
WI,6,Glenn Grothman,R,Incumbent renominated,Brad Smith,Glenn Grothman,Matthew Arndt (Green); Elizabeth Fitzgibbon (Independent); Michael Thurow (Independent),1,1,True,1,175452,245778,426849,171949.0,237088.0,415757.0,-16.695392066092158,-15.924965223194969,False,standard,
WI,7,Tom Tiffany,,Incumbent retiring to run for governor,Fred Clark,Michael Alfonso,,1,1,False,1,167604,266844,441048,165850.0,250173.0,422463.0,-22.842779803336647,-20.268831290577683,False,standard,
WI,8,Tony Wied,R,Incumbent renominated,Rick Crosson,Tony Wied,,1,1,True,1,177232,247092,429772,170932.0,234773.0,412078.0,-16.463834239873304,-15.735817897240606,False,standard,
WV,1,Carol Miller,R,Incumbent renominated,Vince George,Carol Miller,Belinda Fox-Spencer (Constitution),1,1,True,1,98066,259831,364662,112947.0,273523.0,392576.0,-45.19875830196956,-41.549408751002666,False,standard,
WV,2,Riley Moore,R,Incumbent renominated,Ace Parsi,Riley Moore,,1,1,True,1,116243,273725,397728,123037.0,271859.0,402076.0,-40.383313502646374,-37.68637818564888,False,standard,
WY,0,Harriet Hageman,,Incumbent retiring to run for U.S. Senate,Lisa Kinney,Chuck Gray,Jeffrey Haggit (Constitution); Shawn Johnson (Libertarian),1,1,False,1,69527,192633,266353,73491.0,193559.0,275026.0,-46.95834604821483,-44.960868751170196,False,standard,
