state_po,special,incumbent,incumbent_party,status_text,dem_candidate,rep_candidate,other_candidates,n_dem,n_rep,incumbent_running,pres20_margin,pres24_margin,race_type,race_note
AL,False,Kay Ivey,R,Term-limited,Doug Jones,Tommy Tuberville,,1,1,False,-25.822749666709445,-30.88122385938789,standard,
AK,False,Mike Dunleavy,R,Term-limited,Jonathan Kreiss-Tomkins,Dave Bronson; Treg Taylor; Bernadette Wilson,,1,3,False,-10.523697447698623,-13.69312508474994,rcv_bloc,
AZ,False,Katie Hobbs,D,Incumbent renominated,Katie Hobbs,Andy Biggs,Teri Hourihan (No Labels); Risa Lombardo (Green),1,1,True,0.31366335825862696,-5.588317921733368,standard,
AR,False,Sarah Huckabee Sanders,R,Incumbent renominated,Fredrick Love,Sarah Huckabee Sanders,Colt Shelby (Libertarian),1,1,True,-28.424866555966297,-31.33998647229675,standard,
CA,False,Gavin Newsom,D,Term-limited,Xavier Becerra,Steve Hilton,,1,1,False,29.817822721335137,20.80028514359668,standard,
CO,False,Jared Polis,D,Term-limited,Phil Weiser,Victor Marx,Stephen Hamilton (American Constitution); Greg Lopez (Independent); Eric Mulder (Libertarian); Jeff Peckman (Unity); Erik Underwood (Approval Voting),1,1,False,13.876638984600305,11.293083462132921,standard,
CT,False,Ned Lamont,D,Incumbent renominated,Ned Lamont,Ryan Fazio,,1,1,True,20.390098176155693,14.756464972518335,standard,
FL,False,Ron DeSantis,R,Term-limited,David Jolly,Byron Donalds,Dean Abrams (Independent); Charles Burkett (Independent); Jeffrey Datto (Independent); Moe Dimanche (Independent); Scott Jewett (Libertarian); Frank Russo (Independent),1,1,False,-3.389509324283115,-13.22213886698459,standard,
GA,False,Brian Kemp,R,Term-limited,Keisha Lance Bottoms,Rick Jackson,,1,1,False,0.23865932581729016,-2.2087323027962817,standard,
HI,False,Josh Green,D,Incumbent renominated,Josh Green,Gary Cordery,,1,1,True,30.065329293029766,23.560651661222998,standard,
ID,False,Brad Little,R,Incumbent renominated,Terri Pickens,Brad Little,Pro-Life (Constitution); Paul Sand (Libertarian); John Stegner (Independent),1,1,True,-31.754285850155743,-37.52184118025308,standard,
IL,False,JB Pritzker,D,Incumbent renominated,JB Pritzker,Darren Bailey,Collin Corbett (Independent),1,1,True,17.318087465613843,11.135530816543426,standard,
IA,False,Kim Reynolds,R,Incumbent retiring,Rob Sand,Zach Lahn,Sondra Wilson (Independent),1,1,False,-8.366526169274108,-13.445597709596235,standard,
KS,False,Laura Kelly,D,Term-limited,Cindy Holscher,Ty Masterson,,1,1,False,-14.986856511262706,-16.411473894550323,standard,
ME,False,Janet Mills,D,Term-limited,Hannah Pingree,Robert B. Charles,Rick Bennett (Independent),1,1,False,9.340809164007947,7.08861163994892,standard,
MD,False,Wes Moore,D,Incumbent renominated,Wes Moore,Dan Cox,Andy Ellis (Green); Cathy White (Working Class),1,1,True,34.05809409418468,29.509514054361844,standard,
MA,False,Maura Healey,D,Incumbent renominated,Maura Healey,Mike Minogue,Andrea James (Independent),1,1,True,34.231099080296296,25.910638840838516,standard,
MI,False,Gretchen Whitmer,D,Term-limited,Jocelyn Benson,John James,Donna Brandenburg (U.S. Taxpayers); Douglas Campbell (Green); Anthony Hudson (Libertarian),1,1,False,2.8271186888189206,-1.4424736578339323,standard,
MN,False,Tim Walz,D,Incumbent retiring,Amy Klobuchar,Lisa Demuth,Steven Young (Green),1,1,False,7.279027297133336,4.343404352188957,standard,
NE,False,Jim Pillen,R,Incumbent renominated,Lynne Walz,Jim Pillen,Rick Beard (Legal Marijuana Now); Brett Lindstrom (America First),1,1,True,-19.568104493203453,-20.840683303897794,standard,
NV,False,Joe Lombardo,R,Incumbent renominated,Aaron Ford,Joe Lombardo,Danielle Ford (Independent),1,1,True,2.446234680087609,-3.1590179085170167,standard,
NH,False,Kelly Ayotte,R,Incumbent renominated,Cinde Warmington,Kelly Ayotte,Jon Kiper (Community First),1,1,True,7.496695443190083,2.821214946726764,standard,
NM,False,Michelle Lujan Grisham,D,Term-limited,Deb Haaland,Gregg Hull,,1,1,False,11.036980303439483,6.141812228647307,standard,
NY,False,Kathy Hochul,D,Incumbent renominated,Kathy Hochul,Bruce Blakeman,,1,1,True,23.43366978602449,12.689486117138935,standard,
OH,False,Mike DeWine,R,Term-limited,Amy Acton,Vivek Ramaswamy,Donald Kissick (Libertarian),1,1,False,-8.153395295405433,-11.313229427274072,standard,
OK,False,Kevin Stitt,R,Term-limited,Cyndi Munson,Mike Mazzei,Robert Brooks Sr. (Independent); Orlando Bush (Independent); Jerry Griffin (Independent),1,1,False,-33.88007899381303,-34.94008381234161,standard,
OR,False,Tina Kotek,D,Incumbent renominated,Tina Kotek,Christine Drazan,Brett Smith (Pacific Green),1,1,True,16.61431397088346,14.866116069775194,standard,
PA,False,Josh Shapiro,D,Incumbent renominated,Josh Shapiro,Stacy Garrity,Ken Krawchuk (Libertarian),1,1,True,1.1784105186981149,-1.7263846921271542,standard,
RI,False,Dan McKee,D,Incumbent lost renomination,Helena Foulkes,Aaron Guckian,Ken Block (Independent); Jasjit Gotra (Independent); CD Reynolds (Independent),1,1,False,21.19871976791852,14.162406267890672,standard,
SC,False,Henry McMaster,R,Term-limited,Jermaine Johnson,Alan Wilson,Michael Addison (United Citizens); Walid Hakim (Green),1,1,False,-11.853217499164192,-18.123365227038146,standard,
SD,False,Larry Rhoden,R,Incumbent nominated to full term,Dan Ahlers,Larry Rhoden,,1,1,True,-26.869559723362997,-29.890199073853058,standard,
TN,False,Bill Lee,R,Term-limited,Jerri Green,Marsha Blackburn,Misam Abidi (Independent); Santiago Asconape (Independent); Dean Brewer (Independent); Ray Brown (Independent); Taylor Hafley (Independent); David Hatley (Independent); Wendell Jackson (Independent); Charles Van Morgan (Independent); Eddie Lee Murphy (Independent); Lauren Pinkston (Independent); Karl Smithson (Independent); L. Webb Taylor (Independent); Robert Vick (Independent),1,1,False,-23.655540744132708,-30.121099654993333,standard,
TX,False,Greg Abbott,R,Incumbent renominated,Gina Hinojosa,Greg Abbott,Pat Dixon (Libertarian),1,1,True,-5.661442473559064,-13.878067801618457,standard,
VT,False,Phil Scott,R,Incumbent renominated,Amanda Janoo,Phil Scott,June Goodband (Green Mountain); Brian Judd (Independent); Dean Roy (Freedom and Unity),1,1,True,36.59837310561312,32.77043577168019,standard,
WI,False,Tony Evers,D,Incumbent retiring,David Crowley,Tom Tiffany,,1,1,False,0.6381265330679873,-0.8733887823450505,standard,
WY,False,Mark Gordon,R,Term-limited,Kenneth Casner,Eric Barlow,Joseph Kibler (Constitution),1,1,False,-44.960868751170196,-46.95834604821483,standard,
