date,state_po,district,held_by,winner,flipped,chamber,special_margin,pres_margin,overperformance,pres_baseline,year
2016-12-27,IA,SD-45,D,D,False,US House,48.0,17.0,31.0,2016,2016
2017-01-10,VA,SD-22,R,R,False,US House,-14.0,-14.0,1.0,2016,2017
2017-01-10,VA,HD-85,R,R,False,US House,-6.0,-1.0,-5.0,2016,2017
2017-01-31,IA,HD-89,D,D,False,US House,45.0,11.0,34.0,2016,2017
2017-02-14,MN,HD-32B,R,R,False,state legislature,-6.0,-29.0,23.0,2016,2017
2017-02-25,DE,SD-10,D,D,False,US House,17.0,13.0,4.0,2016,2017
2017-02-28,CT,HD-115,D,D,False,US House,29.0,18.0,11.0,2016,2017
2017-02-28,CT,SD-32,R,R,False,US House,-10.0,-18.0,8.0,2016,2017
2017-02-28,CT,SD-02,D,D,False,US House,47.0,69.0,-22.0,2016,2017
2017-04-11,KS,KS-04,R,R,False,US House,-6.0,-27.0,21.0,2016,2017
2017-04-25,CT,HD-68,R,R,False,US House,-56.0,-33.0,-23.0,2016,2017
2017-05-09,OK,HD-28,R,R,False,US House,-2.0,-50.0,48.0,2016,2017
2017-05-16,GA,SD-32,R,R,False,US House,-14.0,-14.0,0.1,2016,2017
2017-05-23,NH,HD-Carroll-06,R,D,True,state legislature,4.0,-7.0,11.0,2016,2017
2017-05-23,NH,HD-Hillsborough-44,R,R,False,state legislature,-10.0,-9.0,-1.0,2016,2017
2017-05-23,NY,SD-30,D,D,False,US House,89.0,90.0,-1.0,2016,2017
2017-05-23,NY,AD-09,R,D,True,US House,16.0,-23.0,39.0,2016,2017
2017-05-25,MT,MT-AL,R,R,False,US House,-6.0,-20.0,15.0,2016,2017
2017-05-31,SC,HD-84,R,R,False,US House,-21.0,-34.0,13.0,2016,2017
2017-06-15,TN,HD-95,R,R,False,US House,-27.0,-39.0,12.0,2016,2017
2017-06-20,SC,HD-70,D,D,False,US House,56.0,43.0,13.0,2016,2017
2017-06-20,GA,GA-06,R,R,False,US House,-4.0,-1.0,-3.0,2016,2017
2017-06-20,SC,SC-05,R,R,False,US House,-3.0,-18.0,15.0,2016,2017
2017-06-20,SC,HD-48,R,R,False,US House,-21.0,-24.0,3.0,2016,2017
2017-07-11,OK,HD-75,R,D,True,US House,5.0,-22.0,27.0,2016,2017
2017-07-11,OK,SD-44,R,D,True,US House,9.0,-19.0,28.0,2016,2017
2017-07-18,NH,HD-Merrimack-18,D,D,False,state legislature,55.0,22.0,33.0,2016,2017
2017-07-25,NH,SD-16,D,D,False,US House,11.0,0.3,10.0,2016,2017
2017-08-08,MO,HD-50,R,R,False,US House,-4.0,-21.0,17.0,2016,2017
2017-08-08,MO,SD-28,R,R,False,US House,-37.0,-56.0,19.0,2016,2017
2017-08-08,IA,HD-82,D,D,False,US House,9.0,-21.0,30.0,2016,2017
2017-08-22,RI,SD-13,D,D,False,US House,25.0,35.0,-10.0,2016,2017
2017-09-05,NH,HD-Grafton-09,R,R,False,state legislature,-4.0,-15.0,11.0,2016,2017
2017-09-12,NH,HD-Belknap-09,R,D,True,state legislature,11.0,-16.0,28.0,2016,2017
2017-09-12,OK,HD-46,R,D,True,US House,21.0,-10.0,31.0,2016,2017
2017-09-26,NH,HD-Rockingham-04,R,D,True,state legislature,2.0,-23.0,25.0,2016,2017
2017-09-26,FL,HD-116,R,R,False,US House,-32.0,5.0,-37.0,2016,2017
2017-09-26,FL,SD-40,R,D,True,US House,4.0,18.0,-14.0,2016,2017
2017-09-26,SC,HD-31,D,D,False,US House,82.0,48.0,34.0,2016,2017
2017-10-10,FL,HD-44,R,R,False,US House,-11.0,6.0,-17.0,2016,2017
2017-10-17,MA,SD-Bristol & Norfolk,D,D,False,state legislature,4.0,11.0,-7.0,2016,2017
2017-10-24,NH,HD-Strafford-13,D,D,False,state legislature,64.0,41.0,23.0,2016,2017
2017-11-07,SC,HD-113,D,D,False,US House,62.0,39.0,23.0,2016,2017
2017-11-07,UT,UT-03,R,R,False,state legislature,-32.0,-24.0,-9.0,2016,2017
2017-11-07,GA,HD-117,R,D,True,US House,6.0,-3.0,10.0,2016,2017
2017-11-07,MA,HD-Berkshire-01,D,D,False,state legislature,52.0,36.0,16.0,2016,2017
2017-11-07,MA,HD-Essex-03,D,D,False,state legislature,7.0,15.0,-9.0,2016,2017
2017-11-07,ME,HD-56,R,R,False,US House,-16.0,-22.0,6.0,2016,2017
2017-11-07,MI,HD-01,D,D,False,US House,46.0,52.0,-5.0,2016,2017
2017-11-07,MI,HD-109,D,D,False,US House,14.0,-4.0,18.0,2016,2017
2017-11-07,MO,HD-151,R,R,False,US House,-43.0,-69.0,26.0,2016,2017
2017-11-07,MO,SD-08,R,R,False,US House,-8.0,-21.0,13.0,2016,2017
2017-11-07,MO,HD-23,D,D,False,US House,79.0,81.0,-2.0,2016,2017
2017-11-07,WA,SD-07,R,R,False,US House,-37.0,-34.0,-2.0,2016,2017
2017-11-07,WA,SD-45,R,D,True,US House,11.0,37.0,-26.0,2016,2017
2017-11-07,WA,SD-31,R,R,False,US House,-14.0,-9.0,-6.0,2016,2017
2017-11-07,WA,HD-07-1,R,R,False,state legislature,-35.0,-34.0,-0.5,2016,2017
2017-11-07,NY,SD-26,D,D,False,US House,70.0,73.0,-3.0,2016,2017
2017-11-07,NH,HD-Sullivan-01,D,D,False,state legislature,32.0,22.0,10.0,2016,2017
2017-11-07,NH,HD-Hillsborough-15,R,D,True,state legislature,1.0,-10.0,11.0,2016,2017
2017-11-07,WA,HD-31-2,R,R,False,state legislature,-14.0,-9.0,-6.0,2016,2017
2017-11-14,OK,SD-45,R,R,False,US House,-14.0,-40.0,26.0,2016,2017
2017-11-14,OK,SD-37,R,D,True,US House,1.0,-39.0,40.0,2016,2017
2017-11-14,OK,HD-76,R,R,False,US House,-37.0,-35.0,-2.0,2016,2017
2017-12-05,PA,HD-133,D,D,False,US House,38.0,10.0,28.0,2016,2017
2017-12-05,MA,SD-Worcester & Middlsex,D,R,True,state legislature,-4.0,8.0,-12.0,2016,2017
2017-12-12,IA,SD-03,R,R,False,US House,-9.0,-41.0,32.0,2016,2017
2017-12-12,AL,AL-Sen,R,D,True,state legislature,2.0,-28.0,29.0,2016,2017
2017-12-19,FL,HD-58,R,R,False,state legislature,-21.0,-10.0,-11.0,2016,2017
2017-12-19,TN,SD-17,R,R,False,US House,-3.0,-48.0,46.0,2016,2017
2018-01-16,WI,AD-58,R,R,False,US House,-13.0,-38.0,25.0,2016,2018
2018-01-16,WI,SD-10,R,D,True,US House,10.0,-17.0,28.0,2016,2018
2018-01-16,SC,HD-99,R,R,False,US House,-13.0,-23.0,10.0,2016,2018
2018-01-16,IA,HD-06,R,R,False,US House,-11.0,-33.0,22.0,2016,2018
2018-01-23,PA,HD-35,D,D,False,US House,48.0,18.0,29.0,2016,2018
2018-02-06,MO,HD-144,R,R,False,US House,-5.0,-59.0,53.0,2016,2018
2018-02-06,MO,HD-129,R,R,False,US House,-38.0,-64.0,25.0,2016,2018
2018-02-06,MO,HD-97,R,D,True,US House,3.0,-28.0,31.0,2016,2018
2018-02-06,MO,HD-39,R,R,False,US House,-29.0,-47.0,18.0,2016,2018
2018-02-12,MN,HD-23B,R,R,False,state legislature,-19.0,-27.0,7.0,2016,2018
2018-02-12,MN,SD-54,D,D,False,US House,4.0,-1.0,5.0,2016,2018
2018-02-13,FL,HD-72,R,D,True,US House,7.0,-5.0,12.0,2016,2018
2018-02-13,OK,SD-27,R,R,False,US House,-36.0,-73.0,37.0,2016,2018
2018-02-20,KY,HD-49,R,D,True,US House,37.0,-49.0,86.0,2016,2018
2018-02-27,NH,HD-Belknap-03,R,D,True,state legislature,7.0,-12.0,19.0,2016,2018
2018-02-27,KY,HD-89,R,R,False,US House,-34.0,-62.0,28.0,2016,2018
2018-02-27,CT,HD-120,R,D,True,US House,2.0,2.0,-0.1,2016,2018
2018-03-06,OK,HD-51,R,R,False,US House,-44.0,-65.0,21.0,2016,2018
2018-03-13,TN,SD-14,R,R,False,US House,-43.0,-44.0,0.05,2016,2018
2018-03-13,PA,PA-18,R,D,True,US House,0.3,-20.0,20.0,2016,2018
2018-03-27,AL,HD-21,R,R,False,US House,-6.0,31.0,-37.0,2016,2018
2018-04-03,RI,SD-08,D,D,False,US House,45.0,31.0,14.0,2016,2018
2018-04-03,MA,HD-Bristol-02,D,D,False,state legislature,4.0,9.0,-5.0,2016,2018
2018-04-10,IA,SD-25,R,R,False,US House,-21.0,-26.0,5.0,2016,2018
2018-04-10,FL,SD-31,D,D,False,US House,50.0,25.0,25.0,2016,2018
2018-04-24,NY,AD-142,D,R,True,US House,-3.0,-6.0,3.0,2016,2018
2018-04-24,NY,AD-107,R,R,False,US House,-1.0,-4.0,3.0,2016,2018
2018-04-24,NY,AD-05,R,R,False,US House,-26.0,-24.0,-2.0,2016,2018
2018-04-24,NY,AD-80,D,D,False,US House,62.0,66.0,-4.0,2016,2018
2018-04-24,NY,AD-74,D,D,False,US House,85.0,74.0,10.0,2016,2018
2018-04-24,NY,AD-17,R,R,False,US House,-27.0,-19.0,-9.0,2016,2018
2018-04-24,NY,AD-10,R,D,True,US House,18.0,7.0,11.0,2016,2018
2018-04-24,NY,AD-102,R,R,False,US House,-1.0,-23.0,22.0,2016,2018
2018-04-24,NY,SD-37,D,D,False,US House,15.0,22.0,-7.0,2016,2018
2018-04-24,NY,SD-32,D,D,False,US House,86.0,88.0,-2.0,2016,2018
2018-04-24,AZ,AZ-08,R,R,False,US House,-5.0,-21.0,16.0,2016,2018
2018-05-01,FL,HD-114,D,D,False,US House,4.0,14.0,-10.0,2016,2018
2018-05-01,FL,HD-39,R,R,False,US House,-20.0,-19.0,-1.0,2016,2018
2018-05-15,PA,HD-178,R,D,True,US House,1.0,-3.0,4.0,2016,2018
2018-05-15,PA,HD-68,R,R,False,US House,-52.0,-54.0,2.0,2016,2018
2018-05-15,PA,HD-48,D,R,True,US House,-11.0,-15.0,4.0,2016,2018
2018-05-15,AL,HD-04,R,R,False,state legislature,-47.0,-47.0,0.1,2016,2018
2018-05-15,AL,SD-26,D,D,False,US House,78.0,58.0,20.0,2016,2018
2018-05-22,AR,SD-16,R,R,False,US House,-53.0,-52.0,-1.0,2016,2018
2018-05-22,AR,SD-29,R,R,False,US House,-62.0,-58.0,-5.0,2016,2018
2018-06-04,CT,HD-04,D,D,False,state legislature,60.0,79.0,-19.0,2016,2018
2018-06-05,CA,AD-45,D,D,False,US House,31.0,40.0,-9.0,2016,2018
2018-06-05,CA,AD-39,D,D,False,US House,42.0,55.0,-13.0,2016,2018
2018-06-05,MO,SD-17,R,D,True,US House,19.0,-4.0,24.0,2016,2018
2018-06-12,WI,AD-42,R,R,False,US House,-8.0,-14.0,6.0,2016,2018
2018-06-12,WI,SD-01,R,D,True,US House,3.0,-18.0,21.0,2016,2018
2018-08-07,CA,SD-32,D,D,False,US House,5.0,39.0,-34.0,2016,2018
2018-08-07,OH,OH-12,R,R,False,US House,-1.0,-11.0,10.0,2016,2018
2018-09-19,TX,SD-19,D,R,True,US House,-13.0,12.0,-25.0,2016,2018
2018-12-18,VA,HD-24,R,R,False,US House,-19.0,-34.0,15.0,2016,2018
2019-01-08,VA,SD-33,D,D,False,US House,40.0,32.0,8.0,2016,2019
2019-02-05,MN,SD-11,D,R,True,US House,-6.0,-13.0,7.0,2016,2019
2019-02-19,VA,HD-86,D,D,False,US House,25.0,35.0,-10.0,2016,2019
2019-02-23,LA,HD-27,R,R,False,US House,-84.0,-70.0,-14.0,2016,2019
2019-02-26,CT,SD-03,D,D,False,US House,18.0,21.0,-4.0,2016,2019
2019-02-26,CT,SD-05,D,D,False,US House,29.0,33.0,-4.0,2016,2019
2019-02-26,CT,HD-99,D,R,True,US House,-8.0,-10.0,2.0,2016,2019
2019-02-26,CT,HD-39,D,D,False,state legislature,37.0,55.0,-18.0,2016,2019
2019-02-26,CT,SD-06,D,R,True,US House,-6.0,23.0,-29.0,2016,2019
2019-03-05,KY,SD-31,D,R,True,US House,-5.0,-62.0,57.0,2016,2019
2019-03-12,TX,HD-125,D,D,False,US House,17.0,28.0,-11.0,2016,2019
2019-03-12,TN,SD-32,R,R,False,US House,-68.0,-40.0,-28.0,2016,2019
2019-03-12,PA,HD-190,D,D,False,state legislature,64.0,93.0,-29.0,2016,2019
2019-03-12,PA,HD-114,D,D,False,US House,25.0,-8.0,33.0,2016,2019
2019-03-12,ME,HD-124,D,D,False,US House,29.0,18.0,11.0,2016,2019
2019-03-19,MN,HD-11B,R,R,False,state legislature,-37.0,-30.0,-7.0,2016,2019
2019-03-19,IA,SD-30,D,D,False,US House,15.0,3.0,11.0,2016,2019
2019-03-26,SC,SD-06,R,R,False,US House,-11.0,-30.0,19.0,2016,2019
2019-03-30,LA,HD-18,D,D,False,US House,37.0,-18.0,55.0,2016,2019
2019-04-02,ME,HD-52,D,D,False,US House,33.0,25.0,8.0,2016,2019
2019-04-02,PA,SD-37,R,D,True,US House,4.0,-6.0,10.0,2016,2019
2019-04-16,CT,HD-19,D,D,False,US House,31.0,37.0,-6.0,2016,2019
2019-04-23,TN,SD-22,R,R,False,US House,-9.0,-22.0,13.0,2016,2019
2019-04-23,SC,HD-14,R,R,False,US House,-16.0,-38.0,22.0,2016,2019
2019-04-30,WI,AD-64,D,D,False,US House,25.0,10.0,14.0,2016,2019
2019-05-07,CT,HD-130,D,D,False,state legislature,43.0,77.0,-34.0,2016,2019
2019-05-21,PA,PA-12,R,R,False,US House,-36.0,-36.0,0.2,2016,2019
2019-05-21,PA,SD-33,R,R,False,US House,-37.0,-37.0,0.4,2016,2019
2019-05-21,PA,SD-41,R,R,False,US House,-31.0,-42.0,11.0,2016,2019
2019-05-21,PA,HD-11,R,R,False,US House,-15.0,-38.0,23.0,2016,2019
2019-06-04,CA,SD-33,D,D,False,US House,40.0,64.0,-24.0,2016,2019
2019-06-11,ME,HD-45,D,D,False,US House,23.0,23.0,-0.2,2016,2019
2019-06-18,FL,HD-38,R,R,False,US House,-11.0,-16.0,5.0,2016,2019
2019-06-18,FL,HD-07,R,R,False,US House,-43.0,-38.0,-4.0,2016,2019
2019-08-20,PA,HD-85,R,R,False,US House,-25.0,-33.0,8.0,2016,2019
2019-08-20,SC,HD-19,R,R,False,US House,-22.0,-25.0,3.0,2016,2019
2019-09-10,NC,NC-09,R,R,False,US House,-2.0,-12.0,10.0,2016,2019
2019-09-10,NC,NC-03,R,R,False,US House,-24.0,-24.0,-1.0,2016,2019
2019-10-08,NH,HD-Rockingham-09,R,R,False,state legislature,-4.0,-12.0,8.0,2016,2019
2019-11-05,AL,HD-42,R,R,False,US House,-77.0,,,2016,2019
2019-11-05,CA,AD-01,R,R,False,US House,-15.0,-21.0,6.0,2016,2019
2019-11-05,KY,HD-63,R,R,False,US House,-26.0,-30.0,4.0,2016,2019
2019-11-05,MO,HD-22,D,D,False,US House,70.0,69.0,2.0,2016,2019
2019-11-05,KY,HD-18,R,R,False,US House,-21.0,-52.0,31.0,2016,2019
2019-11-05,MO,HD-158,R,R,False,US House,-65.0,-60.0,-5.0,2016,2019
2019-11-05,NJ,SD-01,D,R,True,US House,-7.0,-9.0,2.0,2016,2019
2019-11-05,NY,SD-57,R,R,False,US House,-42.0,-30.0,-12.0,2016,2019
2019-11-05,WA,SD-40,D,D,False,US House,40.0,33.0,7.0,2016,2019
2019-11-05,WA,HD-13-2,R,R,False,state legislature,-49.0,-31.0,-18.0,2016,2019
2019-11-05,MO,HD-99,R,D,True,US House,8.0,-5.0,13.0,2016,2019
2019-11-12,AL,HD-74,R,R,False,US House,-37.0,,,2016,2019
2019-12-19,TN,HD-77,R,R,False,US House,-72.0,-58.0,-14.0,2016,2019
2020-01-14,PA,SD-48,R,R,False,US House,-29.0,-25.0,-4.0,2016,2020
2020-01-14,KY,SD-38,R,R,False,US House,-27.0,-39.0,12.0,2016,2020
2020-01-14,CT,HD-132,R,R,False,US House,-2.0,17.0,-19.0,2016,2020
2020-01-14,CT,HD-48,D,D,False,US House,5.0,2.0,3.0,2016,2020
2020-01-21,CT,HD-151,R,R,False,US House,-9.0,16.0,-25.0,2016,2020
2020-01-28,TX,HD-28,R,R,False,US House,-16.0,-10.0,-6.0,2016,2020
2020-01-28,TX,HD-148,D,D,False,US House,31.0,33.0,-2.0,2016,2020
2020-02-04,MN,HD-30A,R,R,False,state legislature,-27.0,-31.0,4.0,2016,2020
2020-02-25,KY,HD-67,D,D,False,US House,28.0,-5.0,33.0,2016,2020
2020-02-25,PA,HD-190,D,D,False,US House,73.0,93.0,-20.0,2016,2020
2020-02-25,KY,HD-99,D,R,True,US House,-11.0,-40.0,28.0,2016,2020
2020-03-03,MA,HD-Middlesex-32,D,D,False,state legislature,63.0,32.0,31.0,2016,2020
2020-03-03,ME,HD-128,D,D,False,US House,16.0,-8.0,24.0,2016,2020
2020-03-10,MI,HD-34,D,D,False,US House,84.0,73.0,11.0,2016,2020
2020-03-10,NH,HD-Merrimack-24,R,D,True,state legislature,2.0,-10.0,12.0,2016,2020
2020-03-17,PA,HD-08,R,R,False,US House,-50.0,-47.0,-3.0,2016,2020
2020-03-17,PA,HD-18,R,R,False,US House,-10.0,9.0,-19.0,2016,2020
2020-03-17,PA,HD-58,R,R,False,US House,-12.0,-29.0,17.0,2016,2020
2020-04-28,MD,MD-07,D,D,False,US House,49.0,56.0,-7.0,2016,2020
2020-05-12,CA,SD-28,R,R,False,US House,-11.0,-2.0,-9.0,2016,2020
2020-05-12,WI,WI-07,R,R,False,US House,-14.0,-20.0,6.0,2016,2020
2020-05-12,CA,CA-25,D,R,True,US House,-10.0,7.0,-16.0,2016,2020
2020-05-19,MA,SD-Plymouth & Barnstable,R,D,True,state legislature,12.0,6.0,6.0,2016,2020
2020-05-19,MA,SD-2nd Hampden & Hampshire,R,D,True,state legislature,28.0,11.0,17.0,2016,2020
2020-06-02,MA,HD-Middlesex-37,D,D,False,state legislature,48.0,30.0,18.0,2016,2020
2020-06-02,MA,HD-Bristol-03,R,D,True,state legislature,14.0,10.0,4.0,2016,2020
2020-06-23,NY,NY-27,R,R,False,US House,-5.0,-25.0,19.0,2016,2020
2020-06-23,KY,SD-26,R,D,True,US House,14.0,-13.0,27.0,2016,2020
2020-08-11,SC,HD-115,R,D,True,US House,20.0,-3.0,23.0,2016,2020
2020-11-17,AL,HD-49,R,R,False,US House,-26.0,-47.0,21.0,2020,2020
2021-01-05,VA,HD-02,D,D,False,US House,4.0,24.0,-20.0,2020,2021
2021-01-05,VA,HD-90,D,D,False,US House,27.0,34.0,-7.0,2020,2021
2021-01-19,AL,HD-33,R,R,False,US House,-36.0,-46.0,10.0,2020,2021
2021-01-26,IA,SD-41,R,R,False,US House,-11.0,-21.0,11.0,2020,2021
2021-03-02,CT,SD-27,D,D,False,US House,20.0,39.0,-19.0,2020,2021
2021-03-02,AL,SD-26,D,D,False,US House,57.0,62.0,-5.0,2020,2021
2021-03-09,ME,SD-14,D,D,False,US House,25.0,2.0,23.0,2020,2021
2021-03-23,VA,SD-38,R,R,False,US House,-52.0,-54.0,2.0,2020,2021
2021-03-30,MA,HD-Suffolk-19,D,D,False,state legislature,43.0,32.0,11.0,2020,2021
2021-04-06,OK,SD-22,R,R,False,US House,-31.0,-30.0,-1.0,2020,2021
2021-04-06,WI,AD-89,R,R,False,US House,-26.0,-31.0,5.0,2020,2021
2021-04-06,WI,SD-13,R,R,False,US House,-7.0,-19.0,11.0,2020,2021
2021-04-13,CT,HD-112,R,R,False,US House,-7.0,1.0,-8.0,2020,2021
2021-04-13,NH,HD-Hillsborough-21,R,R,False,state legislature,-8.0,6.0,-15.0,2020,2021
2021-04-27,CT,HD-145,D,D,False,US House,53.0,60.0,-7.0,2020,2021
2021-05-18,PA,HD-60,R,R,False,US House,-49.0,-48.0,-1.0,2020,2021
2021-05-18,PA,HD-59,R,R,False,US House,-32.0,-41.0,8.0,2020,2021
2021-05-18,PA,SD-48,R,R,False,US House,-32.0,-20.0,-11.0,2020,2021
2021-05-18,PA,SD-22,D,D,False,state legislature,13.0,9.0,4.0,2020,2021
2021-06-02,NM,NM-01,D,D,False,US House,25.0,23.0,2.0,2020,2021
2021-06-08,NH,HD-Merrimack-23,D,D,False,state legislature,16.0,11.0,5.0,2020,2021
2021-07-13,GA,HD-34,R,R,False,US House,-26.0,-4.0,-22.0,2020,2021
2021-07-13,AL,SD-14,R,R,False,US House,-61.0,-42.0,-18.0,2020,2021
2021-07-13,WI,AD-37,R,R,False,US House,-10.0,-11.0,1.0,2020,2021
2021-07-13,AL,HD-73,R,R,False,US House,-50.0,-34.0,-16.0,2020,2021
2021-08-17,CT,SD-36,D,R,True,US House,-3.0,25.0,-28.0,2020,2021
2021-09-07,NH,HD-Hillsborough-07,R,D,True,state legislature,1.0,3.0,-2.0,2020,2021
2021-09-07,AL,HD-78,D,D,False,US House,60.0,68.0,-8.0,2020,2021
2021-09-14,TN,HD-29,R,R,False,US House,-60.0,-30.0,-30.0,2020,2021
2021-09-14,IA,HD-37,R,R,False,US House,-3.0,-2.0,-1.0,2020,2021
2021-10-12,IA,HD-29,D,R,True,US House,-20.0,-16.0,-4.0,2020,2021
2021-10-27,NH,HD-Cheshire-09,D,D,False,state legislature,31.0,16.0,16.0,2020,2021
2021-11-02,KY,SD-22,R,R,False,US House,-44.0,-36.0,-8.0,2020,2021
2021-11-02,KY,HD-51,R,R,False,US House,-50.0,-58.0,8.0,2020,2021
2021-11-02,KY,HD-89,R,R,False,US House,-56.0,-51.0,-5.0,2020,2021
2021-11-02,ME,HD-86,R,D,True,US House,12.0,9.0,4.0,2020,2021
2021-11-02,MI,SD-08,R,R,False,US House,-24.0,-20.0,-4.0,2020,2021
2021-11-02,MI,SD-28,R,R,False,US House,-24.0,-13.0,-10.0,2020,2021
2021-11-02,OH,OH-15,R,R,False,US House,-17.0,-14.0,-3.0,2020,2021
2021-11-02,OH,OH-11,D,D,False,US House,58.0,61.0,-3.0,2020,2021
2021-11-02,PA,HD-113,D,D,False,US House,41.0,23.0,18.0,2020,2021
2021-11-02,PA,HD-164,D,D,False,US House,61.0,68.0,-7.0,2020,2021
2021-11-02,RI,SD-03,D,D,False,US House,82.0,78.0,4.0,2020,2021
2021-11-02,TX,HD-118,D,R,True,US House,-2.0,14.0,-16.0,2020,2021
2021-11-02,NY,SD-30,D,D,False,US House,83.0,85.0,-3.0,2020,2021
2021-11-13,LA,SD-27,R,R,False,US House,-21.0,-19.0,-2.0,2020,2021
2021-11-30,MA,HD-Essex-04,R,D,True,state legislature,11.0,30.0,-20.0,2020,2021
2021-12-07,NH,HD-Rockingham-06,R,R,False,state legislature,-17.0,-7.0,-11.0,2020,2021
2021-12-14,CT,HD-116,D,D,False,US House,9.0,54.0,-44.0,2020,2021
2021-12-14,IA,SD-01,R,R,False,US House,-51.0,-45.0,-6.0,2020,2021
2022-01-11,VA,HD-89,D,D,False,US House,53.0,68.0,-15.0,2020,2022
2022-01-11,ME,HD-27,D,D,False,US House,19.0,23.0,-4.0,2020,2022
2022-01-11,FL,FL-20,D,D,False,US House,60.0,55.0,4.0,2020,2022
2022-01-18,NY,AD-68,D,D,False,US House,71.0,78.0,-7.0,2020,2022
2022-01-25,CT,HD-144,D,D,False,US House,11.0,25.0,-14.0,2020,2022
2022-02-08,AR,SD-07,R,R,False,US House,-1.0,-14.0,13.0,2020,2022
2022-02-15,NY,AD-72,D,D,False,state legislature,54.0,68.0,-14.0,2020,2022
2022-02-15,NY,AD-60,D,D,False,state legislature,76.0,86.0,-9.0,2020,2022
2022-02-22,KY,HD-42,D,D,False,US House,89.0,75.0,14.0,2020,2022
2022-02-22,CT,HD-71,R,R,False,US House,-47.0,-6.0,-42.0,2020,2022
2022-03-01,CT,HD-05,D,D,False,state legislature,63.0,71.0,-9.0,2020,2022
2022-03-05,DE,HD-04,D,D,False,US House,37.0,42.0,-5.0,2020,2022
2022-03-08,FL,SD-33,D,D,False,US House,62.0,56.0,5.0,2020,2022
2022-03-08,FL,HD-88,D,D,False,US House,61.0,54.0,7.0,2020,2022
2022-03-22,NY,AD-43,D,D,False,state legislature,59.0,77.0,-18.0,2020,2022
2022-03-29,SC,SD-31,R,R,False,US House,-80.0,-19.0,-62.0,2020,2022
2022-04-05,PA,HD-24,D,D,False,US House,88.0,83.0,5.0,2020,2022
2022-04-05,PA,HD-116,R,R,False,state legislature,-31.0,-33.0,2.0,2020,2022
2022-04-07,NY,AD-20,R,R,False,US House,-26.0,-5.0,-20.0,2020,2022
2022-05-03,MI,HD-36,R,R,False,US House,-19.0,-30.0,11.0,2020,2022
2022-05-03,MI,HD-43,R,R,False,US House,-13.0,-12.0,-1.0,2020,2022
2022-05-03,MI,HD-74,R,D,True,US House,11.0,-16.0,27.0,2020,2022
2022-05-03,MI,HD-15,D,D,False,US House,45.0,38.0,8.0,2020,2022
2022-05-03,GA,HD-45,R,R,False,US House,-13.0,1.0,-14.0,2020,2022
2022-05-17,SC,HD-97,R,R,False,US House,-27.0,-19.0,-8.0,2020,2022
2022-05-17,PA,SD-05,D,D,False,US House,13.0,10.0,4.0,2020,2022
2022-05-24,NY,AD-58,D,D,False,state legislature,77.0,91.0,-14.0,2020,2022
2022-06-07,CA,CA-22,R,R,False,US House,-24.0,-5.0,-19.0,2020,2022
2022-06-14,ME,SD-07,D,D,False,US House,28.0,17.0,11.0,2020,2022
2022-06-28,NE,NE-01,R,R,False,US House,-5.0,-11.0,6.0,2020,2022
2022-08-09,MN,MN-01,R,R,False,US House,-4.0,-10.0,6.0,2020,2022
2022-08-16,AK,AK-AL,R,D,True,US House,3.0,-10.0,13.0,2020,2022
2022-08-23,NY,NY-23,R,R,False,US House,-5.0,-11.0,6.0,2020,2022
2022-08-23,NY,NY-19,D,D,False,US House,3.0,2.0,1.0,2020,2022
2025-01-07,VA,HD-26,D,D,False,US House,25.0,22.0,3.0,2024,2025
2025-01-07,VA,SD-10,R,R,False,US House,-16.0,-27.0,11.0,2024,2025
2025-01-07,VA,SD-32,D,D,False,US House,24.0,22.0,2.0,2024,2025
2025-01-28,MN,SD-60,D,D,False,US House,82.0,69.0,14.0,2024,2025
2025-01-28,IA,SD-35,R,D,True,US House,4.0,-21.0,25.0,2024,2025
2025-02-15,DE,SD-05,D,D,False,US House,30.0,32.0,-2.0,2024,2025
2025-02-15,DE,SD-01,D,D,False,US House,56.0,47.0,10.0,2024,2025
2025-02-25,ME,HD-24,D,D,False,US House,43.0,25.0,18.0,2024,2025
2025-02-25,CT,HD-40,D,D,False,US House,38.0,22.0,16.0,2024,2025
2025-02-25,CT,SD-21,R,R,False,US House,-7.0,-1.0,-6.0,2024,2025
2025-03-11,MN,HD-40B,D,D,False,state legislature,40.0,39.0,2.0,2024,2025
2025-03-11,IA,HD-100,R,R,False,US House,-3.0,-27.0,24.0,2024,2025
2025-03-25,PA,SD-36,R,D,True,US House,1.0,-15.0,16.0,2024,2025
2025-03-25,PA,HD-35,D,D,False,US House,28.0,16.0,13.0,2024,2025
2025-04-01,FL,FL-06,R,R,False,US House,-14.0,-30.0,16.0,2024,2025
2025-04-01,FL,FL-01,R,R,False,US House,-15.0,-37.0,23.0,2024,2025
2025-04-22,CT,HD-113,R,R,False,US House,-5.0,-11.0,6.0,2024,2025
2025-04-29,MN,SD-06,R,R,False,US House,-21.0,-27.0,6.0,2024,2025
2025-04-29,IA,HD-78,D,D,False,US House,58.0,33.0,26.0,2024,2025
2025-05-13,OK,SD-08,R,R,False,US House,-32.0,-51.0,19.0,2024,2025
2025-05-13,MA,HD-Essex-06,D,D,False,state legislature,47.0,35.0,13.0,2024,2025
2025-05-20,NY,SD-22,D,D,False,US House,35.0,-55.0,90.0,2024,2025
2025-06-03,SC,HD-50,D,D,False,US House,41.0,5.0,36.0,2024,2025
2025-06-10,FL,HD-32,R,R,False,US House,-11.0,-20.0,9.0,2024,2025
2025-06-10,FL,HD-03,R,R,False,US House,-34.0,-55.0,21.0,2024,2025
2025-06-10,OK,HD-71,D,D,False,US House,69.0,19.0,50.0,2024,2025
2025-06-10,OK,HD-74,R,R,False,US House,-29.0,-42.0,13.0,2024,2025
2025-06-10,FL,SD-19,R,R,False,US House,-9.0,-20.0,11.0,2024,2025
2025-06-10,MA,HD-Bristol-03,D,D,False,state legislature,0.3,6.0,-5.0,2024,2025
2025-06-24,AL,SD-05,R,R,False,US House,-72.0,-74.0,1.0,2024,2025
2025-06-24,NH,HD-Strafford-12,D,D,False,state legislature,11.0,12.0,-1.0,2024,2025
2025-08-05,DE,HD-20,D,D,False,US House,1.0,9.0,-7.0,2024,2025
2025-08-05,RI,SD-04,D,D,False,US House,67.0,11.0,56.0,2024,2025
2025-08-26,AL,HD-11,R,R,False,US House,-77.0,-82.0,5.0,2024,2025
2025-08-26,CA,AD-63,R,R,False,US House,-7.0,-13.0,6.0,2024,2025
2025-08-26,IA,SD-01,R,D,True,US House,10.0,-12.0,22.0,2024,2025
2025-09-02,FL,SD-15,D,D,False,US House,45.0,23.0,22.0,2024,2025
2025-09-02,FL,HD-40,D,D,False,US House,50.0,35.0,15.0,2024,2025
2025-09-09,VA,VA-11,D,D,False,US House,50.0,34.0,16.0,2024,2025
2025-09-16,MN,HD-34B,D,D,False,state legislature,22.0,28.0,-6.0,2024,2025
2025-09-23,AZ,AZ-07,D,D,False,US House,40.0,22.0,17.0,2024,2025
2025-09-23,GA,SD-21,R,R,False,US House,-23.0,-34.0,11.0,2024,2025
2025-10-28,AL,HD-12,R,R,False,US House,-74.0,-79.0,4.0,2024,2025
2025-11-04,MN,SD-29,R,R,False,US House,-25.0,-32.0,7.0,2024,2025
2025-11-04,MN,SD-47,D,D,False,US House,23.0,22.0,2.0,2024,2025
2025-11-04,MS,SD-01,R,R,False,US House,-44.0,-52.0,8.0,2024,2025
2025-11-04,MS,SD-02,R,D,True,US House,26.0,7.0,19.0,2024,2025
2025-11-04,MS,SD-11,D,D,False,US House,34.0,14.0,20.0,2024,2025
2025-11-04,MS,SD-44,R,R,False,US House,-36.0,-55.0,19.0,2024,2025
2025-11-04,MS,SD-45,R,D,True,US House,43.0,24.0,19.0,2024,2025
2025-11-04,MS,SD-19,R,R,False,US House,-6.0,-15.0,9.0,2024,2025
2025-11-04,NH,HD-Coos-05,R,R,False,state legislature,-0.3,-4.0,4.0,2024,2025
2025-11-04,NJ,SD-35,D,D,False,US House,45.0,12.0,33.0,2024,2025
2025-11-04,NY,AD-115,D,D,False,US House,5.0,-1.0,6.0,2024,2025
2025-11-04,WA,SD-05,D,D,False,US House,13.0,19.0,-6.0,2024,2025
2025-11-04,WA,SD-26,D,D,False,US House,5.0,10.0,-4.0,2024,2025
2025-11-04,WA,HD-41-1,D,D,False,state legislature,42.0,45.0,-3.0,2024,2025
2025-11-04,WA,HD-48-1,D,D,False,state legislature,40.0,45.0,-5.0,2024,2025
2025-11-04,MS,HD-22,R,D,True,US House,6.0,-3.0,8.0,2024,2025
2025-12-02,TN,TN-07,R,R,False,US House,-9.0,-22.0,13.0,2024,2025
2025-12-09,IA,HD-07,R,R,False,US House,-40.0,-51.0,11.0,2024,2025
2025-12-09,GA,HD-121,R,D,True,US House,2.0,-13.0,14.0,2024,2025
2025-12-09,FL,HD-90,D,D,False,US House,27.0,11.0,17.0,2024,2025
2025-12-09,FL,SD-11,R,R,False,US House,-18.0,-40.0,22.0,2024,2025
2025-12-16,KY,SD-37,D,D,False,US House,47.0,5.0,42.0,2024,2025
2025-12-23,SC,HD-88,R,R,False,US House,-25.0,-35.0,11.0,2024,2025
2025-12-30,IA,SD-16,D,D,False,US House,43.0,17.0,26.0,2024,2025
2026-01-06,VA,SD-15,D,D,False,US House,42.0,29.0,13.0,2024,2026
2026-01-06,SC,HD-98,R,R,False,US House,-0.6,-7.0,6.0,2024,2026
2026-01-06,GA,HD-23,R,R,False,US House,-43.0,-47.0,4.0,2024,2026
2026-01-06,CT,HD-25,D,D,False,US House,33.0,31.0,2.0,2024,2026
2026-01-06,VA,HD-77,D,D,False,US House,60.0,51.0,9.0,2024,2026
2026-01-13,VA,HD-23,D,D,False,US House,57.0,35.0,21.0,2024,2026
2026-01-13,VA,HD-11,D,D,False,US House,40.0,36.0,4.0,2024,2026
2026-01-13,CT,HD-139,D,D,False,US House,36.0,8.0,28.0,2024,2026
2026-01-13,AL,HD-63,R,R,False,US House,-29.0,-17.0,-12.0,2024,2026
2026-01-20,VA,HD-17,D,D,False,US House,58.0,43.0,15.0,2024,2026
2026-01-27,MN,HD-64A,D,D,False,state legislature,91.0,71.0,20.0,2024,2026
2026-01-31,TX,SD-09,R,D,True,US House,15.0,-17.0,32.0,2024,2026
2026-02-03,NY,AD-74,D,D,False,US House,66.0,64.0,2.0,2024,2026
2026-02-03,NY,SD-61,D,D,False,US House,20.0,22.0,-2.0,2024,2026
2026-02-03,NY,SD-47,D,D,False,US House,84.0,71.0,13.0,2024,2026
2026-02-03,AL,HD-38,R,R,False,US House,-70.0,-43.0,-26.0,2024,2026
2026-02-07,LA,HD-60,D,D,False,US House,24.0,-13.0,37.0,2024,2026
2026-02-10,VA,HD-05,D,D,False,US House,65.0,60.0,5.0,2024,2026
2026-02-10,OK,HD-35,R,R,False,US House,-28.0,-58.0,29.0,2024,2026
2026-02-10,VA,SD-39,D,D,False,US House,67.0,56.0,11.0,2024,2026
2026-02-17,GA,SD-18,R,R,False,US House,-19.0,-23.0,4.0,2024,2026
2026-02-24,ME,HD-94,D,D,False,US House,6.0,13.0,-7.0,2024,2026
2026-02-24,PA,HD-42,D,D,False,US House,63.0,30.0,34.0,2024,2026
2026-02-24,PA,HD-22,D,D,False,US House,35.0,18.0,17.0,2024,2026
2026-03-03,MA,SD-Middlesex-01,D,D,False,state legislature,35.0,11.0,24.0,2024,2026
2026-03-03,AR,HD-70,R,D,True,US House,15.0,2.0,13.0,2024,2026
2026-03-10,NH,HD-Carroll-07,R,D,True,state legislature,4.0,-9.0,13.0,2024,2026
2026-03-17,VA,HD-98,R,R,False,US House,-19.0,-15.0,-4.0,2024,2026
2026-03-17,PA,HD-193,R,R,False,US House,-19.0,-38.0,18.0,2024,2026
2026-03-17,PA,HD-79,R,R,False,US House,-12.0,-33.0,20.0,2024,2026
2026-03-24,FL,HD-51,R,R,False,US House,-8.0,-14.0,5.0,2024,2026
2026-03-24,FL,SD-14,R,D,True,US House,0.5,-7.0,8.0,2024,2026
2026-03-24,FL,HD-87,R,D,True,US House,2.0,-11.0,13.0,2024,2026
2026-03-31,MA,HD-Essex-05,D,D,False,state legislature,35.0,34.0,1.0,2024,2026
2026-04-07,GA,HD-130,D,D,False,US House,41.0,36.0,5.0,2024,2026
2026-04-07,GA,SD-53,R,R,False,US House,-37.0,-58.0,21.0,2024,2026
2026-04-07,GA,GA-14,R,R,False,US House,-12.0,-37.0,25.0,2024,2026
2026-04-16,NJ,NJ-11,D,D,False,US House,21.0,9.0,12.0,2024,2026
2026-05-02,TX,SD-04,R,R,False,US House,-50.0,-34.0,-16.0,2024,2026
2026-05-05,MI,SD-35,D,D,False,US House,19.0,1.0,19.0,2024,2026
2026-05-19,PA,HD-196,R,R,False,US House,-11.0,-34.0,23.0,2024,2026
2026-06-09,ME,HD-29,R,R,False,US House,-26.0,-27.0,2.0,2024,2026
2026-06-16,GA,SD-07,D,D,False,US House,2.0,14.0,-12.0,2024,2026
2026-08-18,PA,HD-12,R,D,True,US House,1.0,-18.0,19.0,2024,2026
