office,year,state_po,special,incumbent,side,prev_year,edge,prev_edge
SEN,1996,OK,False,INHOFE J,-1,1994,-0.4981085226512327,-9.49708017146506
SEN,1996,TN,False,THOMPSON F,-1,1994,18.715617472967462,12.953181871343856
SEN,1998,KS,False,BROWNBACK S,-1,1996,4.197086876109886,-18.119240314265237
SEN,2000,CA,False,FEINSTEIN D,1,1994,9.30382275929153,-0.6666517810613839
SEN,2000,CT,False,LIEBERMAN J,1,1994,12.187839357211873,42.78189518549384
SEN,2000,DE,False,ROTH W,-1,1994,0.6833971913345316,9.673218990782
SEN,2000,HI,False,AKAKA D,1,1994,30.792355018348392,50.442764839971375
SEN,2000,IN,False,LUGAR R,-1,1994,18.385738281911262,15.702997004686864
SEN,2000,MA,False,KENNEDY E,1,1994,41.22926191064658,7.324885129993763
SEN,2000,MD,False,SARBANES P,1,1994,10.479285796611403,15.891306048456364
SEN,2000,ME,False,SNOWE O,-1,1994,42.50146293760424,22.547444195791964
SEN,2000,MI,False,ABRAHAM S,-1,1994,2.734400303880012,4.590169044243563
SEN,2000,MN,False,GRAMS R,-1,1994,-4.319128751746204,6.471358576839215
SEN,2000,MO,False,ASHCROFT J,-1,1994,-6.397804038759393,23.903247860044416
SEN,2000,MS,False,LOTT T,-1,1994,17.08662987493056,13.44608983286852
SEN,2000,MT,False,BURNS C,-1,1994,-24.797840785425304,13.904091535310592
SEN,2000,ND,False,CONRAD K,1,1994,53.07669858488822,46.00260501842978
SEN,2000,NM,False,BINGAMAN J,1,1994,24.270651724165685,11.986265596124024
SEN,2000,OH,False,DEWINE M,-1,1994,20.570170081207515,3.3827938559930786
SEN,2000,PA,False,SANTORUM R,-1,1994,10.473476029764898,-0.613179619965706
SEN,2000,TN,False,FRIST B,-1,1994,28.99758546924118,5.391028840365619
SEN,2000,TX,False,HUTCHISON K,-1,1994,10.859682771037942,3.957961500207855
SEN,2000,UT,False,HATCH O,-1,1994,-9.240347951187792,-0.0759486746562245
SEN,2000,VA,False,ROBB C,1,1994,4.593171631909243,22.48214185985882
SEN,2000,VT,False,JEFFORDS J,-1,1994,54.11345300803475,16.948764405633668
SEN,2000,WA,False,GORTON S,-1,1994,4.9197200542407,12.393173406657448
SEN,2000,WI,False,KOHL H,1,1994,25.506843077795587,26.487578529271257
SEN,2000,WV,False,BYRD R,1,1994,66.18807846376566,36.772916525607855
SEN,2000,WY,False,THOMAS C,-1,1994,11.15473217135812,-1.942580445773057
SEN,2002,AL,False,SESSIONS J,-1,1996,-1.6340309811661091,-9.187560507405443
SEN,2002,CO,False,ALLARD W,-1,1996,-9.338266958270944,-4.542187757912767
SEN,2002,DE,False,BIDEN J,1,1996,9.581099327221985,13.92616979465996
SEN,2002,GA,False,CLELAND M,1,1996,10.507532710341156,11.500412824571375
SEN,2002,IA,False,HARKIN T,1,1996,15.76344795792493,2.561405581808689
SEN,2002,ID,False,CRAIG L,-1,1996,-13.79283339984046,-12.796031448780312
SEN,2002,IL,False,DURBIN R,1,1996,15.800986226929528,5.577802218998219
SEN,2002,KY,False,MCCONNELL M,-1,1996,8.421737018059947,5.026202626885116
SEN,2002,LA,False,LANDRIEU M,1,1996,13.60387144270894,-3.923888402789957
SEN,2002,ME,False,COLLINS S,-1,1996,16.893536025759378,22.16886230538563
SEN,2002,MI,False,LEVIN C,1,1996,23.274713177943998,13.030517802328957
SEN,2002,MT,False,BAUCUS M,1,1996,65.60750015876233,17.394040530211093
SEN,2002,NE,False,HAGEL C,-1,1996,34.11166622631044,-15.155329960429176
SEN,2002,NM,False,DOMENICI P,-1,1996,24.675948687997018,36.16216336631532
SEN,2002,OK,False,INHOFE J,-1,1996,-5.210075520009028,-0.4981085226512327
SEN,2002,OR,False,SMITH G,-1,1996,12.325931975615998,4.597861414509167
SEN,2002,RI,False,REED J,1,1996,31.02818696096352,-0.2976517880860463
SEN,2002,SD,False,JOHNSON T,1,1996,28.861943889940044,15.368374317209984
SEN,2002,WV,False,ROCKEFELLER J,1,1996,38.18029941489963,45.44393418341405
SEN,2002,WY,False,ENZI M,-1,1996,-1.5301529078252898,-11.52477648838414
SEN,2004,AL,False,SHELBY R,-1,1998,9.15117670680434,8.670003436747717
SEN,2004,AR,False,LINCOLN B,1,1998,21.98311239906721,4.9273462820683775
SEN,2004,AZ,False,MCCAIN J,-1,1998,46.81107666179747,35.37502946231584
SEN,2004,CA,False,BOXER B,1,1998,11.043594528278796,6.4545893168114254
SEN,2004,CT,False,DODD C,1,1998,24.48115866480028,23.31692301009266
SEN,2004,HI,False,INOUYE D,1,1998,47.97168637520144,45.12981200643634
SEN,2004,IA,False,GRASSLEY C,-1,1998,42.19040883365599,39.37443489067738
SEN,2004,IN,False,BAYH E,1,1998,45.82823671802917,46.08951582860182
SEN,2004,KS,False,BROWNBACK S,-1,1998,17.10637791058698,4.197086876109886
SEN,2004,KY,False,BUNNING J,-1,1998,-18.98107039918492,-8.775116107039118
SEN,2004,MD,False,MIKULSKI B,1,1998,18.691586421842125,34.161559292840124
SEN,2004,MO,False,BOND C,-1,1998,5.925827650665374,5.896511909056262
SEN,2004,ND,False,DORGAN B,1,1998,64.65803686455237,46.73040910820191
SEN,2004,NH,False,GREGG J,-1,1998,33.5964243386732,41.99996998440841
SEN,2004,NV,False,REID H,1,1998,29.87808357358595,9.353600737117008
SEN,2004,NY,False,SCHUMER C,1,1998,29.79593235043075,-14.359596306085598
SEN,2004,OH,False,VOINOVICH G,-1,1998,25.308823986807266,9.689838125640769
SEN,2004,OR,False,WYDEN R,1,1998,29.32550572601638,29.78374803130139
SEN,2004,PA,False,SPECTER A,-1,1998,13.473651432986708,27.515434591344235
SEN,2004,SD,False,DASCHLE T,1,1998,20.953670361545548,40.41032635631062
SEN,2004,UT,False,BENNETT R,-1,1998,-5.453939993618974,-2.482710868994154
SEN,2004,VT,False,LEAHY P,1,1998,28.100360373675297,36.6346634551808
SEN,2004,WA,False,MURRAY P,1,1998,5.516807568273313,12.869155621021342
SEN,2004,WI,False,FEINGOLD R,1,1998,11.19537711735552,0.7608316490938032
SEN,2006,CA,False,FEINSTEIN D,1,2000,5.137356261296283,9.30382275929153
SEN,2006,DE,False,CARPER T,1,2000,23.66663570731616,-0.6833971913345316
SEN,2006,FL,False,NELSON B,1,2000,16.983073402167918,5.875451615248277
SEN,2006,HI,False,AKAKA D,1,2000,5.597155148913238,30.792355018348392
SEN,2006,MA,False,KENNEDY E,1,2000,2.694155198556359,41.22926191064658
SEN,2006,ME,False,SNOWE O,-1,2000,76.1788033583034,42.50146293760424
SEN,2006,MI,False,STABENOW D,1,2000,1.861349938208532,-2.734400303880012
SEN,2006,MO,False,TALENT J,-1,2002,1.0492079384571311,-7.747735080743181
SEN,2006,MS,False,LOTT T,-1,2000,20.78663724828629,17.08662987493056
SEN,2006,MT,False,BURNS C,-1,2000,-11.267881089139117,-24.797840785425304
SEN,2006,ND,False,CONRAD K,1,2000,57.14239742366435,53.07669858488822
SEN,2006,NM,False,BINGAMAN J,1,2000,31.47029207437384,24.270651724165685
SEN,2006,NV,False,ENSIGN J,-1,2000,22.90906646949362,11.654780213720487
SEN,2006,NY,False,CLINTON H,1,2000,6.436497467994823,-13.79467682848326
SEN,2006,OH,False,DEWINE M,-1,2000,-3.83747718481184,20.570170081207515
SEN,2006,PA,False,SANTORUM R,-1,2000,-4.21947703593383,10.473476029764898
SEN,2006,RI,False,CHAFEE L,-1,2000,24.749225904023465,46.47022504596045
SEN,2006,TX,False,HUTCHISON K,-1,2000,13.852243335491252,10.859682771037942
SEN,2006,UT,False,HATCH O,-1,2000,-2.5631818598323264,-9.240347951187792
SEN,2006,VA,False,ALLEN G,-1,2000,1.965727475386273,-4.593171631909243
SEN,2006,WA,False,CANTWELL M,1,2000,-0.4434363694702128,-4.9197200542407
SEN,2006,WI,False,KOHL H,1,2000,28.07213309640971,25.506843077795587
SEN,2006,WV,False,BYRD R,1,2000,56.42598890222774,66.18807846376566
SEN,2006,WY,False,THOMAS C,-1,2000,10.195340389778288,11.15473217135812
SEN,2008,AL,False,SESSIONS J,-1,2002,8.61868328536022,-1.6340309811661091
SEN,2008,DE,False,BIDEN J,1,2002,0.5695697446442658,9.581099327221985
SEN,2008,GA,False,CHAMBLISS S,-1,2002,13.149672055766104,-10.507532710341156
SEN,2008,IA,False,HARKIN T,1,2002,12.190886635387344,15.76344795792493
SEN,2008,IL,False,DURBIN R,1,2002,11.795441011873258,15.800986226929528
SEN,2008,KY,False,MCCONNELL M,-1,2002,-7.00843791707822,8.421737018059947
SEN,2008,LA,False,LANDRIEU M,1,2002,21.914932638009823,13.60387144270894
SEN,2008,ME,False,COLLINS S,-1,2002,43.95325258015496,16.893536025759378
SEN,2008,MI,False,LEVIN C,1,2002,9.590869198502263,23.274713177943998
SEN,2008,MN,False,COLEMAN N,-1,2002,13.973061842858629,-1.1664777736962937
SEN,2008,MT,False,BAUCUS M,1,2002,44.64358353075221,65.60750015876233
SEN,2008,NC,False,DOLE E,-1,2002,-4.886765601166303,-9.6634367173672
SEN,2008,NH,False,SUNUNU J,-1,2002,6.719623512327998,-2.265522379619948
SEN,2008,NJ,False,LAUTENBERG F,1,2002,-4.89072592294294,-0.799819378697407
SEN,2008,OK,False,INHOFE J,-1,2002,-9.512113365733027,-5.210075520009028
SEN,2008,OR,False,SMITH G,-1,2002,16.80678036450624,12.325931975615998
SEN,2008,RI,False,REED J,1,2002,14.885515358635352,31.02818696096352
SEN,2008,SC,False,GRAHAM L,-1,2002,9.751081668788167,-11.437693640480706
SEN,2008,SD,False,JOHNSON T,1,2002,30.04762104001646,28.861943889940044
SEN,2008,TN,False,ALEXANDER L,-1,2002,22.876093739327143,0.6806524418124997
SEN,2008,TX,False,CORNYN J,-1,2002,3.92558245561915,-15.245711097240074
SEN,2008,WV,False,ROCKEFELLER J,1,2002,37.295960558669634,38.18029941489963
SEN,2008,WY,False,ENZI M,-1,2002,21.83558213410774,-1.5301529078252898
SEN,2010,AL,False,SHELBY R,-1,2004,-5.590991978863137,9.15117670680434
SEN,2010,AR,False,LINCOLN B,1,2004,12.556622115986452,21.98311239906721
SEN,2010,AZ,False,MCCAIN J,-1,2004,2.951472208158492,46.81107666179747
SEN,2010,CA,False,BOXER B,1,2004,0.3618099043936986,11.043594528278796
SEN,2010,GA,False,ISAKSON J,-1,2004,0.2772491767692138,1.303040811699706
SEN,2010,HI,False,INOUYE D,1,2004,23.55912286461833,47.97168637520144
SEN,2010,IA,False,GRASSLEY C,-1,2004,27.18270606067509,42.19040883365599
SEN,2010,LA,False,VITTER D,-1,2004,-13.1863540204356,-11.341680055961325
SEN,2010,MD,False,MIKULSKI B,1,2004,15.446604789578233,18.691586421842125
SEN,2010,NC,False,BURR R,-1,2004,-1.954504988261524,-8.121945915444387
SEN,2010,NV,False,REID H,1,2004,7.590760346721861,29.87808357358595
SEN,2010,NY,False,SCHUMER C,1,2004,17.396340802959678,29.79593235043075
SEN,2010,OK,False,COBURN T,-1,2004,0.3894605348969335,-19.165825180145028
SEN,2010,OR,False,WYDEN R,1,2004,16.114329864616057,29.32550572601638
SEN,2010,SC,False,DEMINT J,-1,2004,14.562002045506592,-7.7683379230883745
SEN,2010,VT,False,LEAHY P,1,2004,11.595407710779114,28.100360373675297
SEN,2010,WA,False,MURRAY P,1,2004,1.5349867487091997,5.516807568273313
SEN,2010,WI,False,FEINGOLD R,1,2004,-4.700456073951036,11.19537711735552
SEN,2012,CA,False,FEINSTEIN D,1,2006,4.173079228237114,5.137356261296283
SEN,2012,DE,False,CARPER T,1,2006,23.25964116275928,23.66663570731616
SEN,2012,FL,False,NELSON B,1,2006,15.330925672556644,16.983073402167918
SEN,2012,MD,False,CARDIN B,1,2006,12.249850676270036,-13.590072896111264
SEN,2012,MI,False,STABENOW D,1,2006,14.774607181441636,1.861349938208532
SEN,2012,MN,False,KLOBUCHAR A,1,2006,31.22628374088961,6.806532058004652
SEN,2012,MO,False,MCCASKILL C,1,2006,29.14303360903249,-1.0492079384571311
SEN,2012,MT,False,TESTER J,1,2006,20.917688052052547,11.267881089139117
SEN,2012,NJ,False,MENENDEZ R,1,2006,4.806525347385492,-8.13638256979212
SEN,2012,NY,False,GILLIBRAND K,1,2010,17.29985542350277,11.1727138454919
SEN,2012,OH,False,BROWN S,1,2006,6.131990490181829,3.83747718481184
SEN,2012,RI,False,WHITEHOUSE S,1,2006,4.749212311422934,-24.749225904023465
SEN,2012,TN,False,CORKER B,-1,2006,12.614134561408278,-0.980403322975398
SEN,2012,UT,False,HATCH O,-1,2006,-15.046737144252615,-2.5631818598323264
SEN,2012,WA,False,CANTWELL M,1,2006,8.515518432723491,-0.4434363694702128
SEN,2012,WV,False,MANCHIN J,1,2010,55.05324093486685,38.0479968411116
SEN,2012,WY,False,BARRASSO J,-1,2008,10.305118007112,17.2853651750451
SEN,2014,AK,False,BEGICH M,1,2008,22.432957359899515,19.921901296948857
SEN,2014,CO,False,UDALL M,1,2008,2.518490285482976,-1.8153898636834107
SEN,2014,DE,False,COONS C,1,2010,5.05044517502675,6.187269536392872
SEN,2014,ID,False,RISCH J,-1,2008,-12.25892253823634,3.142119174466142
SEN,2014,IL,False,DURBIN R,1,2008,4.195134792730923,11.795441011873258
SEN,2014,KY,False,MCCONNELL M,-1,2008,-17.19784307344635,-7.00843791707822
SEN,2014,LA,False,LANDRIEU M,1,2008,17.650506198149834,21.914932638009823
SEN,2014,ME,False,COLLINS S,-1,2008,42.62381010395576,43.95325258015496
SEN,2014,MN,False,FRANKEN A,1,2008,12.854210315093791,-13.973061842858629
SEN,2014,MS,False,COCHRAN T,-1,2008,0.8249471549026168,13.113408656366875
SEN,2014,NC,False,HAGAN K,1,2008,10.512614649724195,4.886765601166303
SEN,2014,NH,False,SHAHEEN J,1,2008,7.660454316486565,-6.719623512327998
SEN,2014,NM,False,UDALL T,1,2008,10.600083843648672,3.799004361289434
SEN,2014,OK,False,INHOFE J,-1,2008,-2.7506309968841407,-9.512113365733027
SEN,2014,OR,False,MERKLEY J,1,2008,17.900958052107207,-16.80678036450624
SEN,2014,RI,False,REED J,1,2008,23.44518878090766,14.885515358635352
SEN,2014,SC,False,GRAHAM L,-1,2008,-4.049090441496968,9.751081668788167
SEN,2014,TN,False,ALEXANDER L,-1,2008,1.2327330056764474,22.876093739327143
SEN,2014,TX,False,CORNYN J,-1,2008,2.2622466213570114,3.92558245561915
SEN,2014,VA,False,WARNER M,1,2008,6.970526508562944,21.804352241053937
SEN,2014,WY,False,ENZI M,-1,2008,8.678137257800842,21.83558213410774
SEN,2016,AL,False,SHELBY R,-1,2010,-4.0240325914417525,-5.590991978863137
SEN,2016,AR,False,BOOZMAN J,-1,2010,-7.387833940310749,-12.556622115986452
SEN,2016,AZ,False,MCCAIN J,-1,2010,6.545188796167173,2.951472208158492
SEN,2016,CO,False,BENNET M,1,2010,4.058465916571466,6.93174335298531
SEN,2016,CT,False,BLUMENTHAL R,1,2010,18.344863572241067,3.8114027720841808
SEN,2016,FL,False,RUBIO M,-1,2010,3.307259222721095,30.063505163432044
SEN,2016,GA,False,ISAKSON J,-1,2010,5.612262560265469,0.2772491767692138
SEN,2016,HI,False,SCHATZ B,1,2014,22.12083982629977,9.82258820646809
SEN,2016,IA,False,GRASSLEY C,-1,2010,11.977208080697514,27.18270606067509
SEN,2016,ID,False,CRAPO M,-1,2010,0.8832245881460352,7.764391851322394
SEN,2016,IL,False,KIRK M,-1,2010,-1.3112263122518009,12.852021667302203
SEN,2016,KS,False,MORAN J,-1,2010,6.069395751422572,15.780148992727504
SEN,2016,KY,False,PAUL R,-1,2010,-20.208379944978446,-19.29528631469283
SEN,2016,MO,False,BLUNT R,-1,2010,-20.131810754416225,-0.1040418502444175
SEN,2016,NC,False,BURR R,-1,2010,-1.3165978387292991,-1.954504988261524
SEN,2016,ND,False,HOEVEN J,-1,2010,21.409895458990302,31.736836736133963
SEN,2016,NH,False,AYOTTE K,-1,2010,-3.165756533567728,19.402709636628853
SEN,2016,NY,False,SCHUMER C,1,2010,21.019459124976034,17.396340802959678
SEN,2016,OH,False,PORTMAN R,-1,2010,9.975185499505963,8.480240920413106
SEN,2016,OK,False,LANKFORD J,-1,2014,4.726214013788677,-3.4780022493569334
SEN,2016,OR,False,WYDEN R,1,2010,16.956190465337393,16.114329864616057
SEN,2016,PA,False,TOOMEY P,-1,2010,-2.676937589194141,-1.8329916428835384
SEN,2016,SC,False,SCOTT T,-1,2014,5.909207290039085,3.770881552270602
SEN,2016,UT,False,LEE M,-1,2010,14.975070893409608,-12.813242011953603
SEN,2016,VT,False,LEAHY P,1,2010,2.9899736645109094,11.595407710779114
SEN,2016,WA,False,MURRAY P,1,2010,3.868384830634996,1.5349867487091997
SEN,2016,WI,False,JOHNSON R,-1,2010,-0.7656755667887181,4.700456073951036
SEN,2018,CT,False,MURPHY C,1,2012,-0.2737721871118133,-2.668940645803687
SEN,2018,DE,False,CARPER T,1,2012,4.242510952722853,23.25964116275928
SEN,2018,FL,False,NELSON B,1,2012,-5.284101558887763,15.330925672556644
SEN,2018,HI,False,HIRONO M,1,2012,1.0202666446697677,-15.33447855546548
SEN,2018,IN,False,DONNELLY J,1,2012,7.67246168446028,19.38152772978917
SEN,2018,MA,False,WARREN E,1,2012,-10.662932350285192,-13.146750911777485
SEN,2018,MD,False,CARDIN B,1,2012,1.8844180550335,12.249850676270036
SEN,2018,MI,False,STABENOW D,1,2012,0.4732205969179102,14.774607181441636
SEN,2018,MN,False,KLOBUCHAR A,1,2012,16.900825046177665,31.22628374088961
SEN,2018,MO,False,MCCASKILL C,1,2012,7.241234593029588,29.14303360903249
SEN,2018,MS,False,WICKER R,-1,2012,7.632415780210065,2.520561582311218
SEN,2018,MT,False,TESTER J,1,2012,19.47699032946532,20.917688052052547
SEN,2018,ND,False,HEITKAMP H,1,2012,22.31382090218265,24.010801007041163
SEN,2018,NE,False,FISCHER D,-1,2012,-0.9010659381927192,-9.580047602691554
SEN,2018,NJ,False,MENENDEZ R,1,2012,-9.423223844295444,4.806525347385492
SEN,2018,NM,False,HEINRICH M,1,2012,12.136039323586534,-1.7686878124006862
SEN,2018,NV,False,HELLER D,-1,2012,3.739124739858404,5.225856759217579
SEN,2018,NY,False,GILLIBRAND K,1,2012,0.7770666424431525,17.29985542350277
SEN,2018,OH,False,BROWN S,1,2012,8.983457544924498,6.131990490181829
SEN,2018,PA,False,CASEY R,1,2012,7.437381559078652,6.668218688272076
SEN,2018,RI,False,WHITEHOUSE S,1,2012,0.1388117789778,4.749212311422934
SEN,2018,TX,False,CRUZ T,-1,2012,-0.4397155103615326,-2.57682995918395
SEN,2018,VA,False,KAINE T,1,2012,4.267893878299109,4.850767251114169
SEN,2018,WA,False,CANTWELL M,1,2012,-7.105596698631214,8.515518432723491
SEN,2018,WI,False,BALDWIN T,1,2012,5.253848932260682,1.6475732976319488
SEN,2018,WV,False,MANCHIN J,1,2012,41.31226826788437,55.05324093486685
SEN,2018,WY,False,BARRASSO J,-1,2012,-7.0331945985431545,10.305118007112
SEN,2020,AK,False,SULLIVAN D,-1,2014,1.4719906238951417,-22.432957359899515
SEN,2020,CO,False,GARDNER C,-1,2014,2.9701204541250323,-2.518490285482976
SEN,2020,DE,False,COONS C,1,2014,4.239865462704085,5.05044517502675
SEN,2020,GA,False,PERDUE D,-1,2014,0.6965950113488615,-10.154296812036195
SEN,2020,IA,False,ERNST J,-1,2014,-2.9306284612120885,4.544795474215592
SEN,2020,ID,False,RISCH J,-1,2014,-2.4760069518199472,-12.25892253823634
SEN,2020,IL,False,DURBIN R,1,2014,1.1750032666765584,4.195134792730923
SEN,2020,KY,False,MCCONNELL M,-1,2014,-7.415013383970418,-17.19784307344635
SEN,2020,LA,False,CASSIDY B,-1,2014,6.545951278236249,-17.650506198149834
SEN,2020,MA,False,MARKEY E,1,2014,0.5085556465280519,10.42174929591117
SEN,2020,ME,False,COLLINS S,-1,2014,17.18453938781839,42.62381010395576
SEN,2020,MI,False,PETERS G,1,2014,0.253515010693613,14.318830558184118
SEN,2020,MN,False,SMITH T,1,2018,-0.2362212293903436,3.077978235949697
SEN,2020,MS,False,SMITH C,-1,2018,-7.978080670910353,-4.513927500468894
SEN,2020,MT,False,DAINES S,-1,2014,-8.133387329284325,-6.035155951623729
SEN,2020,NC,False,TILLIS T,-1,2014,-0.9051097718220372,-10.512614649724195
SEN,2020,NE,False,SASSE B,-1,2014,23.020302016296803,1.95217924787719
SEN,2020,NH,False,SHAHEEN J,1,2014,9.8959811226228,7.660454316486565
SEN,2020,NJ,False,BOOKER C,1,2014,1.8359211034842104,5.931697357743844
SEN,2020,OK,False,INHOFE J,-1,2014,-3.718405524916847,-2.7506309968841407
SEN,2020,OR,False,MERKLEY J,1,2014,3.023806470271399,17.900958052107207
SEN,2020,RI,False,REED J,1,2014,13.344478460004396,23.44518878090766
SEN,2020,SC,False,GRAHAM L,-1,2014,-2.800733662357596,-4.049090441496968
SEN,2020,SD,False,ROUNDS M,-1,2014,3.237586778515133,-2.3961688112806705
SEN,2020,TX,False,CORNYN J,-1,2014,2.874250943816084,2.2622466213570114
SEN,2020,VA,False,WARNER M,1,2014,3.1498030586139123,6.970526508562944
SEN,2020,WV,False,CAPITO S,-1,2014,3.5317300493123085,-8.789399031343034
SEN,2022,AR,False,BOOZMAN J,-1,2016,0.0430031031325341,-7.387833940310749
SEN,2022,AZ,False,KELLY M,1,2020,11.992660897728516,3.396533231705041
SEN,2022,CO,False,BENNET M,1,2016,8.485617883595477,4.058465916571466
SEN,2022,FL,False,RUBIO M,-1,2016,5.88307518845542,3.307259222721095
SEN,2022,GA,False,WARNOCK R,1,2020,8.053765173950335,0.1296081105319562
SEN,2022,IA,False,GRASSLEY C,-1,2016,-3.484696102800461,11.977208080697514
SEN,2022,ID,False,CRAPO M,-1,2016,-3.3482645099837924,0.8832245881460352
SEN,2022,IN,False,YOUNG T,-1,2016,-2.209555458364079,-13.389507330536569
SEN,2022,KS,False,MORAN J,-1,2016,1.3614191358764067,6.069395751422572
SEN,2022,KY,False,PAUL R,-1,2016,-10.095409793911385,-20.208379944978446
SEN,2022,LA,False,KENNEDY J,-1,2016,2.902265782769508,3.710029831238504
SEN,2022,ND,False,HOEVEN J,-1,2016,-3.135520199526603,21.409895458990302
SEN,2022,NH,False,HASSAN M,1,2016,9.16826348628732,3.165756533567728
SEN,2022,NY,False,SCHUMER C,1,2016,-2.0435899776206234,21.019459124976034
SEN,2022,OK,False,LANKFORD J,-1,2016,-7.788438614200153,4.726214013788677
SEN,2022,SC,False,SCOTT T,-1,2016,6.728258803974139,5.909207290039085
SEN,2022,SD,False,THUNE J,-1,2016,11.209537012242905,8.295780660776607
SEN,2022,WA,False,MURRAY P,1,2016,2.014590091317336,3.868384830634996
SEN,2022,WI,False,JOHNSON R,-1,2016,-5.667763414682387,-0.7656755667887181
SEN,2024,CT,False,MURPHY C,1,2018,5.418477298363211,-0.2737721871118133
SEN,2024,FL,False,SCOTT R,-1,2018,-1.2005407794196277,5.284101558887763
SEN,2024,HI,False,HIRONO M,1,2018,11.299550141390707,1.0202666446697677
SEN,2024,MA,False,WARREN E,1,2018,-5.092920014718207,-10.662932350285192
SEN,2024,MN,False,KLOBUCHAR A,1,2018,12.86229217552492,16.900825046177665
SEN,2024,MO,False,HAWLEY J,-1,2018,-5.548518339899308,-7.241234593029588
SEN,2024,MS,False,WICKER R,-1,2018,1.509201104275995,7.632415780210065
SEN,2024,MT,False,TESTER J,1,2018,14.2700712437295,19.47699032946532
SEN,2024,ND,False,CRAMER K,-1,2018,-5.329939986081193,-22.31382090218265
SEN,2024,NM,False,HEINRICH M,1,2018,4.941690527211159,12.136039323586534
SEN,2024,NV,False,ROSEN J,1,2018,5.874915840718512,-3.739124739858404
SEN,2024,NY,False,GILLIBRAND K,1,2018,6.688720693501637,0.7770666424431525
SEN,2024,OH,False,BROWN S,1,2018,8.535714439187865,8.983457544924498
SEN,2024,PA,False,CASEY R,1,2018,2.473716882827346,7.437381559078652
SEN,2024,RI,False,WHITEHOUSE S,1,2018,6.906625168340135,0.1388117789778
SEN,2024,TN,False,BLACKBURN M,-1,2018,-0.8393760928854306,-9.912227788219068
SEN,2024,TX,False,CRUZ T,-1,2018,-6.142968936227335,-0.4397155103615326
SEN,2024,VA,False,KAINE T,1,2018,4.030888548003797,4.267893878299109
SEN,2024,WA,False,CANTWELL M,1,2018,0.5422760964504398,-7.105596698631214
SEN,2024,WI,False,BALDWIN T,1,2018,2.7112828965453093,5.253848932260682
SEN,2024,WY,False,BARRASSO J,-1,2018,3.451843801743124,-7.0331945985431545
GOV,2008,NH,False,LYNCH J,1,2006,30.29402185040881,36.28454038630975
GOV,2008,VT,False,DOUGLAS J,-1,2006,83.53592774843494,46.83922932494367
GOV,2010,AR,False,BEEBE M,1,2006,66.08140130530644,14.712502771169213
GOV,2010,ID,False,OTTER B,-1,2006,-11.880307395776349,-19.12970328627908
GOV,2010,IA,False,CULVER C,1,2006,-5.388166923634207,-0.2020194733869296
GOV,2010,MD,False,MALLEY M,1,2006,3.1430916205498303,-17.19060647589923
GOV,2010,MA,False,PATRICK D,1,2006,-5.005121753706318,-13.784953362449809
GOV,2010,NE,False,HEINEMAN D,-1,2006,18.272462500368235,26.88572851761633
GOV,2010,NH,False,LYNCH J,1,2008,12.359191660983118,30.29402185040881
GOV,2010,OH,False,STRICKLAND T,1,2006,7.558373797458901,15.971609157608968
GOV,2012,DE,False,MARKELL J,1,2008,25.549256479850012,6.738713256960551
GOV,2012,MO,False,NIXON J,1,2008,25.068781636314466,15.913393868828324
GOV,2012,UT,False,HERBERT G,-1,2010,-9.62251040083612,-9.820444734113948
GOV,2012,VT,False,SHUMLIN P,1,2010,-12.450380849367974,-21.73820242378767
GOV,2012,WI,False,WALKER S,-1,2010,10.897773632869669,5.672413184465898
GOV,2014,AL,False,BENTLEY R,-1,2010,-5.050420027228181,-20.291194162445837
GOV,2014,CA,False,BROWN J,1,2010,6.327250453398808,3.374453569278554
GOV,2014,CT,False,MALLOY D,1,2010,-4.944476309312533,-7.819673631009907
GOV,2014,FL,False,SCOTT R,-1,2010,-8.137948333192359,-10.227832568657172
GOV,2014,GA,False,DEAL N,-1,2010,-9.994367697416967,-9.149393010257382
GOV,2014,ID,False,OTTER B,-1,2010,-26.73757914901025,-11.880307395776349
GOV,2014,IL,False,QUINN P,1,2010,-11.115266041470306,-10.188265647410477
GOV,2014,IA,False,BRANSTAD T,-1,2010,18.379579778181316,5.388166923634207
GOV,2014,KS,False,BROWNBACK S,-1,2010,-28.44134066048773,3.0315047330586467
GOV,2014,MI,False,SNYDER R,-1,2010,3.618170912465952,21.004643068437133
GOV,2014,MN,False,DAYTON M,1,2010,8.110081590210891,4.311468157602563
GOV,2014,NV,False,SANDOVAL B,-1,2010,46.16020096469043,10.885140226670671
GOV,2014,NH,False,HASSAN M,1,2012,9.415388863556004,9.66400867462228
GOV,2014,NM,False,MARTINEZ S,-1,2010,14.917536513825349,7.727118089001398
GOV,2014,NY,False,CUOMO A,1,2010,-7.213362626524676,13.423495841901726
GOV,2014,OH,False,KASICH J,-1,2010,24.632259392047303,-7.558373797458901
GOV,2014,OK,False,FALLIN M,-1,2010,-28.32825606767807,-24.599550900687483
GOV,2014,OR,False,KITZHABER J,1,2010,3.700751188454725,-0.9732545230467706
GOV,2014,PA,False,CORBETT T,-1,2010,-14.40900477620839,5.15001897566842
GOV,2014,SC,False,HALEY N,-1,2010,-5.787018365895658,-18.82042404287439
GOV,2014,SD,False,DAUGAARD D,-1,2010,18.51828327104187,0.0991968764687669
GOV,2014,TN,False,HASLAM B,-1,2010,20.245392330685167,2.9455066798478846
GOV,2014,VT,False,SHUMLIN P,1,2012,-25.0008798454668,-12.450380849367974
GOV,2014,WI,False,WALKER S,-1,2012,2.6173845568346765,10.897773632869669
GOV,2014,WY,False,MEAD M,-1,2010,-15.369919349747718,0.8735623771713534
GOV,2016,MT,False,BULLOCK S,1,2012,29.66864701046705,18.60179800150574
GOV,2016,NC,False,MCCRORY P,-1,2012,-7.428216924132188,6.718239301240246
GOV,2016,UT,False,HERBERT G,-1,2012,11.650262085291772,-9.62251040083612
GOV,2016,WA,False,INSLEE J,1,2012,-5.431457525333073,-9.386463930702527
GOV,2018,AZ,False,DUCEY D,-1,2014,17.140440658950382,-6.87858059581948
GOV,2018,AR,False,HUTCHINSON A,-1,2014,12.329493701878569,-20.036998239933236
GOV,2018,HI,False,IGE D,1,2014,-11.198941497564483,-19.0161175246972
GOV,2018,IL,False,RAUNER B,-1,2014,7.611918558937017,11.115266041470306
GOV,2018,MD,False,HOGAN L,-1,2014,46.3645650035478,20.33456658629193
GOV,2018,MA,False,BAKER C,-1,2014,69.30261393484145,15.500596199687504
GOV,2018,NE,False,RICKETTS P,-1,2014,-2.6960940779943456,-13.659454146318296
GOV,2018,NH,False,SUNUNU C,-1,2016,14.00143286053336,-0.7160897898580076
GOV,2018,NY,False,CUOMO A,1,2014,-8.796379882775842,-7.213362626524676
GOV,2018,OR,False,BROWN K,1,2016,-11.873325200862665,-1.4644536740613183
GOV,2018,PA,False,WOLF T,1,2014,11.712223557990088,14.40900477620839
GOV,2018,RI,False,RAIMONDO G,1,2014,-5.871441843702698,-12.108863651114197
GOV,2018,TX,False,ABBOTT G,-1,2014,10.502813165356796,-5.314736456640659
GOV,2018,VT,False,SCOTT P,-1,2016,52.49537723625311,35.916461529872315
GOV,2018,WI,False,WALKER S,-1,2014,4.459680566683385,2.6173845568346765
GOV,2020,DE,False,CARNEY J,1,2016,3.4146513442929347,11.008727041570785
GOV,2020,IN,False,HOLCOMB E,-1,2016,9.786058726418393,-17.452498280767763
GOV,2020,NH,False,SUNUNU C,-1,2018,38.31608791524115,14.00143286053336
GOV,2020,NC,False,COOPER R,1,2016,7.300241629855377,7.428216924132188
GOV,2020,ND,False,BURGUM D,-1,2016,8.500080123541636,16.506476606039897
GOV,2020,VT,False,SCOTT P,-1,2018,78.24128750892963,52.49537723625311
GOV,2020,WA,False,INSLEE J,1,2016,-4.947035859284394,-5.431457525333073
GOV,2022,AL,False,IVEY K,-1,2018,6.092208634090937,-3.229913920441575
GOV,2022,AK,False,DUNLEAVY M,-1,2018,17.19484911756341,-3.065165920956975
GOV,2022,CA,False,NEWSOM G,1,2018,-4.1028122396173,-14.855695233820558
GOV,2022,CO,False,POLIS J,1,2018,13.192721548294594,-0.7472098750146436
GOV,2022,CT,False,LAMONT N,1,2018,-0.0579333049323143,-17.33506884816004
GOV,2022,FL,False,DESANTIS R,-1,2018,8.812582809693216,5.56644150240497
GOV,2022,GA,False,KEMP B,-1,2018,0.4765189347339023,2.491050363895787
GOV,2022,ID,False,LITTLE B,-1,2018,10.683178915651183,-8.18028288671977
GOV,2022,IL,False,PRITZKER J,1,2018,2.843788380954962,-7.611918558937017
GOV,2022,IA,False,REYNOLDS K,-1,2018,3.2928223233670337,-0.8648558568083251
GOV,2022,KS,False,KELLY L,1,2018,24.57459426570781,21.318192031358038
GOV,2022,ME,False,MILLS J,1,2018,11.531795609249134,-1.410052134634853
GOV,2022,MI,False,WHITMER G,1,2018,15.260249516476144,3.7329895020571433
GOV,2022,MN,False,WALZ T,1,2018,7.982319613893054,3.787670287590084
GOV,2022,NV,False,SISOLAK S,1,2018,3.307901712140107,-4.657211531097823
GOV,2022,NH,False,SUNUNU C,-1,2020,15.885838963498598,38.31608791524115
GOV,2022,NM,False,GRISHAM M,1,2018,2.8354072274586737,-1.3008440170090108
GOV,2022,OH,False,DEWINE M,-1,2018,9.581694423277536,1.6743896284865063
GOV,2022,OK,False,STITT K,-1,2018,-27.20331992820576,-19.67136022466854
GOV,2022,SC,False,MCMASTER H,-1,2018,-1.5568919484933588,-0.4131504645791377
GOV,2022,SD,False,NOEM K,-1,2018,-6.612553744175486,-22.096186148432743
GOV,2022,TN,False,LEE B,-1,2018,1.749285174967465,0.6592326857675062
GOV,2022,TX,False,ABBOTT G,-1,2018,-1.932886592561596,10.502813165356796
GOV,2022,VT,False,SCOTT P,-1,2020,78.86142169562525,78.24128750892963
GOV,2022,WI,False,EVERS T,1,2018,10.111227382993285,-4.459680566683385
GOV,2022,WY,False,GORDON M,-1,2018,12.573953915054132,-3.150919993667728
GOV,2024,MT,False,GIANFORTE G,-1,2020,-0.7277373096689033,-4.824375495463078
GOV,2024,UT,False,COX S,-1,2020,6.794577652013352,12.297672622850556
GOV,2024,VT,False,SCOTT P,-1,2022,86.00196335393109,78.86142169562525
