year,state_po,office,key,side,edge
1994,AK,HOUSE_AL,SMITH T,1,0.46062687148552683
1994,AK,HOUSE_AL,YOUNG D,-1,-0.46062687148552683
1994,AZ,SEN,COPPERSMITH S,1,1.7029614344022814
1994,AZ,SEN,KYL J,-1,-1.7029614344022814
1994,CA,SEN,FEINSTEIN D,1,-0.6666517810613839
1994,CA,SEN,HUFFINGTON M,-1,0.6666517810613839
1994,CT,SEN,LIEBERMAN J,1,42.78189518549384
1994,CT,SEN,LABRIOLA J,-1,-42.78189518549384
1994,DE,SEN,OBERLY C,1,-9.673218990782
1994,DE,HOUSE_AL,DESANTIS C,1,-41.51452025185522
1994,DE,SEN,ROTH W,-1,9.673218990782
1994,DE,HOUSE_AL,CASTLE M,-1,41.51452025185522
1994,FL,SEN,RODHAM H,1,-24.349635405380365
1994,FL,SEN,MACK C,-1,24.349635405380365
1994,HI,SEN,AKAKA D,1,50.442764839971375
1994,HI,SEN,HUSTACE M,-1,-50.442764839971375
1994,IN,SEN,JONTZ J,1,-15.702997004686864
1994,IN,SEN,LUGAR R,-1,15.702997004686864
1994,MA,SEN,KENNEDY E,1,7.324885129993763
1994,MA,SEN,ROMNEY W,-1,-7.324885129993763
1994,MD,SEN,SARBANES P,1,15.891306048456364
1994,MD,SEN,BROCK W,-1,-15.891306048456364
1994,ME,SEN,ANDREWS T,1,-22.547444195791964
1994,ME,SEN,SNOWE O,-1,22.547444195791964
1994,MI,SEN,CARR B,1,-4.590169044243563
1994,MI,SEN,ABRAHAM S,-1,4.590169044243563
1994,MN,SEN,WYNIA A,1,-6.471358576839215
1994,MN,SEN,GRAMS R,-1,6.471358576839215
1994,MO,SEN,WHEAT A,1,-23.903247860044416
1994,MO,SEN,ASHCROFT J,-1,23.903247860044416
1994,MS,SEN,HARPER K,1,-13.44608983286852
1994,MS,SEN,LOTT T,-1,13.44608983286852
1994,MT,SEN,MUDD J,1,-13.904091535310592
1994,MT,HOUSE_AL,WILLIAMS P,1,17.917509032964865
1994,MT,SEN,BURNS C,-1,13.904091535310592
1994,MT,HOUSE_AL,JAMISON C,-1,-17.917509032964865
1994,ND,SEN,CONRAD K,1,46.00260501842978
1994,ND,HOUSE_AL,POMEROY E,1,37.51999424722309
1994,ND,SEN,CLAYBURGH B,-1,-46.00260501842978
1994,ND,HOUSE_AL,PORTER G,-1,-37.51999424722309
1994,NE,SEN,KERREY J,1,46.70869423281011
1994,NE,SEN,STONEY J,-1,-46.70869423281011
1994,NJ,SEN,LAUTENBERG F,1,14.809200785288574
1994,NJ,SEN,HAYTAIAN G,-1,-14.809200785288574
1994,NM,SEN,BINGAMAN J,1,11.986265596124024
1994,NM,SEN,MCMILLAN C,-1,-11.986265596124024
1994,NV,SEN,BRYAN R,1,21.438540041193352
1994,NV,SEN,FURMAN H,-1,-21.438540041193352
1994,NY,SEN,MOYNIHAN D,1,4.26740630424702
1994,NY,SEN,CASTRO B,-1,-4.26740630424702
1994,OH,SEN,HYATT J,1,-3.3827938559930786
1994,OH,SEN,DEWINE M,-1,3.3827938559930786
1994,OK,SEN,MCCURDY D,1,9.49708017146506
1994,OK,SEN,INHOFE J,-1,-9.49708017146506
1994,PA,SEN,WOFFORD H,1,0.613179619965706
1994,PA,SEN,SANTORUM R,-1,-0.613179619965706
1994,RI,SEN,KUSHNER L,1,-38.44696363361847
1994,RI,SEN,CHAFEE J,-1,38.44696363361847
1994,SD,HOUSE_AL,JOHNSON T,1,42.863659054226005
1994,SD,HOUSE_AL,BERKHOUT J,-1,-42.863659054226005
1994,TN,SEN,SASSER J,1,-5.391028840365619
1994,TN,SEN,COOPER J,1,-12.953181871343856
1994,TN,SEN,FRIST B,-1,5.391028840365619
1994,TN,SEN,THOMPSON F,-1,12.953181871343856
1994,TX,SEN,FISHER R,1,-3.957961500207855
1994,TX,SEN,HUTCHISON K,-1,3.957961500207855
1994,UT,SEN,SHEA P,1,0.0759486746562245
1994,UT,SEN,HATCH O,-1,-0.0759486746562245
1994,VA,SEN,ROBB C,1,22.48214185985882
1994,VA,SEN,NORTH O,-1,-22.48214185985882
1994,VT,SEN,BACKUS J,1,-16.948764405633668
1994,VT,SEN,JEFFORDS J,-1,16.948764405633668
1994,WA,SEN,SIMS R,1,-12.393173406657448
1994,WA,SEN,GORTON S,-1,12.393173406657448
1994,WI,SEN,KOHL H,1,26.487578529271257
1994,WI,SEN,WELCH R,-1,-26.487578529271257
1994,WV,SEN,BYRD R,1,36.772916525607855
1994,WV,SEN,KLOS S,-1,-36.772916525607855
1994,WY,SEN,SULLIVAN M,1,1.942580445773057
1994,WY,HOUSE_AL,SCHUSTER B,1,9.251032736129655
1994,WY,SEN,THOMAS C,-1,-1.942580445773057
1994,WY,HOUSE_AL,CUBIN B,-1,-9.251032736129655
1996,AK,HOUSE_AL,LINCOLN G,1,5.726631557825108
1996,AK,HOUSE_AL,YOUNG D,-1,-5.726631557825108
1996,AL,SEN,BEDFORD R,1,9.187560507405443
1996,AL,SEN,SESSIONS J,-1,-9.187560507405443
1996,AR,SEN,BRYANT W,1,-15.249152939541286
1996,AR,SEN,HUTCHINSON Y,-1,15.249152939541286
1996,CO,SEN,STRICKLAND T,1,4.542187757912767
1996,CO,SEN,ALLARD W,-1,-4.542187757912767
1996,DE,SEN,BIDEN J,1,13.92616979465996
1996,DE,HOUSE_AL,WILLIAMS D,1,-51.78402941311783
1996,DE,SEN,CLATWORTHY R,-1,-13.92616979465996
1996,DE,HOUSE_AL,CASTLE M,-1,51.78402941311783
1996,GA,SEN,CLELAND M,1,11.500412824571375
1996,GA,SEN,MILLNER G,-1,-11.500412824571375
1996,IA,SEN,HARKIN T,1,2.561405581808689
1996,IA,SEN,LIGHTFOOT J,-1,-2.561405581808689
1996,ID,SEN,MINNICK W,1,12.796031448780312
1996,ID,SEN,CRAIG L,-1,-12.796031448780312
1996,IL,SEN,DURBIN R,1,5.577802218998219
1996,IL,SEN,SALVI A,-1,-5.577802218998219
1996,KS,SEN,THOMPSON S,1,0.4029854768760152
1996,KS,SEN,DOCKING J,1,18.119240314265237
1996,KS,SEN,ROBERTS P,-1,-0.4029854768760152
1996,KS,SEN,BROWNBACK S,-1,-18.119240314265237
1996,KY,SEN,BESHEAR S,1,-5.026202626885116
1996,KY,SEN,MCCONNELL M,-1,5.026202626885116
1996,LA,SEN,LANDRIEU M,1,-3.923888402789957
1996,LA,SEN,JENKINS L,-1,3.923888402789957
1996,MA,SEN,KERRY J,1,-20.70756040609365
1996,MA,SEN,WELD W,-1,20.70756040609365
1996,ME,SEN,BRENNAN J,1,-22.16886230538563
1996,ME,SEN,COLLINS S,-1,22.16886230538563
1996,MI,SEN,LEVIN C,1,13.030517802328957
1996,MI,SEN,ROMNEY R,-1,-13.030517802328957
1996,MN,SEN,WELLSTONE P,1,-0.0403861965618084
1996,MN,SEN,BOSCHWITZ R,-1,0.0403861965618084
1996,MS,SEN,HUNT J,1,-29.994486081648333
1996,MS,SEN,COCHRAN T,-1,29.994486081648333
1996,MT,SEN,BAUCUS M,1,17.394040530211093
1996,MT,HOUSE_AL,YELLOWTAIL B,1,2.54008325660509
1996,MT,SEN,REHBERG D,-1,-17.394040530211093
1996,MT,HOUSE_AL,HILL R,-1,-2.54008325660509
1996,NC,SEN,GANTT H,1,7.092790382085028
1996,NC,SEN,HELMS J,-1,-7.092790382085028
1996,ND,HOUSE_AL,POMEROY E,1,28.72908688104492
1996,ND,HOUSE_AL,CRAMER K,-1,-28.72908688104492
1996,NE,SEN,NELSON B,1,15.155329960429176
1996,NE,SEN,HAGEL C,-1,-15.155329960429176
1996,NH,SEN,SWETT D,1,-5.539183365772139
1996,NH,SEN,SMITH B,-1,5.539183365772139
1996,NJ,SEN,TORRICELLI R,1,-0.4517274453357682
1996,NJ,SEN,ZIMMER D,-1,0.4517274453357682
1996,NM,SEN,TRUJILLO A,1,-36.16216336631532
1996,NM,SEN,DOMENICI P,-1,36.16216336631532
1996,OK,SEN,BOREN J,1,5.898108522651233
1996,OK,SEN,INHOFE J,-1,-5.898108522651233
1996,OR,SEN,BRUGGERE T,1,-4.597861414509167
1996,OR,SEN,SMITH G,-1,4.597861414509167
1996,RI,SEN,REED J,1,-0.2976517880860463
1996,RI,SEN,MAYER N,-1,0.2976517880860463
1996,SC,SEN,CLOSE E,1,5.450317334392615
1996,SC,SEN,THURMOND S,-1,-5.450317334392615
1996,SD,SEN,JOHNSON T,1,15.368374317209984
1996,SD,HOUSE_AL,WEILAND R,1,-9.124873462372504
1996,SD,SEN,PRESSLER L,-1,-15.368374317209984
1996,SD,HOUSE_AL,THUNE J,-1,9.124873462372504
1996,TN,SEN,GORDON H,1,-13.315617472967462
1996,TN,SEN,THOMPSON F,-1,13.315617472967462
1996,TX,SEN,MORALES V,1,3.2025226254377746
1996,TX,SEN,GRAMM P,-1,-3.2025226254377746
1996,VA,SEN,WARNER M,1,5.886011963915566
1996,VA,SEN,WARNER J,-1,-5.886011963915566
1996,WV,SEN,ROCKEFELLER J,1,45.44393418341405
1996,WV,SEN,BURKS B,-1,-45.44393418341405
1996,WY,SEN,KARPAN K,1,11.52477648838414
1996,WY,HOUSE_AL,MAXFIELD P,1,8.822861935255077
1996,WY,SEN,ENZI M,-1,-11.52477648838414
1996,WY,HOUSE_AL,CUBIN B,-1,-8.822861935255077
1998,AK,SEN,SONNEMAN J,1,-26.847191768326383
1998,AK,HOUSE_AL,DUNCAN J,1,2.499226689596025
1998,AK,SEN,MURKOWSKI F,-1,26.847191768326383
1998,AK,HOUSE_AL,YOUNG D,-1,-2.499226689596025
1998,AL,SEN,SUDDITH C,1,-8.670003436747717
1998,AL,SEN,SHELBY R,-1,8.670003436747717
1998,AR,SEN,LINCOLN B,1,4.9273462820683775
1998,AR,SEN,BOOZMAN F,-1,-4.9273462820683775
1998,AZ,SEN,RANGER E,1,-35.37502946231584
1998,AZ,SEN,MCCAIN J,-1,35.37502946231584
1998,CA,SEN,BOXER B,1,6.4545893168114254
1998,CA,SEN,FONG M,-1,-6.4545893168114254
1998,CO,SEN,LAMM D,1,-16.22585545689877
1998,CO,SEN,CAMPBELL B,-1,16.22585545689877
1998,CT,SEN,DODD C,1,23.31692301009266
1998,CT,SEN,FRANKS G,-1,-23.31692301009266
1998,DE,HOUSE_AL,WILLIAMS D,1,-42.000227374917856
1998,DE,HOUSE_AL,CASTLE M,-1,42.000227374917856
1998,FL,SEN,GRAHAM B,1,29.05930026148892
1998,FL,SEN,CRIST C,-1,-29.05930026148892
1998,GA,SEN,COLES M,1,4.291310421655554
1998,GA,SEN,COVERDELL P,-1,-4.291310421655554
1998,HI,SEN,INOUYE D,1,45.12981200643634
1998,HI,SEN,YOUNG C,-1,-45.12981200643634
1998,IA,SEN,OSTERBERG D,1,-39.37443489067738
1998,IA,SEN,GRASSLEY C,-1,39.37443489067738
1998,ID,SEN,MAUK B,1,-9.98438277408036
1998,ID,SEN,CRAPO M,-1,9.98438277408036
1998,IL,SEN,BRAUN C,1,-11.748357564558155
1998,IL,SEN,FITZGERALD P,-1,11.748357564558155
1998,IN,SEN,BAYH E,1,46.08951582860182
1998,IN,SEN,HELMKE P,-1,-46.08951582860182
1998,KS,SEN,FELECIANO P,1,1.2029131238901147
1998,KS,SEN,BROWNBACK S,-1,-1.2029131238901147
1998,KY,SEN,BAESLER S,1,8.775116107039118
1998,KY,SEN,BUNNING J,-1,-8.775116107039118
1998,LA,SEN,BREAUX J,1,30.72924801315508
1998,LA,SEN,DONELON J,-1,-30.72924801315508
1998,MD,SEN,MIKULSKI B,1,34.161559292840124
1998,MD,SEN,PIERPONT R,-1,-34.161559292840124
1998,MO,SEN,NIXON J,1,-5.896511909056262
1998,MO,SEN,BOND C,-1,5.896511909056262
1998,MT,HOUSE_AL,DESCHAMPS D,1,4.922653047803639
1998,MT,HOUSE_AL,HILL R,-1,-4.922653047803639
1998,NC,SEN,EDWARDS J,1,19.70747042135493
1998,NC,SEN,FAIRCLOTH L,-1,-19.70747042135493
1998,ND,SEN,DORGAN B,1,46.73040910820191
1998,ND,HOUSE_AL,POMEROY E,1,33.77446246494484
1998,ND,SEN,NALEWAJA D,-1,-46.73040910820191
1998,ND,HOUSE_AL,CRAMER K,-1,-33.77446246494484
1998,NH,SEN,CONDODEMETRAKY G,1,-41.99996998440841
1998,NH,SEN,GREGG J,-1,41.99996998440841
1998,NV,SEN,REID H,1,9.353600737117008
1998,NV,SEN,ENSIGN J,-1,-9.353600737117008
1998,NY,SEN,SCHUMER C,1,-14.359596306085598
1998,NY,SEN,AMATO A,-1,14.359596306085598
1998,OH,SEN,BOYLE M,1,-9.689838125640769
1998,OH,SEN,VOINOVICH G,-1,9.689838125640769
1998,OK,SEN,CARROLL D,1,-16.712957075161693
1998,OK,SEN,NICKLES D,-1,16.712957075161693
1998,OR,SEN,WYDEN R,1,29.78374803130139
1998,OR,SEN,LIM J,-1,-29.78374803130139
1998,PA,SEN,LLOYD B,1,-27.515434591344235
1998,PA,SEN,SPECTER A,-1,27.515434591344235
1998,SC,SEN,HOLLINGS E,1,23.799520927083478
1998,SC,SEN,INGLIS B,-1,-23.799520927083478
1998,SD,SEN,DASCHLE T,1,40.41032635631062
1998,SD,HOUSE_AL,MOSER J,1,-35.868265198907395
1998,SD,SEN,SCHMIDT R,-1,-40.41032635631062
1998,SD,HOUSE_AL,THUNE J,-1,35.868265198907395
1998,UT,SEN,LECKMAN S,1,2.482710868994154
1998,UT,SEN,BENNETT R,-1,-2.482710868994154
1998,VT,SEN,LEAHY P,1,36.6346634551808
1998,VT,SEN,TUTTLE F,-1,-36.6346634551808
1998,WA,SEN,MURRAY P,1,12.869155621021342
1998,WA,SEN,SMITH L,-1,-12.869155621021342
1998,WI,SEN,FEINGOLD R,1,0.7608316490938032
1998,WI,SEN,NEUMANN M,-1,-0.7608316490938032
1998,WY,HOUSE_AL,FARRIS S,1,5.60215069069627
1998,WY,HOUSE_AL,CUBIN B,-1,-5.60215069069627
2000,AK,HOUSE_AL,GREENE C,1,-24.83652569196542
2000,AK,HOUSE_AL,YOUNG D,-1,24.83652569196542
2000,CA,SEN,FEINSTEIN D,1,3.903822759291529
2000,CA,SEN,CAMPBELL T,-1,-3.903822759291529
2000,CT,SEN,LIEBERMAN J,1,6.7878393572118725
2000,CT,SEN,GIORDANO P,-1,-6.7878393572118725
2000,DE,SEN,CARPER T,1,4.716602808665469
2000,DE,HOUSE_AL,MILLER M,1,-50.006689364808786
2000,DE,SEN,ROTH W,-1,-4.716602808665469
2000,DE,HOUSE_AL,CASTLE M,-1,50.006689364808786
2000,FL,SEN,NELSON B,1,5.875451615248277
2000,FL,SEN,MCCOLLUM B,-1,-5.875451615248277
2000,HI,SEN,AKAKA D,1,25.39235501834839
2000,HI,SEN,CARROLL J,-1,-25.39235501834839
2000,IN,SEN,JOHNSON D,1,-12.985738281911262
2000,IN,SEN,LUGAR R,-1,12.985738281911262
2000,MA,SEN,KENNEDY E,1,35.82926191064658
2000,MA,SEN,ROBINSON J,-1,-35.82926191064658
2000,MD,SEN,SARBANES P,1,5.079285796611403
2000,MD,SEN,RAPPAPORT P,-1,-5.079285796611403
2000,ME,SEN,LAWRENCE M,1,-37.10146293760424
2000,ME,SEN,SNOWE O,-1,37.10146293760424
2000,MI,SEN,STABENOW D,1,2.665599696119988
2000,MI,SEN,ABRAHAM S,-1,-2.665599696119988
2000,MN,SEN,DAYTON M,1,9.719128751746204
2000,MN,SEN,GRAMS R,-1,-9.719128751746204
2000,MO,SEN,CARNAHAN M,1,11.797804038759393
2000,MO,SEN,ASHCROFT J,-1,-11.797804038759393
2000,MS,SEN,BROWN T,1,-11.686629874930558
2000,MS,SEN,LOTT T,-1,11.686629874930558
2000,MT,SEN,SCHWEITZER B,1,30.197840785425306
2000,MT,HOUSE_AL,KEENAN N,1,22.846345155902863
2000,MT,SEN,BURNS C,-1,-30.197840785425306
2000,MT,HOUSE_AL,REHBERG D,-1,-22.846345155902863
2000,ND,SEN,CONRAD K,1,47.67669858488822
2000,ND,HOUSE_AL,POMEROY E,1,38.92354182256784
2000,ND,SEN,SAND D,-1,-47.67669858488822
2000,ND,HOUSE_AL,DORSO J,-1,-38.92354182256784
2000,NE,SEN,NELSON B,1,33.42311136247469
2000,NE,SEN,STENBERG D,-1,-33.42311136247469
2000,NJ,SEN,CORZINE J,1,-12.442816622959135
2000,NJ,SEN,FRANKS B,-1,12.442816622959135
2000,NM,SEN,BINGAMAN J,1,18.870651724165683
2000,NM,SEN,REDMOND B,-1,-18.870651724165683
2000,NV,SEN,BERNSTEIN E,1,-11.654780213720487
2000,NV,SEN,ENSIGN J,-1,11.654780213720487
2000,NY,SEN,CLINTON H,1,-13.79467682848326
2000,NY,SEN,LAZIO R,-1,13.79467682848326
2000,OH,SEN,CELESTE T,1,-15.170170081207514
2000,OH,SEN,DEWINE M,-1,15.170170081207514
2000,PA,SEN,KLINK R,1,-5.0734760297648975
2000,PA,SEN,SANTORUM R,-1,5.0734760297648975
2000,RI,SEN,WEYGAND R,1,-46.47022504596045
2000,RI,SEN,CHAFEE L,-1,46.47022504596045
2000,SD,HOUSE_AL,HOHN C,1,-25.266745971321427
2000,SD,HOUSE_AL,THUNE J,-1,25.266745971321427
2000,TN,SEN,CLARK J,1,-23.59758546924118
2000,TN,SEN,FRIST B,-1,23.59758546924118
2000,TX,SEN,KELLY G,1,-5.459682771037942
2000,TX,SEN,HUTCHISON K,-1,5.459682771037942
2000,UT,SEN,HOWELL S,1,14.640347951187792
2000,UT,SEN,HATCH O,-1,-14.640347951187792
2000,VA,SEN,ROBB C,1,-0.8068283680907573
2000,VA,SEN,ALLEN G,-1,0.8068283680907573
2000,VT,SEN,FLANAGAN E,1,-48.713453008034755
2000,VT,SEN,JEFFORDS J,-1,48.713453008034755
2000,WA,SEN,CANTWELL M,1,0.48027994575930055
2000,WA,SEN,GORTON S,-1,-0.48027994575930055
2000,WI,SEN,KOHL H,1,20.106843077795588
2000,WI,SEN,GILLESPIE J,-1,-20.106843077795588
2000,WV,SEN,BYRD R,1,60.788078463765665
2000,WV,SEN,GALLAHER D,-1,-60.788078463765665
2000,WY,SEN,LOGAN M,1,-5.754732171358119
2000,WY,HOUSE_AL,GREEN M,1,2.7349517348055414
2000,WY,SEN,THOMAS C,-1,5.754732171358119
2000,WY,HOUSE_AL,CUBIN B,-1,-2.7349517348055414
2002,AK,HOUSE_AL,GREENE C,1,-20.99802676821492
2002,AK,HOUSE_AL,YOUNG D,-1,20.99802676821492
2002,AL,SEN,PARKER S,1,7.03403098116611
2002,AL,SEN,SESSIONS J,-1,-7.03403098116611
2002,AR,SEN,PRYOR M,1,18.86606150120093
2002,AR,SEN,HUTCHINSON T,-1,-18.86606150120093
2002,CO,SEN,STRICKLAND T,1,14.738266958270945
2002,CO,SEN,ALLARD W,-1,-14.738266958270945
2002,DE,SEN,BIDEN J,1,4.181099327221984
2002,DE,HOUSE_AL,MILLER M,1,-53.92275724553095
2002,DE,SEN,CLATWORTHY R,-1,-4.181099327221984
2002,DE,HOUSE_AL,CASTLE M,-1,53.92275724553095
2002,GA,SEN,CLELAND M,1,5.107532710341156
2002,GA,SEN,CHAMBLISS S,-1,-5.107532710341156
2002,IA,SEN,HARKIN T,1,10.36344795792493
2002,IA,SEN,GANSKE G,-1,-10.36344795792493
2002,ID,SEN,BLINKEN A,1,19.19283339984046
2002,ID,SEN,CRAIG L,-1,-19.19283339984046
2002,IL,SEN,DURBIN R,1,10.400986226929527
2002,IL,SEN,DURKIN J,-1,-10.400986226929527
2002,KY,SEN,WEINBERG L,1,-3.0217370180599463
2002,KY,SEN,MCCONNELL M,-1,3.0217370180599463
2002,LA,SEN,LANDRIEU M,1,8.20387144270894
2002,LA,SEN,TERRELL S,-1,-8.20387144270894
2002,ME,SEN,PINGREE C,1,-11.493536025759377
2002,ME,SEN,COLLINS S,-1,11.493536025759377
2002,MI,SEN,LEVIN C,1,17.874713177943995
2002,MI,SEN,RACZKOWSKI A,-1,-17.874713177943995
2002,MN,SEN,MONDALE W,1,1.1664777736962937
2002,MN,SEN,COLEMAN N,-1,-1.1664777736962937
2002,MO,SEN,CARNAHAN J,1,7.747735080743181
2002,MO,SEN,TALENT J,-1,-7.747735080743181
2002,MT,SEN,BAUCUS M,1,60.207500158762336
2002,MT,HOUSE_AL,KELLY S,1,-0.0578182620973422
2002,MT,SEN,TAYLOR M,-1,-60.207500158762336
2002,MT,HOUSE_AL,REHBERG D,-1,0.0578182620973422
2002,NC,SEN,BOWLES E,1,9.6634367173672
2002,NC,SEN,DOLE E,-1,-9.6634367173672
2002,ND,HOUSE_AL,POMEROY E,1,39.739731591029795
2002,ND,HOUSE_AL,CLAYBURGH R,-1,-39.739731591029795
2002,NE,SEN,MATULKA C,1,-28.71166622631044
2002,NE,SEN,HAGEL C,-1,28.71166622631044
2002,NH,SEN,SHAHEEN J,1,2.265522379619948
2002,NH,SEN,SUNUNU J,-1,-2.265522379619948
2002,NJ,SEN,LAUTENBERG F,1,-0.799819378697407
2002,NJ,SEN,FORRESTER D,-1,0.799819378697407
2002,NM,SEN,TRISTANI G,1,-19.275948687997015
2002,NM,SEN,DOMENICI P,-1,19.275948687997015
2002,OK,SEN,WALTERS D,1,10.610075520009028
2002,OK,SEN,INHOFE J,-1,-10.610075520009028
2002,OR,SEN,BRADBURY B,1,-6.925931975615997
2002,OR,SEN,SMITH G,-1,6.925931975615997
2002,RI,SEN,REED J,1,25.628186960963518
2002,RI,SEN,TINGLE R,-1,-25.628186960963518
2002,SC,SEN,SANDERS A,1,11.437693640480706
2002,SC,SEN,GRAHAM L,-1,-11.437693640480706
2002,SD,SEN,JOHNSON T,1,23.461943889940045
2002,SD,HOUSE_AL,HERSETH S,1,20.766996950436393
2002,SD,SEN,THUNE J,-1,-23.461943889940045
2002,SD,HOUSE_AL,JANKLOW W,-1,-20.766996950436393
2002,TN,SEN,CLEMENT B,1,-0.6806524418124997
2002,TN,SEN,ALEXANDER L,-1,0.6806524418124997
2002,TX,SEN,KIRK R,1,15.245711097240074
2002,TX,SEN,CORNYN J,-1,-15.245711097240074
2002,WV,SEN,ROCKEFELLER J,1,32.78029941489963
2002,WV,SEN,WOLFE J,-1,-32.78029941489963
2002,WY,SEN,CORCORAN J,1,6.93015290782529
2002,WY,HOUSE_AL,AKIN R,1,22.31290440107581
2002,WY,SEN,ENZI M,-1,-6.93015290782529
2002,WY,HOUSE_AL,CUBIN B,-1,-22.31290440107581
2004,AK,SEN,KNOWLES T,1,23.510437175295888
2004,AK,HOUSE_AL,HIGGINS T,1,-25.407527921960394
2004,AK,SEN,MURKOWSKI L,-1,-23.510437175295888
2004,AK,HOUSE_AL,YOUNG D,-1,25.407527921960394
2004,AL,SEN,SOWELL W,1,-3.7511767068043405
2004,AL,SEN,SHELBY R,-1,3.7511767068043405
2004,AR,SEN,LINCOLN B,1,16.58311239906721
2004,AR,SEN,HOLT J,-1,-16.58311239906721
2004,AZ,SEN,STARKY S,1,-41.41107666179747
2004,AZ,SEN,MCCAIN J,-1,41.41107666179747
2004,CA,SEN,BOXER B,1,5.643594528278795
2004,CA,SEN,JONES B,-1,-5.643594528278795
2004,CO,SEN,SALAZAR K,1,9.88715418334684
2004,CO,SEN,COORS P,-1,-9.88715418334684
2004,CT,SEN,DODD C,1,19.081158664800277
2004,CT,SEN,ORCHULLI J,-1,-19.081158664800277
2004,DE,HOUSE_AL,DONNELLY P,1,-47.26536573334781
2004,DE,HOUSE_AL,CASTLE M,-1,47.26536573334781
2004,FL,SEN,CASTOR B,1,4.1887066736219545
2004,FL,SEN,MARTINEZ M,-1,-4.1887066736219545
2004,GA,SEN,MAJETTE D,1,-1.303040811699706
2004,GA,SEN,ISAKSON J,-1,1.303040811699706
2004,HI,SEN,INOUYE D,1,42.571686375201445
2004,HI,SEN,CAVASSO C,-1,-42.571686375201445
2004,IA,SEN,SMALL A,1,-36.79040883365599
2004,IA,SEN,GRASSLEY C,-1,36.79040883365599
2004,IL,SEN,OBAMA B,1,34.102412425038565
2004,IL,SEN,KEYES A,-1,-34.102412425038565
2004,IN,SEN,BAYH E,1,40.42823671802917
2004,IN,SEN,SCOTT M,-1,-40.42823671802917
2004,KS,SEN,JONES L,1,-11.706377910586978
2004,KS,SEN,BROWNBACK S,-1,11.706377910586978
2004,KY,SEN,MONGIARDO D,1,24.38107039918492
2004,KY,SEN,BUNNING J,-1,-24.38107039918492
2004,LA,SEN,JOHN C,1,11.341680055961325
2004,LA,SEN,VITTER D,-1,-11.341680055961325
2004,MD,SEN,MIKULSKI B,1,13.291586421842124
2004,MD,SEN,PIPKIN E,-1,-13.291586421842124
2004,MO,SEN,FARMER N,1,-0.5258276506653736
2004,MO,SEN,BOND C,-1,0.5258276506653736
2004,MT,HOUSE_AL,VELAZQUEZ T,1,-11.26052867651314
2004,MT,HOUSE_AL,REHBERG D,-1,11.26052867651314
2004,NC,SEN,BOWLES E,1,8.121945915444387
2004,NC,SEN,BURR R,-1,-8.121945915444387
2004,ND,SEN,DORGAN B,1,59.25803686455237
2004,ND,HOUSE_AL,POMEROY E,1,47.22409224616099
2004,ND,SEN,LIFFRIG M,-1,-59.25803686455237
2004,ND,HOUSE_AL,SAND D,-1,-47.22409224616099
2004,NH,SEN,HADDOCK D,1,-28.196424338673204
2004,NH,SEN,GREGG J,-1,28.196424338673204
2004,NV,SEN,REID H,1,24.47808357358595
2004,NV,SEN,ZISER R,-1,-24.47808357358595
2004,NY,SEN,SCHUMER C,1,24.395932350430748
2004,NY,SEN,MILLS H,-1,-24.395932350430748
2004,OH,SEN,FINGERHUT E,1,-19.908823986807263
2004,OH,SEN,VOINOVICH G,-1,19.908823986807263
2004,OK,SEN,CARSON B,1,19.165825180145028
2004,OK,SEN,COBURN T,-1,-19.165825180145028
2004,OR,SEN,WYDEN R,1,23.925505726016382
2004,OR,SEN,KING A,-1,-23.925505726016382
2004,PA,SEN,HOEFFEL J,1,-8.073651432986708
2004,PA,SEN,SPECTER A,-1,8.073651432986708
2004,SC,SEN,TENENBAUM I,1,7.7683379230883745
2004,SC,SEN,DEMINT J,-1,-7.7683379230883745
2004,SD,SEN,DASCHLE T,1,15.553670361545548
2004,SD,HOUSE_AL,HERSETH S,1,29.609807513740307
2004,SD,SEN,THUNE J,-1,-15.553670361545548
2004,SD,HOUSE_AL,DIEDRICH L,-1,-29.609807513740307
2004,UT,SEN,DAM R,1,10.853939993618974
2004,UT,SEN,BENNETT R,-1,-10.853939993618974
2004,VT,SEN,LEAHY P,1,22.700360373675295
2004,VT,SEN,MCMULLEN J,-1,-22.700360373675295
2004,WA,SEN,MURRAY P,1,0.11680756827331251
2004,WA,SEN,NETHERCUTT G,-1,-0.11680756827331251
2004,WI,SEN,FEINGOLD R,1,5.795377117355519
2004,WI,SEN,MICHELS T,-1,-5.795377117355519
2004,WY,HOUSE_AL,LADD T,1,27.06664284400526
2004,WY,HOUSE_AL,CUBIN B,-1,-27.06664284400526
2006,AK,GOV,KNOWLES T,1,7.646398353432151
2006,AK,HOUSE_AL,BENSON D,1,-1.3281713635849748
2006,AK,GOV,PALIN S,-1,-7.646398353432151
2006,AK,HOUSE_AL,YOUNG D,-1,1.3281713635849748
2006,AL,GOV,BAXLEY L,1,3.619667548408824
2006,AL,GOV,RILEY B,-1,-3.619667548408824
2006,AR,GOV,BEEBE M,1,14.712502771169213
2006,AR,GOV,HUTCHINSON A,-1,-14.712502771169213
2006,AZ,SEN,PEDERSON J,1,-4.843997565940272
2006,AZ,GOV,NAPOLITANO J,1,23.173636542004488
2006,AZ,SEN,KYL J,-1,4.843997565940272
2006,AZ,GOV,MUNSIL L,-1,-23.173636542004488
2006,CA,SEN,FEINSTEIN D,1,-0.2626437387037175
2006,CA,GOV,ANGELIDES P,1,-34.14660591691007
2006,CA,SEN,MOUNTJOY R,-1,0.2626437387037175
2006,CA,GOV,SCHWARZENEGGER A,-1,34.14660591691007
2006,CO,GOV,RITTER B,1,11.384934173980849
2006,CO,GOV,BEAUPREZ B,-1,-11.384934173980849
2006,CT,GOV,DESTEFANO J,1,-44.7462136394166
2006,CT,GOV,RELL J,-1,44.7462136394166
2006,DE,SEN,CARPER T,1,18.266635707316162
2006,DE,HOUSE_AL,SPIVACK D,1,-37.48260046517562
2006,DE,SEN,TING J,-1,-18.266635707316162
2006,DE,HOUSE_AL,CASTLE M,-1,37.48260046517562
2006,FL,SEN,NELSON B,1,11.583073402167917
2006,FL,GOV,DAVIS J,1,-12.881135935686148
2006,FL,SEN,HARRIS K,-1,-11.583073402167917
2006,FL,GOV,CRIST C,-1,12.881135935686148
2006,GA,GOV,TAYLOR M,1,-10.005130749089831
2006,GA,GOV,PERDUE S,-1,10.005130749089831
2006,HI,SEN,AKAKA D,1,0.1971551489132377
2006,HI,GOV,IWASE R,1,-42.62167902223727
2006,HI,SEN,THIELEN C,-1,-0.1971551489132377
2006,HI,GOV,LINGLE L,-1,42.62167902223727
2006,IA,GOV,CULVER C,1,-0.2020194733869296
2006,IA,GOV,NUSSLE J,-1,0.2020194733869296
2006,ID,GOV,BRADY J,1,19.12970328627908
2006,ID,GOV,OTTER B,-1,-19.12970328627908
2006,IL,GOV,BLAGOJEVICH R,1,-13.764231874383484
2006,IL,GOV,TOPINKA J,-1,13.764231874383484
2006,KS,GOV,SEBELIUS K,1,28.405366966770806
2006,KS,GOV,BARNETT J,-1,-28.405366966770806
2006,MA,SEN,KENNEDY E,1,-2.705844801443641
2006,MA,GOV,PATRICK D,1,-13.784953362449809
2006,MA,SEN,CHASE K,-1,2.705844801443641
2006,MA,GOV,HEALEY K,-1,13.784953362449809
2006,MD,SEN,CARDIN B,1,-13.590072896111264
2006,MD,GOV,MALLEY M,1,-12.69060647589923
2006,MD,SEN,STEELE M,-1,13.590072896111264
2006,MD,GOV,EHRLICH B,-1,12.69060647589923
2006,ME,SEN,BRIGHT J,1,-70.77880335830339
2006,ME,SEN,SNOWE O,-1,70.77880335830339
2006,MI,SEN,STABENOW D,1,-3.5386500617914685
2006,MI,GOV,GRANHOLM J,1,-4.297450210004486
2006,MI,SEN,BOUCHARD M,-1,3.5386500617914685
2006,MI,GOV,DEVOS D,-1,4.297450210004486
2006,MN,SEN,KLOBUCHAR A,1,6.806532058004652
2006,MN,GOV,HATCH M,1,-10.735547863377349
2006,MN,SEN,KENNEDY M,-1,-6.806532058004652
2006,MN,GOV,PAWLENTY T,-1,10.735547863377349
2006,MO,SEN,MCCASKILL C,1,4.350792061542869
2006,MO,SEN,TALENT J,-1,-4.350792061542869
2006,MS,SEN,FLEMING E,1,-15.38663724828629
2006,MS,SEN,LOTT T,-1,15.38663724828629
2006,MT,SEN,TESTER J,1,16.667881089139115
2006,MT,HOUSE_AL,LINDEEN M,1,-9.782061827695905
2006,MT,SEN,BURNS C,-1,-16.667881089139115
2006,MT,HOUSE_AL,REHBERG D,-1,9.782061827695905
2006,ND,SEN,CONRAD K,1,51.74239742366435
2006,ND,HOUSE_AL,POMEROY E,1,48.54771725216277
2006,ND,SEN,GROTBERG D,-1,-51.74239742366435
2006,ND,HOUSE_AL,MECHTEL M,-1,-48.54771725216277
2006,NE,SEN,NELSON E,1,50.82878354600683
2006,NE,GOV,HAHN D,1,-22.38572851761633
2006,NE,SEN,RICKETTS P,-1,-50.82878354600683
2006,NE,GOV,HEINEMAN D,-1,22.38572851761633
2006,NH,GOV,LYNCH J,1,31.78454038630975
2006,NH,GOV,COBURN J,-1,-31.78454038630975
2006,NJ,SEN,MENENDEZ R,1,-8.13638256979212
2006,NJ,SEN,KEAN T,-1,8.13638256979212
2006,NM,SEN,BINGAMAN J,1,26.07029207437384
2006,NM,GOV,RICHARDSON B,1,23.2691962129214
2006,NM,SEN,MCCULLOCH A,-1,-26.07029207437384
2006,NM,GOV,DENDAHL J,-1,-23.2691962129214
2006,NV,SEN,CARTER J,1,-17.509066469493618
2006,NV,GOV,TITUS D,1,-12.3535825850109
2006,NV,SEN,ENSIGN J,-1,17.509066469493618
2006,NV,GOV,GIBBONS J,-1,12.3535825850109
2006,NY,SEN,CLINTON H,1,1.0364974679948222
2006,NY,GOV,SPITZER E,1,11.3037707135263
2006,NY,SEN,SPENCER J,-1,-1.0364974679948222
2006,NY,GOV,FASO J,-1,-11.3037707135263
2006,OH,SEN,BROWN S,1,9.23747718481184
2006,OH,GOV,STRICKLAND T,1,15.971609157608968
2006,OH,SEN,DEWINE M,-1,-9.23747718481184
2006,OH,GOV,BLACKWELL K,-1,-15.971609157608968
2006,OK,GOV,HENRY B,1,49.00932776972376
2006,OK,GOV,ISTOOK E,-1,-49.00932776972376
2006,OR,GOV,KULONGOSKI T,1,-10.783416616183176
2006,OR,GOV,SAXTON R,-1,10.783416616183176
2006,PA,SEN,CASEY B,1,9.61947703593383
2006,PA,GOV,RENDELL E,1,3.0726809668075656
2006,PA,SEN,SANTORUM R,-1,-9.61947703593383
2006,PA,GOV,SWANN L,-1,-3.0726809668075656
2006,RI,SEN,WHITEHOUSE S,1,-19.349225904023463
2006,RI,GOV,FOGARTY C,1,-29.286496711544643
2006,RI,SEN,CHAFEE L,-1,19.349225904023463
2006,RI,GOV,CARCIERI D,-1,29.286496711544643
2006,SC,GOV,MOORE T,1,0.8311306493997321
2006,SC,GOV,SANFORD M,-1,-0.8311306493997321
2006,SD,GOV,BILLION J,1,-10.480763078255393
2006,SD,HOUSE_AL,HERSETH S,1,51.582275127349604
2006,SD,GOV,ROUNDS M,-1,10.480763078255393
2006,SD,HOUSE_AL,WHALEN B,-1,-51.582275127349604
2006,TN,SEN,FORD H,1,0.980403322975398
2006,TN,GOV,BREDESEN P,1,38.81215187054761
2006,TN,SEN,CORKER B,-1,-0.980403322975398
2006,TN,GOV,BRYSON J,-1,-38.81215187054761
2006,TX,SEN,RADNOFSKY B,1,-8.452243335491252
2006,TX,SEN,HUTCHISON K,-1,8.452243335491252
2006,UT,SEN,ASHDOWN P,1,7.963181859832327
2006,UT,SEN,HATCH O,-1,-7.963181859832327
2006,VA,SEN,WEBB J,1,3.4342725246137276
2006,VA,SEN,ALLEN G,-1,-3.4342725246137276
2006,VT,GOV,PARKER S,1,-42.33922932494367
2006,VT,HOUSE_AL,WELCH P,1,-22.35940357231759
2006,VT,GOV,DOUGLAS J,-1,42.33922932494367
2006,VT,HOUSE_AL,RAINVILLE M,-1,22.35940357231759
2006,WA,SEN,CANTWELL M,1,-5.843436369470213
2006,WA,SEN,MCGAVICK M,-1,5.843436369470213
2006,WI,SEN,KOHL H,1,22.67213309640971
2006,WI,GOV,DOYLE J,1,-7.979440560465356
2006,WI,SEN,LORGE R,-1,-22.67213309640971
2006,WI,GOV,GREEN M,-1,7.979440560465356
2006,WV,SEN,BYRD R,1,51.025988902227745
2006,WV,SEN,RAESE J,-1,-51.025988902227745
2006,WY,SEN,GROUTAGE D,1,-4.795340389778287
2006,WY,GOV,FREUDENTHAL D,1,65.49393078655504
2006,WY,HOUSE_AL,TRAUNER G,1,29.448848377850958
2006,WY,SEN,THOMAS C,-1,4.795340389778287
2006,WY,GOV,HUNKINS R,-1,-65.49393078655504
2006,WY,HOUSE_AL,CUBIN B,-1,-29.448848377850958
2008,AK,SEN,BEGICH M,1,25.32190129694886
2008,AK,HOUSE_AL,BERKOWITZ E,1,15.469869550980444
2008,AK,SEN,STEVENS T,-1,-25.32190129694886
2008,AK,HOUSE_AL,YOUNG D,-1,-15.469869550980444
2008,AL,SEN,FIGURES V,1,-3.2186832853602194
2008,AL,SEN,SESSIONS J,-1,3.2186832853602194
2008,CO,SEN,UDALL M,1,-1.8153898636834107
2008,CO,SEN,SCHAFFER B,-1,1.8153898636834107
2008,DE,SEN,BIDEN J,1,-4.830430255355735
2008,DE,GOV,MARKELL J,1,6.738713256960551
2008,DE,HOUSE_AL,NAGLE K,1,-49.81054079473729
2008,DE,SEN,DONNELL C,-1,4.830430255355735
2008,DE,GOV,LEE B,-1,-6.738713256960551
2008,DE,HOUSE_AL,CASTLE M,-1,49.81054079473729
2008,GA,SEN,MARTIN J,1,-7.749672055766103
2008,GA,SEN,CHAMBLISS S,-1,7.749672055766103
2008,IA,SEN,HARKIN T,1,6.790886635387343
2008,IA,SEN,REED C,-1,-6.790886635387343
2008,ID,SEN,LAROCCO L,1,-3.142119174466142
2008,ID,SEN,RISCH J,-1,3.142119174466142
2008,IL,SEN,DURBIN R,1,6.395441011873258
2008,IL,SEN,SAUERBERG S,-1,-6.395441011873258
2008,IN,GOV,THOMPSON J,1,-18.15075814457022
2008,IN,GOV,DANIELS M,-1,18.15075814457022
2008,KS,SEN,SLATTERY J,1,-7.354240487604688
2008,KS,SEN,ROBERTS P,-1,7.354240487604688
2008,KY,SEN,LUNSFORD B,1,12.40843791707822
2008,KY,SEN,MCCONNELL M,-1,-12.40843791707822
2008,LA,SEN,LANDRIEU M,1,16.514932638009824
2008,LA,SEN,KENNEDY J,-1,-16.514932638009824
2008,MA,SEN,KERRY J,1,0.7698836603268457
2008,MA,SEN,BEATTY J,-1,-0.7698836603268457
2008,ME,SEN,ALLEN T,1,-38.55325258015496
2008,ME,SEN,COLLINS S,-1,38.55325258015496
2008,MI,SEN,LEVIN C,1,4.190869198502263
2008,MI,SEN,HOOGENDYK J,-1,-4.190869198502263
2008,MN,SEN,FRANKEN A,1,-8.573061842858628
2008,MN,SEN,COLEMAN N,-1,8.573061842858628
2008,MO,GOV,NIXON J,1,15.913393868828324
2008,MO,GOV,HULSHOF K,-1,-15.913393868828324
2008,MS,SEN,FLEMING E,1,-7.713408656366875
2008,MS,SEN,COCHRAN T,-1,7.713408656366875
2008,MT,SEN,BAUCUS M,1,39.24358353075221
2008,MT,GOV,SCHWEITZER B,1,27.985097837675426
2008,MT,HOUSE_AL,DRISCOLL J,1,-31.735055443275197
2008,MT,SEN,KELLEHER B,-1,-39.24358353075221
2008,MT,GOV,BROWN R,-1,-27.985097837675426
2008,MT,HOUSE_AL,REHBERG D,-1,31.735055443275197
2008,NC,SEN,HAGAN K,1,10.286765601166303
2008,NC,GOV,PERDUE B,1,-0.361162331264484
2008,NC,SEN,DOLE E,-1,-10.286765601166303
2008,NC,GOV,MCCRORY P,-1,0.361162331264484
2008,ND,GOV,MATHERN T,1,-42.20169395034768
2008,ND,HOUSE_AL,POMEROY E,1,26.93834523380178
2008,ND,GOV,HOEVEN J,-1,42.20169395034768
2008,ND,HOUSE_AL,SAND D,-1,-26.93834523380178
2008,NE,SEN,KLEEB S,1,-6.205862367731831
2008,NE,SEN,JOHANNS M,-1,6.205862367731831
2008,NH,SEN,SHAHEEN J,1,-1.3196235123279978
2008,NH,GOV,LYNCH J,1,25.79402185040881
2008,NH,SEN,SUNUNU J,-1,1.3196235123279978
2008,NH,GOV,KENNEY J,-1,-25.79402185040881
2008,NJ,SEN,LAUTENBERG F,1,-10.29072592294294
2008,NJ,SEN,ZIMMER D,-1,10.29072592294294
2008,NM,SEN,UDALL T,1,3.799004361289434
2008,NM,SEN,PEARCE S,-1,-3.799004361289434
2008,OK,SEN,RICE A,1,14.912113365733028
2008,OK,SEN,INHOFE J,-1,-14.912113365733028
2008,OR,SEN,MERKLEY J,1,-11.406780364506238
2008,OR,SEN,SMITH G,-1,11.406780364506238
2008,RI,SEN,REED J,1,9.485515358635352
2008,RI,SEN,TINGLE R,-1,-9.485515358635352
2008,SC,SEN,CONLEY B,1,-4.351081668788167
2008,SC,SEN,GRAHAM L,-1,4.351081668788167
2008,SD,SEN,JOHNSON T,1,24.64762104001646
2008,SD,HOUSE_AL,SANDLIN S,1,40.175725056282964
2008,SD,SEN,DYKSTRA J,-1,-24.64762104001646
2008,SD,HOUSE_AL,LIEN C,-1,-40.175725056282964
2008,TN,SEN,TUKE R,1,-17.47609373932714
2008,TN,SEN,ALEXANDER L,-1,17.47609373932714
2008,TX,SEN,NORIEGA R,1,1.4744175443808505
2008,TX,SEN,CORNYN J,-1,-1.4744175443808505
2008,UT,GOV,SPRINGMEYER B,1,-29.481135742470727
2008,UT,GOV,HUNTSMAN J,-1,29.481135742470727
2008,VA,SEN,WARNER M,1,21.804352241053937
2008,VA,SEN,GILMORE J,-1,-21.804352241053937
2008,VT,GOV,SYMINGTON G,1,-79.03592774843494
2008,VT,GOV,DOUGLAS J,-1,79.03592774843494
2008,WA,GOV,GREGOIRE C,1,-19.131231722179024
2008,WA,GOV,ROSSI D,-1,19.131231722179024
2008,WV,SEN,ROCKEFELLER J,1,31.895960558669636
2008,WV,GOV,MANCHIN J,1,51.49831988751755
2008,WV,SEN,WOLFE J,-1,-31.895960558669636
2008,WV,GOV,WEEKS R,-1,-51.49831988751755
2008,WY,SEN,ROTHFUSS C,1,-16.43558213410774
2008,WY,SEN,CARTER N,1,-17.2853651750451
2008,WY,HOUSE_AL,TRAUNER G,1,19.308719753145304
2008,WY,SEN,ENZI M,-1,16.43558213410774
2008,WY,SEN,BARRASSO J,-1,17.2853651750451
2008,WY,HOUSE_AL,LUMMIS C,-1,-19.308719753145304
2010,AK,GOV,BERKOWITZ E,1,18.831520471965753
2010,AK,HOUSE_AL,CRAWFORD H,1,0.09000003163867643
2010,AK,GOV,PARNELL S,-1,-18.831520471965753
2010,AK,HOUSE_AL,YOUNG D,-1,-0.09000003163867643
2010,AL,SEN,BARNES W,1,10.990991978863137
2010,AL,GOV,SPARKS R,1,20.291194162445837
2010,AL,SEN,SHELBY R,-1,-10.990991978863137
2010,AL,GOV,BENTLEY R,-1,-20.291194162445837
2010,AR,SEN,LINCOLN B,1,7.156622115986451
2010,AR,GOV,BEEBE M,1,61.58140130530644
2010,AR,SEN,BOOZMAN J,-1,-7.156622115986451
2010,AR,GOV,KEET J,-1,-61.58140130530644
2010,AZ,SEN,GLASSMAN R,1,2.4485277918415083
2010,AZ,GOV,GODDARD T,1,15.131088750169113
2010,AZ,SEN,MCCAIN J,-1,-2.4485277918415083
2010,AZ,GOV,BREWER J,-1,-15.131088750169113
2010,CA,SEN,BOXER B,1,-5.038190095606302
2010,CA,GOV,BROWN J,1,3.374453569278554
2010,CA,SEN,FIORINA C,-1,5.038190095606302
2010,CA,GOV,WHITMAN M,-1,-3.374453569278554
2010,CO,SEN,BENNET M,1,6.93174335298531
2010,CO,SEN,BUCK K,-1,-6.93174335298531
2010,CT,SEN,BLUMENTHAL R,1,3.8114027720841808
2010,CT,GOV,MALLOY D,1,-7.819673631009907
2010,CT,SEN,MCMAHON L,-1,-3.8114027720841808
2010,CT,GOV,FOLEY T,-1,7.819673631009907
2010,DE,SEN,COONS C,1,6.187269536392872
2010,DE,HOUSE_AL,CARNEY J,1,5.121209420643691
2010,DE,SEN,DONNELL C,-1,-6.187269536392872
2010,DE,HOUSE_AL,URQUHART G,-1,-5.121209420643691
2010,FL,GOV,SINK A,1,10.227832568657172
2010,FL,GOV,SCOTT R,-1,-10.227832568657172
2010,GA,SEN,THURMOND M,1,5.122750823230787
2010,GA,GOV,BARNES R,1,9.149393010257382
2010,GA,SEN,ISAKSON J,-1,-5.122750823230787
2010,GA,GOV,DEAL N,-1,-9.149393010257382
2010,HI,SEN,INOUYE D,1,18.159122864618332
2010,HI,GOV,ABERCROMBIE N,1,-14.43668379126552
2010,HI,SEN,CAVASSO C,-1,-18.159122864618332
2010,HI,GOV,AIONA D,-1,14.43668379126552
2010,IA,SEN,CONLIN R,1,-21.78270606067509
2010,IA,GOV,CULVER C,1,-9.888166923634207
2010,IA,SEN,GRASSLEY C,-1,21.78270606067509
2010,IA,GOV,BRANSTAD T,-1,9.888166923634207
2010,ID,SEN,SULLIVAN P,1,-2.3643918513223934
2010,ID,GOV,ALLRED K,1,16.38030739577635
2010,ID,SEN,CRAPO M,-1,2.3643918513223934
2010,ID,GOV,OTTER B,-1,-16.38030739577635
2010,IL,SEN,GIANNOULIAS A,1,-12.852021667302203
2010,IL,GOV,QUINN P,1,-14.688265647410477
2010,IL,SEN,KIRK M,-1,12.852021667302203
2010,IL,GOV,BRADY B,-1,14.688265647410477
2010,IN,SEN,ELLSWORTH B,1,-2.150142661554151
2010,IN,SEN,COATS D,-1,2.150142661554151
2010,KS,SEN,JOHNSTON L,1,-15.780148992727504
2010,KS,GOV,HOLLAND T,1,-3.0315047330586467
2010,KS,SEN,MORAN J,-1,15.780148992727504
2010,KS,GOV,BROWNBACK S,-1,3.0315047330586467
2010,KY,SEN,CONWAY J,1,19.29528631469283
2010,KY,SEN,PAUL R,-1,-19.29528631469283
2010,LA,SEN,MELANCON C,1,18.5863540204356
2010,LA,SEN,VITTER D,-1,-18.5863540204356
2010,MA,GOV,PATRICK D,1,-9.505121753706318
2010,MA,GOV,BAKER C,-1,9.505121753706318
2010,MD,SEN,MIKULSKI B,1,10.046604789578232
2010,MD,GOV,MALLEY M,1,-1.3569083794501697
2010,MD,SEN,WARGOTZ E,-1,-10.046604789578232
2010,MD,GOV,EHRLICH B,-1,1.3569083794501697
2010,MI,GOV,BERNERO V,1,-21.004643068437133
2010,MI,GOV,SNYDER R,-1,21.004643068437133
2010,MN,GOV,DAYTON M,1,4.311468157602563
2010,MN,GOV,EMMER T,-1,-4.311468157602563
2010,MO,SEN,CARNAHAN R,1,0.1040418502444175
2010,MO,SEN,BLUNT R,-1,-0.1040418502444175
2010,MT,HOUSE_AL,MCDONALD D,1,-9.240234042238345
2010,MT,HOUSE_AL,REHBERG D,-1,9.240234042238345
2010,NC,SEN,MARSHALL E,1,7.3545049882615245
2010,NC,SEN,BURR R,-1,-7.3545049882615245
2010,ND,SEN,POTTER T,1,-31.736836736133963
2010,ND,HOUSE_AL,POMEROY E,1,10.985114379714673
2010,ND,SEN,HOEVEN J,-1,31.736836736133963
2010,ND,HOUSE_AL,BERG R,-1,-10.985114379714673
2010,NE,GOV,MEISTER M,1,-13.772462500368235
2010,NE,GOV,HEINEMAN D,-1,13.772462500368235
2010,NH,SEN,HODES P,1,-19.402709636628853
2010,NH,GOV,LYNCH J,1,7.859191660983118
2010,NH,SEN,AYOTTE K,-1,19.402709636628853
2010,NH,GOV,STEPHEN J,-1,-7.859191660983118
2010,NM,GOV,DENISH D,1,-7.727118089001398
2010,NM,GOV,MARTINEZ S,-1,7.727118089001398
2010,NV,SEN,REID H,1,2.190760346721861
2010,NV,GOV,REID R,1,-10.885140226670671
2010,NV,SEN,ANGLE S,-1,-2.190760346721861
2010,NV,GOV,SANDOVAL B,-1,10.885140226670671
2010,NY,SEN,SCHUMER C,1,11.996340802959677
2010,NY,SEN,GILLIBRAND K,1,11.1727138454919
2010,NY,GOV,CUOMO A,1,13.423495841901726
2010,NY,SEN,TOWNSEND J,-1,-11.996340802959677
2010,NY,SEN,DIOGUARDI J,-1,-11.1727138454919
2010,NY,GOV,PALADINO C,-1,-13.423495841901726
2010,OH,SEN,FISHER L,1,-8.480240920413106
2010,OH,GOV,STRICKLAND T,1,3.058373797458901
2010,OH,SEN,PORTMAN R,-1,8.480240920413106
2010,OH,GOV,KASICH J,-1,-3.058373797458901
2010,OK,SEN,ROGERS J,1,5.010539465103067
2010,OK,GOV,ASKINS J,1,24.599550900687483
2010,OK,SEN,COBURN T,-1,-5.010539465103067
2010,OK,GOV,FALLIN M,-1,-24.599550900687483
2010,OR,SEN,WYDEN R,1,10.714329864616056
2010,OR,GOV,KITZHABER J,1,-0.9732545230467706
2010,OR,SEN,HUFFMAN J,-1,-10.714329864616056
2010,OR,GOV,DUDLEY C,-1,0.9732545230467706
2010,PA,SEN,SESTAK J,1,1.8329916428835384
2010,PA,GOV,ONORATO D,1,-5.15001897566842
2010,PA,SEN,TOOMEY P,-1,-1.8329916428835384
2010,PA,GOV,CORBETT T,-1,5.15001897566842
2010,SC,SEN,GREENE A,1,-9.162002045506592
2010,SC,GOV,SHEHEEN V,1,18.82042404287439
2010,SC,SEN,DEMINT J,-1,9.162002045506592
2010,SC,GOV,HALEY N,-1,-18.82042404287439
2010,SD,GOV,HEIDEPRIEM S,1,-0.0991968764687669
2010,SD,HOUSE_AL,SANDLIN S,1,18.231775643611687
2010,SD,GOV,DAUGAARD D,-1,0.0991968764687669
2010,SD,HOUSE_AL,NOEM K,-1,-18.231775643611687
2010,TN,GOV,MCWHERTER M,1,-2.9455066798478846
2010,TN,GOV,HASLAM B,-1,2.9455066798478846
2010,TX,GOV,WHITE B,1,17.628846946493326
2010,TX,GOV,PERRY R,-1,-17.628846946493326
2010,UT,SEN,GRANATO S,1,12.813242011953603
2010,UT,GOV,CORROON P,1,14.320444734113948
2010,UT,SEN,LEE M,-1,-12.813242011953603
2010,UT,GOV,HERBERT G,-1,-14.320444734113948
2010,VT,SEN,LEAHY P,1,6.195407710779113
2010,VT,GOV,SHUMLIN P,1,-21.73820242378767
2010,VT,HOUSE_AL,WELCH P,1,7.891567169341575
2010,VT,SEN,BRITTON L,-1,-6.195407710779113
2010,VT,GOV,DUBIE B,-1,21.73820242378767
2010,VT,HOUSE_AL,BEAUDRY P,-1,-7.891567169341575
2010,WA,SEN,MURRAY P,1,-3.865013251290801
2010,WA,SEN,ROSSI D,-1,3.865013251290801
2010,WI,SEN,FEINGOLD R,1,-10.100456073951037
2010,WI,GOV,BARRETT T,1,-5.672413184465898
2010,WI,SEN,JOHNSON R,-1,10.100456073951037
2010,WI,GOV,WALKER S,-1,5.672413184465898
2010,WV,SEN,MANCHIN J,1,38.0479968411116
2010,WV,SEN,RAESE J,-1,-38.0479968411116
2010,WY,GOV,PETERSEN L,1,-0.8735623771713534
2010,WY,HOUSE_AL,WENDT D,1,1.3236489157011233
2010,WY,GOV,MEAD M,-1,0.8735623771713534
2010,WY,HOUSE_AL,LUMMIS C,-1,-1.3236489157011233
2012,AK,HOUSE_AL,CISSNA S,1,-18.364917263365495
2012,AK,HOUSE_AL,YOUNG D,-1,18.364917263365495
2012,AZ,SEN,CARMONA R,1,8.924775742619506
2012,AZ,SEN,FLAKE J,-1,-8.924775742619506
2012,CA,SEN,FEINSTEIN D,1,-1.2269207717628863
2012,CA,SEN,EMKEN E,-1,1.2269207717628863
2012,CT,SEN,MURPHY C,1,-2.668940645803687
2012,CT,SEN,MCMAHON L,-1,2.668940645803687
2012,DE,SEN,CARPER T,1,17.85964116275928
2012,DE,GOV,MARKELL J,1,21.049256479850012
2012,DE,HOUSE_AL,CARNEY J,1,13.327306550857081
2012,DE,SEN,WADE K,-1,-17.85964116275928
2012,DE,GOV,CRAGG J,-1,-21.049256479850012
2012,DE,HOUSE_AL,KOVACH T,-1,-13.327306550857081
2012,FL,SEN,NELSON B,1,9.930925672556643
2012,FL,SEN,MACK C,-1,-9.930925672556643
2012,HI,SEN,HIRONO M,1,-15.33447855546548
2012,HI,SEN,LINGLE L,-1,15.33447855546548
2012,IN,SEN,DONNELLY J,1,19.38152772978917
2012,IN,GOV,GREGG J,1,10.253191898848211
2012,IN,SEN,MOURDOCK R,-1,-19.38152772978917
2012,IN,GOV,PENCE M,-1,-10.253191898848211
2012,MA,SEN,WARREN E,1,-13.146750911777485
2012,MA,SEN,BROWN S,-1,13.146750911777485
2012,MD,SEN,CARDIN B,1,6.8498506762700355
2012,MD,SEN,BONGINO D,-1,-6.8498506762700355
2012,MI,SEN,STABENOW D,1,9.374607181441636
2012,MI,SEN,HOEKSTRA P,-1,-9.374607181441636
2012,MN,SEN,KLOBUCHAR A,1,25.826283740889608
2012,MN,SEN,BILLS K,-1,-25.826283740889608
2012,MO,SEN,MCCASKILL C,1,23.743033609032487
2012,MO,GOV,NIXON J,1,20.568781636314466
2012,MO,SEN,AKIN W,-1,-23.743033609032487
2012,MO,GOV,SPENCE D,-1,-20.568781636314466
2012,MS,SEN,GORE A,1,2.879438417688782
2012,MS,SEN,WICKER R,-1,-2.879438417688782
2012,MT,SEN,TESTER J,1,15.517688052052547
2012,MT,GOV,BULLOCK S,1,18.60179800150574
2012,MT,HOUSE_AL,GILLAN K,1,5.96374148162292
2012,MT,SEN,REHBERG D,-1,-15.517688052052547
2012,MT,GOV,HILL R,-1,-18.60179800150574
2012,MT,HOUSE_AL,DAINES S,-1,-5.96374148162292
2012,NC,GOV,DALTON W,1,-6.718239301240246
2012,NC,GOV,MCCRORY P,-1,6.718239301240246
2012,ND,SEN,HEITKAMP H,1,24.010801007041163
2012,ND,GOV,TAYLOR R,1,-1.97623931266207
2012,ND,HOUSE_AL,GULLESON P,1,9.435873082227875
2012,ND,SEN,BERG R,-1,-24.010801007041163
2012,ND,GOV,DALRYMPLE J,-1,1.97623931266207
2012,ND,HOUSE_AL,CRAMER K,-1,-9.435873082227875
2012,NE,SEN,KERREY B,1,9.580047602691554
2012,NE,SEN,FISCHER D,-1,-9.580047602691554
2012,NH,GOV,HASSAN M,1,9.66400867462228
2012,NH,GOV,LAMONTAGNE O,-1,-9.66400867462228
2012,NJ,SEN,MENENDEZ R,1,-0.5934746526145087
2012,NJ,SEN,KYRILLOS J,-1,0.5934746526145087
2012,NM,SEN,HEINRICH M,1,-1.7686878124006862
2012,NM,SEN,WILSON H,-1,1.7686878124006862
2012,NV,SEN,BERKLEY S,1,-5.225856759217579
2012,NV,SEN,HELLER D,-1,5.225856759217579
2012,NY,SEN,GILLIBRAND K,1,11.89985542350277
2012,NY,SEN,LONG W,-1,-11.89985542350277
2012,OH,SEN,BROWN S,1,0.731990490181829
2012,OH,SEN,MANDEL J,-1,-0.731990490181829
2012,PA,SEN,CASEY R,1,6.668218688272076
2012,PA,SEN,SMITH T,-1,-6.668218688272076
2012,RI,SEN,WHITEHOUSE S,1,-0.6507876885770667
2012,RI,SEN,HINCKLEY B,-1,0.6507876885770667
2012,SD,HOUSE_AL,VARILEK M,1,8.70766238827769
2012,SD,HOUSE_AL,NOEM K,-1,-8.70766238827769
2012,TN,SEN,CLAYTON M,1,-7.214134561408278
2012,TN,SEN,CORKER B,-1,7.214134561408278
2012,TX,SEN,SADLER P,1,2.57682995918395
2012,TX,SEN,CRUZ T,-1,-2.57682995918395
2012,UT,SEN,HOWELL S,1,20.446737144252616
2012,UT,GOV,COOKE P,1,14.12251040083612
2012,UT,SEN,HATCH O,-1,-20.446737144252616
2012,UT,GOV,HERBERT G,-1,-14.12251040083612
2012,VA,SEN,KAINE T,1,4.850767251114169
2012,VA,SEN,ALLEN G,-1,-4.850767251114169
2012,VT,GOV,SHUMLIN P,1,-16.950380849367974
2012,VT,HOUSE_AL,WELCH P,1,15.156757699020783
2012,VT,GOV,BROCK R,-1,16.950380849367974
2012,VT,HOUSE_AL,DONKA M,-1,-15.156757699020783
2012,WA,SEN,CANTWELL M,1,3.1155184327234906
2012,WA,GOV,INSLEE J,1,-9.386463930702527
2012,WA,SEN,BAUMGARTNER M,-1,-3.1155184327234906
2012,WA,GOV,MCKENNA R,-1,9.386463930702527
2012,WI,SEN,BALDWIN T,1,1.6475732976319488
2012,WI,GOV,BARRETT T,1,-6.397773632869669
2012,WI,SEN,THOMPSON T,-1,-1.6475732976319488
2012,WI,GOV,WALKER S,-1,6.397773632869669
2012,WV,SEN,MANCHIN J,1,49.65324093486685
2012,WV,GOV,TOMBLIN E,1,30.708332864231622
2012,WV,SEN,RAESE J,-1,-49.65324093486685
2012,WV,GOV,MALONEY B,-1,-30.708332864231622
2012,WY,SEN,CHESNUT T,1,-4.905118007112
2012,WY,HOUSE_AL,HENRICHSEN C,1,-1.1098715458602415
2012,WY,SEN,BARRASSO J,-1,4.905118007112
2012,WY,HOUSE_AL,LUMMIS C,-1,1.1098715458602415
2014,AK,SEN,BEGICH M,1,17.032957359899513
2014,AK,HOUSE_AL,DUNBAR F,1,16.127548713833004
2014,AK,SEN,SULLIVAN D,-1,-17.032957359899513
2014,AK,HOUSE_AL,YOUNG D,-1,-16.127548713833004
2014,AL,GOV,GRIFFITH P,1,9.550420027228181
2014,AL,GOV,BENTLEY R,-1,-9.550420027228181
2014,AR,SEN,PRYOR M,1,11.190017379545113
2014,AR,GOV,ROSS M,1,20.036998239933236
2014,AR,SEN,COTTON T,-1,-11.190017379545113
2014,AR,GOV,HUTCHINSON A,-1,-20.036998239933236
2014,AZ,GOV,DUVAL F,1,6.87858059581948
2014,AZ,GOV,DUCEY D,-1,-6.87858059581948
2014,CA,GOV,BROWN J,1,1.8272504533988077
2014,CA,GOV,KASHKARI N,-1,-1.8272504533988077
2014,CO,SEN,UDALL M,1,-2.8815097145170245
2014,CO,GOV,HICKENLOOPER J,1,3.539645364598554
2014,CO,SEN,GARDNER C,-1,2.8815097145170245
2014,CO,GOV,BEAUPREZ B,-1,-3.539645364598554
2014,CT,GOV,MALLOY D,1,-9.444476309312533
2014,CT,GOV,FOLEY T,-1,9.444476309312533
2014,DE,SEN,COONS C,1,-0.3495548249732501
2014,DE,HOUSE_AL,CARNEY J,1,12.30778617196492
2014,DE,SEN,WADE K,-1,0.3495548249732501
2014,DE,HOUSE_AL,IZZO R,-1,-12.30778617196492
2014,FL,GOV,CRIST C,1,12.637948333192359
2014,FL,GOV,SCOTT R,-1,-12.637948333192359
2014,GA,SEN,NUNN M,1,10.154296812036195
2014,GA,GOV,CARTER J,1,14.494367697416967
2014,GA,SEN,PERDUE D,-1,-10.154296812036195
2014,GA,GOV,DEAL N,-1,-14.494367697416967
2014,HI,SEN,SCHATZ B,1,9.82258820646809
2014,HI,GOV,IGE D,1,-19.0161175246972
2014,HI,SEN,CAVASSO C,-1,-9.82258820646809
2014,HI,GOV,AIONA D,-1,19.0161175246972
2014,IA,SEN,BRALEY B,1,-4.544795474215592
2014,IA,GOV,HATCH J,1,-13.879579778181316
2014,IA,SEN,ERNST J,-1,4.544795474215592
2014,IA,GOV,BRANSTAD T,-1,13.879579778181316
2014,ID,SEN,MITCHELL N,1,17.65892253823634
2014,ID,GOV,BALUKOFF A,1,31.23757914901025
2014,ID,SEN,RISCH J,-1,-17.65892253823634
2014,ID,GOV,OTTER B,-1,-31.23757914901025
2014,IL,SEN,DURBIN R,1,-1.2048652072690773
2014,IL,GOV,QUINN P,1,-15.615266041470306
2014,IL,SEN,OBERWEIS J,-1,1.2048652072690773
2014,IL,GOV,RAUNER B,-1,15.615266041470306
2014,KS,GOV,DAVIS P,1,32.941340660487725
2014,KS,GOV,BROWNBACK S,-1,-32.941340660487725
2014,KY,SEN,GRIMES A,1,22.59784307344635
2014,KY,SEN,MCCONNELL M,-1,-22.59784307344635
2014,LA,SEN,LANDRIEU M,1,12.250506198149834
2014,LA,SEN,CASSIDY B,-1,-12.250506198149834
2014,MA,SEN,MARKEY E,1,10.42174929591117
2014,MA,GOV,COAKLEY M,1,-15.500596199687504
2014,MA,SEN,HERR B,-1,-10.42174929591117
2014,MA,GOV,BAKER C,-1,15.500596199687504
2014,MD,GOV,BROWN A,1,-20.33456658629193
2014,MD,GOV,HOGAN L,-1,20.33456658629193
2014,ME,SEN,BELLOWS S,1,-37.22381010395576
2014,ME,GOV,MICHAUD M,1,-6.387144679651261
2014,ME,SEN,COLLINS S,-1,37.22381010395576
2014,ME,GOV,LEPAGE P,-1,6.387144679651261
2014,MI,SEN,PETERS G,1,14.318830558184118
2014,MI,GOV,SCHAUER M,1,0.8818290875340482
2014,MI,SEN,LAND T,-1,-14.318830558184118
2014,MI,GOV,SNYDER R,-1,-0.8818290875340482
2014,MN,SEN,FRANKEN A,1,7.454210315093791
2014,MN,GOV,DAYTON M,1,3.610081590210891
2014,MN,SEN,MCFADDEN M,-1,-7.454210315093791
2014,MN,GOV,JOHNSON J,-1,-3.610081590210891
2014,MS,SEN,CHILDERS T,1,4.5750528450973835
2014,MS,SEN,COCHRAN T,-1,-4.5750528450973835
2014,MT,SEN,CURTIS A,1,6.035155951623729
2014,MT,HOUSE_AL,LEWIS J,1,8.489860592948729
2014,MT,SEN,DAINES S,-1,-6.035155951623729
2014,MT,HOUSE_AL,ZINKE R,-1,-8.489860592948729
2014,NC,SEN,HAGAN K,1,5.112614649724195
2014,NC,SEN,TILLIS T,-1,-5.112614649724195
2014,ND,HOUSE_AL,SINNER G,1,14.449013831461446
2014,ND,HOUSE_AL,CRAMER K,-1,-14.449013831461446
2014,NE,SEN,DOMINA D,1,-1.95217924787719
2014,NE,GOV,HASSEBROOK C,1,13.659454146318296
2014,NE,SEN,SASSE B,-1,1.95217924787719
2014,NE,GOV,RICKETTS P,-1,-13.659454146318296
2014,NH,SEN,SHAHEEN J,1,2.2604543164865643
2014,NH,GOV,HASSAN M,1,4.915388863556004
2014,NH,SEN,BROWN S,-1,-2.2604543164865643
2014,NH,GOV,HAVENSTEIN W,-1,-4.915388863556004
2014,NJ,SEN,BOOKER C,1,5.931697357743844
2014,NJ,SEN,BELL J,-1,-5.931697357743844
2014,NM,SEN,UDALL T,1,5.200083843648672
2014,NM,GOV,KING G,1,-10.417536513825349
2014,NM,SEN,WEH A,-1,-5.200083843648672
2014,NM,GOV,MARTINEZ S,-1,10.417536513825349
2014,NV,GOV,GOODMAN B,1,-41.66020096469043
2014,NV,GOV,SANDOVAL B,-1,41.66020096469043
2014,NY,GOV,CUOMO A,1,-11.713362626524676
2014,NY,GOV,ASTORINO R,-1,11.713362626524676
2014,OH,GOV,FITZGERALD E,1,-20.132259392047303
2014,OH,GOV,KASICH J,-1,20.132259392047303
2014,OK,SEN,SILVERSTEIN M,1,8.150630996884141
2014,OK,SEN,JOHNSON C,1,3.4780022493569334
2014,OK,GOV,DORMAN J,1,32.82825606767807
2014,OK,SEN,INHOFE J,-1,-8.150630996884141
2014,OK,SEN,LANKFORD J,-1,-3.4780022493569334
2014,OK,GOV,FALLIN M,-1,-32.82825606767807
2014,OR,SEN,MERKLEY J,1,12.500958052107206
2014,OR,GOV,KITZHABER J,1,-0.7992488115452749
2014,OR,SEN,WEHBY M,-1,-12.500958052107206
2014,OR,GOV,RICHARDSON D,-1,0.7992488115452749
2014,PA,GOV,WOLF T,1,18.90900477620839
2014,PA,GOV,CORBETT T,-1,-18.90900477620839
2014,RI,SEN,REED J,1,18.045188780907658
2014,RI,GOV,RAIMONDO G,1,-12.108863651114197
2014,RI,SEN,ZACCARIA M,-1,-18.045188780907658
2014,RI,GOV,FUNG A,-1,12.108863651114197
2014,SC,SEN,HUTTO B,1,9.449090441496969
2014,SC,SEN,DICKERSON J,1,-3.770881552270602
2014,SC,GOV,SHEHEEN V,1,10.287018365895658
2014,SC,SEN,GRAHAM L,-1,-9.449090441496969
2014,SC,SEN,SCOTT T,-1,3.770881552270602
2014,SC,GOV,HALEY N,-1,-10.287018365895658
2014,SD,SEN,WEILAND R,1,2.3961688112806705
2014,SD,GOV,WISMER S,1,-14.01828327104187
2014,SD,HOUSE_AL,ROBINSON C,1,-2.2493829218093433
2014,SD,SEN,ROUNDS M,-1,-2.3961688112806705
2014,SD,GOV,DAUGAARD D,-1,14.01828327104187
2014,SD,HOUSE_AL,NOEM K,-1,2.2493829218093433
2014,TN,SEN,BALL G,1,4.167266994323553
2014,TN,GOV,BROWN C,1,-15.745392330685167
2014,TN,SEN,ALEXANDER L,-1,-4.167266994323553
2014,TN,GOV,HASLAM B,-1,15.745392330685167
2014,TX,SEN,ALAMEEL D,1,3.137753378642989
2014,TX,GOV,DAVIS W,1,5.314736456640659
2014,TX,SEN,CORNYN J,-1,-3.137753378642989
2014,TX,GOV,ABBOTT G,-1,-5.314736456640659
2014,VA,SEN,WARNER M,1,1.5705265085629438
2014,VA,SEN,GILLESPIE E,-1,-1.5705265085629438
2014,VT,GOV,SHUMLIN P,1,-29.5008798454668
2014,VT,HOUSE_AL,WELCH P,1,6.247525883471028
2014,VT,GOV,MILNE S,-1,29.5008798454668
2014,VT,HOUSE_AL,DONKA M,-1,-6.247525883471028
2014,WI,GOV,BURKE M,1,1.8826154431653235
2014,WI,GOV,WALKER S,-1,-1.8826154431653235
2014,WV,SEN,TENNANT N,1,8.789399031343034
2014,WV,SEN,CAPITO S,-1,-8.789399031343034
2014,WY,SEN,HARDY C,1,-3.278137257800841
2014,WY,GOV,GOSAR P,1,19.86991934974772
2014,WY,HOUSE_AL,GRAYSON R,1,4.8171179776757524
2014,WY,SEN,ENZI M,-1,3.278137257800841
2014,WY,GOV,MEAD M,-1,-19.86991934974772
2014,WY,HOUSE_AL,LUMMIS C,-1,-4.8171179776757524
2016,AK,HOUSE_AL,LINDBECK S,1,5.926904135701501
2016,AK,HOUSE_AL,YOUNG D,-1,-5.926904135701501
2016,AL,SEN,CRUMPTON R,1,9.424032591441753
2016,AL,SEN,SHELBY R,-1,-9.424032591441753
2016,AR,SEN,ELDRIDGE C,1,12.78783394031075
2016,AR,SEN,BOOZMAN J,-1,-12.78783394031075
2016,AZ,SEN,KIRKPATRICK A,1,-1.1451887961671723
2016,AZ,SEN,MCCAIN J,-1,1.1451887961671723
2016,CO,SEN,BENNET M,1,-1.3415340834285345
2016,CO,SEN,GLENN D,-1,1.3415340834285345
2016,CT,SEN,BLUMENTHAL R,1,12.944863572241067
2016,CT,SEN,CARTER D,-1,-12.944863572241067
2016,DE,GOV,CARNEY J,1,11.008727041570785
2016,DE,HOUSE_AL,ROCHESTER L,1,6.511319384611074
2016,DE,GOV,BONINI C,-1,-11.008727041570785
2016,DE,HOUSE_AL,REIGLE H,-1,-6.511319384611074
2016,FL,SEN,MURPHY P,1,2.0927407772789053
2016,FL,SEN,RUBIO M,-1,-2.0927407772789053
2016,GA,SEN,BARKSDALE J,1,-0.21226256026546864
2016,GA,SEN,ISAKSON J,-1,0.21226256026546864
2016,HI,SEN,SCHATZ B,1,16.720839826299766
2016,HI,SEN,CARROLL J,-1,-16.720839826299766
2016,IA,SEN,JUDGE P,1,-6.577208080697513
2016,IA,SEN,GRASSLEY C,-1,6.577208080697513
2016,ID,SEN,STURGILL J,1,4.516775411853965
2016,ID,SEN,CRAPO M,-1,-4.516775411853965
2016,IL,SEN,DUCKWORTH T,1,6.711226312251801
2016,IL,SEN,KIRK M,-1,-6.711226312251801
2016,IN,SEN,BAYH E,1,13.389507330536569
2016,IN,GOV,GREGG J,1,17.452498280767763
2016,IN,SEN,YOUNG T,-1,-13.389507330536569
2016,IN,GOV,HOLCOMB E,-1,-17.452498280767763
2016,KS,SEN,WIESNER P,1,-0.6693957514225719
2016,KS,SEN,MORAN J,-1,0.6693957514225719
2016,KY,SEN,GRAY J,1,25.608379944978445
2016,KY,SEN,PAUL R,-1,-25.608379944978445
2016,LA,SEN,CAMPBELL F,1,-3.710029831238504
2016,LA,SEN,KENNEDY J,-1,3.710029831238504
2016,MD,SEN,HOLLEN C,1,1.5047538324738987
2016,MD,SEN,SZELIGA K,-1,-1.5047538324738987
2016,MO,SEN,KANDER J,1,25.531810754416227
2016,MO,GOV,KOSTER C,1,17.365654431666137
2016,MO,SEN,BLUNT R,-1,-25.531810754416227
2016,MO,GOV,GREITENS E,-1,-17.365654431666137
2016,MT,GOV,BULLOCK S,1,25.16864701046705
2016,MT,HOUSE_AL,JUNEAU D,1,11.76565489649973
2016,MT,GOV,GIANFORTE G,-1,-25.16864701046705
2016,MT,HOUSE_AL,ZINKE R,-1,-11.76565489649973
2016,NC,SEN,ROSS D,1,6.7165978387292995
2016,NC,GOV,COOPER R,1,11.928216924132187
2016,NC,SEN,BURR R,-1,-6.7165978387292995
2016,NC,GOV,MCCRORY P,-1,-11.928216924132187
2016,ND,SEN,GLASSHEIM E,1,-16.0098954589903
2016,ND,GOV,NELSON M,1,-16.506476606039897
2016,ND,HOUSE_AL,EYES C,1,-3.5278867601130175
2016,ND,SEN,HOEVEN J,-1,16.0098954589903
2016,ND,GOV,BURGUM D,-1,16.506476606039897
2016,ND,HOUSE_AL,CRAMER K,-1,3.5278867601130175
2016,NH,SEN,HASSAN M,1,8.565756533567729
2016,NH,GOV,OSTERN C,1,0.7160897898580076
2016,NH,SEN,AYOTTE K,-1,-8.565756533567729
2016,NH,GOV,SUNUNU C,-1,-0.7160897898580076
2016,NV,SEN,MASTO C,1,3.475126888289641
2016,NV,SEN,HECK J,-1,-3.475126888289641
2016,NY,SEN,SCHUMER C,1,15.619459124976034
2016,NY,SEN,LONG W,-1,-15.619459124976034
2016,OH,SEN,STRICKLAND T,1,-4.575185499505963
2016,OH,SEN,PORTMAN R,-1,4.575185499505963
2016,OK,SEN,WORKMAN M,1,0.6737859862113238
2016,OK,SEN,LANKFORD J,-1,-0.6737859862113238
2016,OR,SEN,WYDEN R,1,11.556190465337393
2016,OR,GOV,BROWN K,1,-5.9644536740613185
2016,OR,SEN,CALLAHAN M,-1,-11.556190465337393
2016,OR,GOV,PIERCE B,-1,5.9644536740613185
2016,PA,SEN,MCGINTY K,1,8.076937589194142
2016,PA,SEN,TOOMEY P,-1,-8.076937589194142
2016,SC,SEN,DIXON T,1,-0.5092072900390843
2016,SC,SEN,SCOTT T,-1,0.5092072900390843
2016,SD,SEN,WILLIAMS J,1,-2.895780660776607
2016,SD,HOUSE_AL,HAWKS P,1,9.454370740113049
2016,SD,SEN,THUNE J,-1,2.895780660776607
2016,SD,HOUSE_AL,NOEM K,-1,-9.454370740113049
2016,UT,SEN,SNOW M,1,-9.575070893409608
2016,UT,GOV,WEINHOLTZ M,1,-7.1502620852917715
2016,UT,SEN,LEE M,-1,9.575070893409608
2016,UT,GOV,HERBERT G,-1,7.1502620852917715
2016,VT,SEN,LEAHY P,1,-2.410026335489091
2016,VT,GOV,MINTER S,1,-35.916461529872315
2016,VT,SEN,MILNE S,-1,2.410026335489091
2016,VT,GOV,SCOTT P,-1,35.916461529872315
2016,WA,SEN,MURRAY P,1,-1.5316151693650042
2016,WA,GOV,INSLEE J,1,-9.931457525333073
2016,WA,SEN,VANCE C,-1,1.5316151693650042
2016,WA,GOV,BRYANT B,-1,9.931457525333073
2016,WI,SEN,FEINGOLD R,1,6.165675566788718
2016,WI,SEN,JOHNSON R,-1,-6.165675566788718
2016,WV,GOV,JUSTICE J,1,55.178155787076605
2016,WV,GOV,COLE B,-1,-55.178155787076605
2016,WY,HOUSE_AL,GREENE R,1,19.984306821454886
2016,WY,HOUSE_AL,CHENEY L,-1,-19.984306821454886
2018,AK,GOV,BEGICH M,1,3.065165920956975
2018,AK,HOUSE_AL,GALVIN A,1,6.059437915832732
2018,AK,GOV,DUNLEAVY M,-1,-3.065165920956975
2018,AK,HOUSE_AL,YOUNG D,-1,-6.059437915832732
2018,AL,GOV,MADDOX W,1,7.729913920441575
2018,AL,GOV,IVEY K,-1,-7.729913920441575
2018,AR,GOV,HENDERSON J,1,-7.829493701878569
2018,AR,GOV,HUTCHINSON A,-1,7.829493701878569
2018,AZ,SEN,SINEMA K,1,-0.2180557699506105
2018,AZ,GOV,GARCIA D,1,-12.640440658950382
2018,AZ,SEN,MCSALLY M,-1,0.2180557699506105
2018,AZ,GOV,DUCEY D,-1,12.640440658950382
2018,CA,GOV,NEWSOM G,1,-14.855695233820558
2018,CA,GOV,COX J,-1,14.855695233820558
2018,CO,GOV,POLIS J,1,-0.7472098750146436
2018,CO,GOV,STAPLETON W,-1,0.7472098750146436
2018,CT,SEN,MURPHY C,1,-5.673772187111814
2018,CT,GOV,LAMONT N,1,-17.33506884816004
2018,CT,SEN,COREY M,-1,5.673772187111814
2018,CT,GOV,STEFANOWSKI B,-1,17.33506884816004
2018,DE,SEN,CARPER T,1,-1.1574890472771475
2018,DE,HOUSE_AL,ROCHESTER L,1,8.211442874181309
2018,DE,SEN,ARLETT R,-1,1.1574890472771475
2018,DE,HOUSE_AL,WALKER S,-1,-8.211442874181309
2018,FL,SEN,NELSON B,1,-10.684101558887765
2018,FL,GOV,GILLUM A,1,-5.56644150240497
2018,FL,SEN,SCOTT R,-1,10.684101558887765
2018,FL,GOV,DESANTIS R,-1,5.56644150240497
2018,GA,GOV,ABRAMS S,1,-2.491050363895787
2018,GA,GOV,KEMP B,-1,2.491050363895787
2018,HI,SEN,HIRONO M,1,-4.379733355330233
2018,HI,GOV,IGE D,1,-15.698941497564483
2018,HI,SEN,CURTIS R,-1,4.379733355330233
2018,HI,GOV,TUPOLA A,-1,15.698941497564483
2018,IA,GOV,HUBBELL F,1,5.364855856808325
2018,IA,GOV,REYNOLDS K,-1,-5.364855856808325
2018,ID,GOV,JORDAN P,1,8.18028288671977
2018,ID,GOV,LITTLE B,-1,-8.18028288671977
2018,IL,GOV,PRITZKER J,1,-3.111918558937017
2018,IL,GOV,RAUNER B,-1,3.111918558937017
2018,IN,SEN,DONNELLY J,1,2.2724616844602794
2018,IN,SEN,BRAUN M,-1,-2.2724616844602794
2018,KS,GOV,KELLY L,1,21.318192031358038
2018,KS,GOV,KOBACH K,-1,-21.318192031358038
2018,MA,SEN,WARREN E,1,-16.062932350285195
2018,MA,GOV,GONZALEZ J,1,-64.80261393484145
2018,MA,SEN,DIEHL G,-1,16.062932350285195
2018,MA,GOV,BAKER C,-1,64.80261393484145
2018,MD,SEN,CARDIN B,1,-3.5155819449665007
2018,MD,GOV,JEALOUS B,1,-41.8645650035478
2018,MD,SEN,CAMPBELL T,-1,3.5155819449665007
2018,MD,GOV,HOGAN L,-1,41.8645650035478
2018,ME,GOV,MILLS J,1,-1.410052134634853
2018,ME,GOV,MOODY S,-1,1.410052134634853
2018,MI,SEN,STABENOW D,1,-4.92677940308209
2018,MI,GOV,WHITMER G,1,3.7329895020571433
2018,MI,SEN,JAMES J,-1,4.92677940308209
2018,MI,GOV,SCHUETTE B,-1,-3.7329895020571433
2018,MN,SEN,KLOBUCHAR A,1,11.500825046177665
2018,MN,SEN,SMITH T,1,3.077978235949697
2018,MN,GOV,WALZ T,1,3.787670287590084
2018,MN,SEN,NEWBERGER J,-1,-11.500825046177665
2018,MN,SEN,HOUSLEY K,-1,-3.077978235949697
2018,MN,GOV,JOHNSON J,-1,-3.787670287590084
2018,MO,SEN,MCCASKILL C,1,1.8412345930295873
2018,MO,SEN,HAWLEY J,-1,-1.8412345930295873
2018,MS,SEN,BARIA D,1,-2.232415780210065
2018,MS,SEN,ESPY M,1,4.513927500468894
2018,MS,SEN,WICKER R,-1,2.232415780210065
2018,MS,SEN,SMITH C,-1,-4.513927500468894
2018,MT,SEN,TESTER J,1,14.07699032946532
2018,MT,HOUSE_AL,WILLIAMS K,1,11.048722599251846
2018,MT,SEN,ROSENDALE M,-1,-14.07699032946532
2018,MT,HOUSE_AL,GIANFORTE G,-1,-11.048722599251846
2018,ND,SEN,HEITKAMP H,1,16.91382090218265
2018,ND,HOUSE_AL,SCHNEIDER M,1,7.5032758733559
2018,ND,SEN,CRAMER K,-1,-16.91382090218265
2018,ND,HOUSE_AL,ARMSTRONG K,-1,-7.5032758733559
2018,NE,SEN,RAYBOULD J,1,6.301065938192719
2018,NE,GOV,KRIST B,1,7.196094077994346
2018,NE,SEN,FISCHER D,-1,-6.301065938192719
2018,NE,GOV,RICKETTS P,-1,-7.196094077994346
2018,NH,GOV,KELLY M,1,-9.50143286053336
2018,NH,GOV,SUNUNU C,-1,9.50143286053336
2018,NJ,SEN,MENENDEZ R,1,-14.823223844295445
2018,NJ,SEN,HUGIN B,-1,14.823223844295445
2018,NM,SEN,HEINRICH M,1,6.7360393235865335
2018,NM,GOV,GRISHAM M,1,-1.3008440170090108
2018,NM,SEN,RICH M,-1,-6.7360393235865335
2018,NM,GOV,PEARCE S,-1,1.3008440170090108
2018,NV,SEN,ROSEN J,1,1.6608752601415961
2018,NV,GOV,SISOLAK S,1,-4.657211531097823
2018,NV,SEN,HELLER D,-1,-1.6608752601415961
2018,NV,GOV,LAXALT A,-1,4.657211531097823
2018,NY,SEN,GILLIBRAND K,1,-4.622933357556848
2018,NY,GOV,CUOMO A,1,-13.296379882775842
2018,NY,SEN,FARLEY C,-1,4.622933357556848
2018,NY,GOV,MOLINARO M,-1,13.296379882775842
2018,OH,SEN,BROWN S,1,3.5834575449244976
2018,OH,GOV,CORDRAY R,1,-1.6743896284865063
2018,OH,SEN,RENACCI J,-1,-3.5834575449244976
2018,OH,GOV,DEWINE M,-1,1.6743896284865063
2018,OK,GOV,EDMONDSON D,1,19.67136022466854
2018,OK,GOV,STITT K,-1,-19.67136022466854
2018,OR,GOV,BROWN K,1,-16.373325200862666
2018,OR,GOV,BUEHLER K,-1,16.373325200862666
2018,PA,SEN,CASEY R,1,2.0373815590786517
2018,PA,GOV,WOLF T,1,7.212223557990088
2018,PA,SEN,BARLETTA L,-1,-2.0373815590786517
2018,PA,GOV,WAGNER S,-1,-7.212223557990088
2018,RI,SEN,WHITEHOUSE S,1,-5.2611882210222
2018,RI,GOV,RAIMONDO G,1,-10.371441843702698
2018,RI,SEN,FLANDERS R,-1,5.2611882210222
2018,RI,GOV,FUNG A,-1,10.371441843702698
2018,SC,GOV,SMITH J,1,4.913150464579138
2018,SC,GOV,MCMASTER H,-1,-4.913150464579138
2018,SD,GOV,SUTTON B,1,22.096186148432743
2018,SD,HOUSE_AL,BJORKMAN T,1,0.29249920633666804
2018,SD,GOV,NOEM K,-1,-22.096186148432743
2018,SD,HOUSE_AL,JOHNSON D,-1,-0.29249920633666804
2018,TN,SEN,BREDESEN P,1,9.912227788219068
2018,TN,GOV,DEAN K,1,-0.6592326857675062
2018,TN,SEN,BLACKBURN M,-1,-9.912227788219068
2018,TN,GOV,LEE B,-1,0.6592326857675062
2018,TX,SEN,ROURKE B,1,5.839715510361533
2018,TX,GOV,VALDEZ L,1,-6.002813165356796
2018,TX,SEN,CRUZ T,-1,-5.839715510361533
2018,TX,GOV,ABBOTT G,-1,6.002813165356796
2018,UT,SEN,WILSON J,1,-15.512397559535088
2018,UT,SEN,ROMNEY M,-1,15.512397559535088
2018,VA,SEN,KAINE T,1,-1.1321061217008914
2018,VA,SEN,STEWART C,-1,1.1321061217008914
2018,VT,GOV,HALLQUIST C,1,-47.99537723625311
2018,VT,HOUSE_AL,WELCH P,1,6.382508790377739
2018,VT,GOV,SCOTT P,-1,47.99537723625311
2018,VT,HOUSE_AL,TYNIO A,-1,-6.382508790377739
2018,WA,SEN,CANTWELL M,1,-12.505596698631214
2018,WA,SEN,HUTCHISON S,-1,12.505596698631214
2018,WI,SEN,BALDWIN T,1,-0.14615106773931874
2018,WI,GOV,EVERS T,1,0.040319433316614806
2018,WI,SEN,VUKMIR L,-1,0.14615106773931874
2018,WI,GOV,WALKER S,-1,-0.040319433316614806
2018,WV,SEN,MANCHIN J,1,35.91226826788437
2018,WV,SEN,MORRISEY P,-1,-35.91226826788437
2018,WY,SEN,TRAUNER G,1,12.433194598543155
2018,WY,GOV,THRONE M,1,3.150919993667728
2018,WY,HOUSE_AL,HUNTER G,1,11.083435401111775
2018,WY,SEN,BARRASSO J,-1,-12.433194598543155
2018,WY,GOV,GORDON M,-1,-3.150919993667728
2018,WY,HOUSE_AL,CHENEY L,-1,-11.083435401111775
2020,AK,SEN,GROSS A,1,3.9280093761048587
2020,AK,HOUSE_AL,GALVIN A,1,5.018963633636731
2020,AK,SEN,SULLIVAN D,-1,-3.9280093761048587
2020,AK,HOUSE_AL,YOUNG D,-1,-5.018963633636731
2020,AL,SEN,JONES D,1,6.793147487342402
2020,AL,SEN,TUBERVILLE T,-1,-6.793147487342402
2020,AZ,SEN,KELLY M,1,3.396533231705041
2020,AZ,SEN,MCSALLY M,-1,-3.396533231705041
2020,CO,SEN,HICKENLOOPER J,1,2.429879545874968
2020,CO,SEN,GARDNER C,-1,-2.429879545874968
2020,DE,SEN,COONS C,1,-1.1601345372959155
2020,DE,GOV,CARNEY J,1,-1.0853486557070653
2020,DE,HOUSE_AL,ROCHESTER L,1,-2.4013943789105054
2020,DE,SEN,WITZKE L,-1,1.1601345372959155
2020,DE,GOV,MURRAY J,-1,1.0853486557070653
2020,DE,HOUSE_AL,MURPHY L,-1,2.4013943789105054
2020,GA,SEN,OSSOFF J,1,4.703404988651139
2020,GA,SEN,WARNOCK R,1,0.1296081105319562
2020,GA,SEN,PERDUE D,-1,-4.703404988651139
2020,GA,SEN,LOEFFLER K,-1,-0.1296081105319562
2020,IA,SEN,GREENFIELD T,1,8.33062846121209
2020,IA,SEN,ERNST J,-1,-8.33062846121209
2020,ID,SEN,JORDAN P,1,7.876006951819948
2020,ID,SEN,RISCH J,-1,-7.876006951819948
2020,IL,SEN,DURBIN R,1,-4.224996733323442
2020,IL,SEN,CURRAN M,-1,4.224996733323442
2020,IN,GOV,MYERS W,1,-5.286058726418393
2020,IN,GOV,HOLCOMB E,-1,5.286058726418393
2020,KS,SEN,BOLLIER B,1,4.312270332201006
2020,KS,SEN,MARSHALL R,-1,-4.312270332201006
2020,KY,SEN,MCGRATH A,1,12.815013383970419
2020,KY,SEN,MCCONNELL M,-1,-12.815013383970419
2020,LA,SEN,PERKINS A,1,-1.1459512782362484
2020,LA,SEN,CASSIDY B,-1,1.1459512782362484
2020,MA,SEN,MARKEY E,1,-4.8914443534719485
2020,MA,SEN,CONNER K,-1,4.8914443534719485
2020,ME,SEN,GIDEON S,1,-11.78453938781839
2020,ME,SEN,COLLINS S,-1,11.78453938781839
2020,MI,SEN,PETERS G,1,-5.146484989306387
2020,MI,SEN,JAMES J,-1,5.146484989306387
2020,MN,SEN,SMITH T,1,-5.636221229390344
2020,MN,SEN,LEWIS J,-1,5.636221229390344
2020,MO,GOV,GALLOWAY N,1,4.766073778083875
2020,MO,GOV,PARSON M,-1,-4.766073778083875
2020,MS,SEN,ESPY M,1,13.378080670910354
2020,MS,SEN,SMITH C,-1,-13.378080670910354
2020,MT,SEN,BULLOCK S,1,13.533387329284325
2020,MT,GOV,COONEY M,1,4.824375495463078
2020,MT,HOUSE_AL,WILLIAMS K,1,5.3849988610320025
2020,MT,SEN,DAINES S,-1,-13.533387329284325
2020,MT,GOV,GIANFORTE G,-1,-4.824375495463078
2020,MT,HOUSE_AL,ROSENDALE M,-1,-5.3849988610320025
2020,NC,SEN,CUNNINGHAM C,1,6.305109771822037
2020,NC,GOV,COOPER R,1,2.8002416298553774
2020,NC,SEN,TILLIS T,-1,-6.305109771822037
2020,NC,GOV,FOREST D,-1,-2.8002416298553774
2020,ND,GOV,LENZ S,1,-4.000080123541636
2020,ND,HOUSE_AL,RAKNERUD Z,1,-4.8095935647485435
2020,ND,GOV,BURGUM D,-1,4.000080123541636
2020,ND,HOUSE_AL,ARMSTRONG K,-1,4.8095935647485435
2020,NE,SEN,JANICEK C,1,-17.620302016296804
2020,NE,SEN,SASSE B,-1,17.620302016296804
2020,NH,SEN,SHAHEEN J,1,4.4959811226227995
2020,NH,GOV,FELTES D,1,-33.81608791524115
2020,NH,SEN,MESSNER C,-1,-4.4959811226227995
2020,NH,GOV,SUNUNU C,-1,33.81608791524115
2020,NJ,SEN,BOOKER C,1,-3.56407889651579
2020,NJ,SEN,MEHTA R,-1,3.56407889651579
2020,NM,SEN,LUJAN B,1,-3.4023962477605885
2020,NM,SEN,RONCHETTI M,-1,3.4023962477605885
2020,OK,SEN,BROYLES A,1,9.118405524916847
2020,OK,SEN,INHOFE J,-1,-9.118405524916847
2020,OR,SEN,MERKLEY J,1,-2.376193529728601
2020,OR,SEN,PERKINS J,-1,2.376193529728601
2020,RI,SEN,REED J,1,7.944478460004396
2020,RI,SEN,WATERS A,-1,-7.944478460004396
2020,SC,SEN,HARRISON J,1,8.200733662357596
2020,SC,SEN,GRAHAM L,-1,-8.200733662357596
2020,SD,SEN,AHLERS D,1,2.1624132214848673
2020,SD,SEN,ROUNDS M,-1,-2.1624132214848673
2020,TN,SEN,BRADSHAW M,1,-2.751456219205909
2020,TN,SEN,HAGERTY B,-1,2.751456219205909
2020,TX,SEN,HEGAR M,1,2.5257490561839164
2020,TX,SEN,CORNYN J,-1,-2.5257490561839164
2020,UT,GOV,PETERSON C,1,-12.297672622850556
2020,UT,GOV,COX S,-1,12.297672622850556
2020,VA,SEN,WARNER M,1,-2.250196941386088
2020,VA,SEN,GADE D,-1,2.250196941386088
2020,VT,GOV,ZUCKERMAN D,1,-73.74128750892963
2020,VT,HOUSE_AL,WELCH P,1,5.194397006440224
2020,VT,GOV,SCOTT P,-1,73.74128750892963
2020,VT,HOUSE_AL,BERRY M,-1,-5.194397006440224
2020,WA,GOV,INSLEE J,1,-9.447035859284394
2020,WA,GOV,CULP L,-1,9.447035859284394
2020,WV,SEN,SWEARENGIN P,1,1.8682699506876919
2020,WV,GOV,SALANGO B,1,9.921459163686208
2020,WV,SEN,CAPITO S,-1,-1.8682699506876919
2020,WV,GOV,JUSTICE J,-1,-9.921459163686208
2020,WY,HOUSE_AL,BULL L,1,1.3978115744140807
2020,WY,HOUSE_AL,CHENEY L,-1,-1.3978115744140807
2022,AK,GOV,GARA L,1,-12.694849117563411
2022,AK,HOUSE_AL,PELTOLA M,1,17.5184684864625
2022,AK,GOV,DUNLEAVY M,-1,12.694849117563411
2022,AK,HOUSE_AL,PALIN S,-1,-17.5184684864625
2022,AL,SEN,BOYD W,1,-3.515224114390911
2022,AL,GOV,FLOWERS Y,1,-1.5922086340909374
2022,AL,SEN,BRITT K,-1,3.515224114390911
2022,AL,GOV,IVEY K,-1,1.5922086340909374
2022,AR,SEN,JAMES N,1,5.356996896867466
2022,AR,GOV,JONES C,1,7.430304736258474
2022,AR,SEN,BOOZMAN J,-1,-5.356996896867466
2022,AR,GOV,SANDERS S,-1,-7.430304736258474
2022,AZ,SEN,KELLY M,1,6.592660897728516
2022,AZ,GOV,HOBBS K,1,7.601347123459197
2022,AZ,SEN,MASTERS B,-1,-6.592660897728516
2022,AZ,GOV,LAKE K,-1,-7.601347123459197
2022,CA,SEN,PADILLA A,1,-0.3738058626132563
2022,CA,SEN,PADILLA A,1,-0.715672201751623
2022,CA,GOV,NEWSOM G,1,-8.6028122396173
2022,CA,SEN,MEUSER M,-1,0.3738058626132563
2022,CA,SEN,MEUSER M,-1,0.715672201751623
2022,CA,GOV,DAHLE B,-1,8.6028122396173
2022,CO,SEN,BENNET M,1,3.085617883595477
2022,CO,GOV,POLIS J,1,8.692721548294594
2022,CO,SEN,DEA J,-1,-3.085617883595477
2022,CO,GOV,GANAHL H,-1,-8.692721548294594
2022,CT,GOV,LAMONT N,1,-4.557933304932314
2022,CT,GOV,STEFANOWSKI B,-1,4.557933304932314
2022,DE,HOUSE_AL,ROCHESTER L,1,-1.5370120394032023
2022,DE,HOUSE_AL,MURPHY L,-1,1.5370120394032023
2022,FL,SEN,DEMINGS V,1,-0.48307518845541964
2022,FL,GOV,CRIST C,1,-4.312582809693216
2022,FL,SEN,RUBIO M,-1,0.48307518845541964
2022,FL,GOV,DESANTIS R,-1,4.312582809693216
2022,GA,SEN,WARNOCK R,1,2.653765173950335
2022,GA,GOV,ABRAMS S,1,4.023481065266098
2022,GA,SEN,WALKER H,-1,-2.653765173950335
2022,GA,GOV,KEMP B,-1,-4.023481065266098
2022,HI,SEN,BRIAN S,1,23.70281421256208
2022,HI,GOV,GREEN J,1,3.649681188688071
2022,HI,SEN,BOB M,-1,-23.70281421256208
2022,HI,GOV,AIONA D,-1,-3.649681188688071
2022,IA,SEN,FRANKEN M,1,8.884696102800461
2022,IA,GOV,DEJEAR D,1,1.2071776766329663
2022,IA,SEN,GRASSLEY C,-1,-8.884696102800461
2022,IA,GOV,REYNOLDS K,-1,-1.2071776766329663
2022,ID,SEN,ROTH D,1,8.748264509983793
2022,ID,GOV,HEIDT S,1,-6.183178915651183
2022,ID,SEN,CRAPO M,-1,-8.748264509983793
2022,ID,GOV,LITTLE B,-1,6.183178915651183
2022,IL,GOV,PRITZKER J,1,-1.6562116190450382
2022,IL,GOV,BAILEY D,-1,1.6562116190450382
2022,IN,SEN,MCDERMOTT T,1,7.609555458364079
2022,IN,SEN,YOUNG T,-1,-7.609555458364079
2022,KS,SEN,HOLLAND M,1,4.038580864123594
2022,KS,GOV,KELLY L,1,20.07459426570781
2022,KS,SEN,MORAN J,-1,-4.038580864123594
2022,KS,GOV,SCHMIDT D,-1,-20.07459426570781
2022,KY,SEN,BOOKER C,1,15.495409793911385
2022,KY,SEN,PAUL R,-1,-15.495409793911385
2022,LA,SEN,CHAMBERS G,1,2.497734217230492
2022,LA,SEN,KENNEDY J,-1,-2.497734217230492
2022,MA,GOV,HEALEY M,1,2.68716674221502
2022,MA,GOV,DIEHL G,-1,-2.68716674221502
2022,MD,GOV,MOORE W,1,6.797289058340606
2022,MD,GOV,COX D,-1,-6.797289058340606
2022,ME,GOV,MILLS J,1,7.031795609249134
2022,ME,GOV,LEPAGE P,-1,-7.031795609249134
2022,MI,GOV,WHITMER G,1,10.760249516476144
2022,MI,GOV,DIXON T,-1,-10.760249516476144
2022,MN,GOV,WALZ T,1,3.482319613893054
2022,MN,GOV,JENSEN S,-1,-3.482319613893054
2022,MO,SEN,VALENTINE T,1,9.334005896783884
2022,MO,SEN,SCHMITT E,-1,-9.334005896783884
2022,NC,SEN,BEASLEY C,1,5.38412232945142
2022,NC,SEN,BUDD T,-1,-5.38412232945142
2022,ND,SEN,CHRISTIANSEN K,1,8.535520199526603
2022,ND,SEN,HOEVEN J,-1,-8.535520199526603
2022,NE,GOV,BLOOD C,1,2.508114974921277
2022,NE,GOV,PILLEN J,-1,-2.508114974921277
2022,NH,SEN,HASSAN M,1,3.768263486287319
2022,NH,GOV,SHERMAN T,1,-11.385838963498598
2022,NH,SEN,BOLDUC D,-1,-3.768263486287319
2022,NH,GOV,SUNUNU C,-1,11.385838963498598
2022,NM,GOV,GRISHAM M,1,-1.6645927725413263
2022,NM,GOV,RONCHETTI M,-1,1.6645927725413263
2022,NV,SEN,CATHERINE C,1,5.670633587175743
2022,NV,GOV,SISOLAK S,1,-1.192098287859893
2022,NV,SEN,PAUL L,-1,-5.670633587175743
2022,NV,GOV,LOMBARDO J,-1,1.192098287859893
2022,NY,SEN,SCHUMER C,1,-7.443589977620624
2022,NY,GOV,HOCHUL K,1,-14.218659304306652
2022,NY,SEN,PINION J,-1,7.443589977620624
2022,NY,GOV,ZELDIN L,-1,14.218659304306652
2022,OH,SEN,RYAN T,1,9.353950927516465
2022,OH,GOV,WHALEY N,1,-5.081694423277536
2022,OH,SEN,VANCE J,-1,-9.353950927516465
2022,OH,GOV,DEWINE M,-1,5.081694423277536
2022,OK,SEN,HORN M,1,13.188438614200154
2022,OK,SEN,HORN K,1,13.843364793801308
2022,OK,GOV,HOFMEISTER J,1,31.70331992820576
2022,OK,SEN,LANKFORD J,-1,-13.188438614200154
2022,OK,SEN,MULLIN M,-1,-13.843364793801308
2022,OK,GOV,STITT K,-1,-31.70331992820576
2022,OR,SEN,RON W,1,6.109224908000682
2022,OR,GOV,KOTEK T,1,-5.546544107267179
2022,OR,SEN,RAE P,-1,-6.109224908000682
2022,OR,GOV,DRAZAN C,-1,5.546544107267179
2022,PA,SEN,FETTERMAN J,1,11.171695505977391
2022,PA,GOV,SHAPIRO J,1,21.207883058742727
2022,PA,SEN,OZ M,-1,-11.171695505977391
2022,PA,GOV,MASTRIANO D,-1,-21.207883058742727
2022,RI,GOV,MCKEE D,1,1.2443898873530337
2022,RI,GOV,KALUS A,-1,-1.2443898873530337
2022,SC,SEN,MATTHEWS K,1,-1.3282588039741388
2022,SC,GOV,CUNNINGHAM J,1,6.056891948493359
2022,SC,SEN,SCOTT T,-1,1.3282588039741388
2022,SC,GOV,MCMASTER H,-1,-6.056891948493359
2022,SD,SEN,BENGS B,1,-5.809537012242904
2022,SD,GOV,SMITH J,1,11.112553744175486
2022,SD,SEN,THUNE J,-1,5.809537012242904
2022,SD,GOV,NOEM K,-1,-11.112553744175486
2022,TN,GOV,MARTIN J,1,2.750714825032535
2022,TN,GOV,LEE B,-1,-2.750714825032535
2022,TX,GOV,ROURKE B,1,6.432886592561596
2022,TX,GOV,ABBOTT G,-1,-6.432886592561596
2022,VT,SEN,WELCH P,1,12.626016064611552
2022,VT,GOV,SIEGEL B,1,-74.36142169562525
2022,VT,HOUSE_AL,BALINT B,1,9.202499960503534
2022,VT,SEN,MALLOY G,-1,-12.626016064611552
2022,VT,GOV,SCOTT P,-1,74.36142169562525
2022,VT,HOUSE_AL,MADDEN L,-1,-9.202499960503534
2022,WA,SEN,MURRAY P,1,-3.3854099086826643
2022,WA,SEN,SMILEY T,-1,3.3854099086826643
2022,WI,SEN,BARNES M,1,11.067763414682387
2022,WI,GOV,EVERS T,1,5.611227382993285
2022,WI,SEN,JOHNSON R,-1,-11.067763414682387
2022,WI,GOV,MICHELS T,-1,-5.611227382993285
2022,WY,GOV,LIVINGSTON T,1,-8.073953915054132
2022,WY,HOUSE_AL,GREYBULL L,1,4.935026879107717
2022,WY,GOV,GORDON M,-1,8.073953915054132
2022,WY,HOUSE_AL,HAGEMAN H,-1,-4.935026879107717
2024,AK,HOUSE_AL,PELTOLA M,1,11.31671315632245
2024,AK,HOUSE_AL,BEGICH N,-1,-11.31671315632245
2024,AZ,SEN,GALLEGO R,1,9.020929325932878
2024,AZ,SEN,LAKE K,-1,-9.020929325932878
2024,CA,SEN,SCHIFF A,1,-2.08509767118926
2024,CA,SEN,SCHIFF A,1,-2.3293435782426464
2024,CA,SEN,GARVEY S,-1,2.08509767118926
2024,CA,SEN,GARVEY S,-1,2.3293435782426464
2024,CT,SEN,MURPHY C,1,0.018477298363210437
2024,CT,SEN,COREY M,-1,-0.018477298363210437
2024,DE,SEN,ROCHESTER L,1,3.794619582850025
2024,DE,GOV,MEYER M,1,-1.7883181929783143
2024,DE,HOUSE_AL,MCBRIDE S,1,1.7371218636319785
2024,DE,SEN,HANSEN E,-1,-3.794619582850025
2024,DE,GOV,RAMONE M,-1,1.7883181929783143
2024,DE,HOUSE_AL,WHALEN J,-1,-1.7371218636319785
2024,FL,SEN,POWELL D,1,6.600540779419628
2024,FL,SEN,SCOTT R,-1,-6.600540779419628
2024,HI,SEN,HIRONO M,1,5.899550141390707
2024,HI,SEN,MCDERMOTT B,-1,-5.899550141390707
2024,IN,SEN,MCCRAY V,1,-0.1261575285132146
2024,IN,GOV,MCCORMICK J,1,6.348363185628417
2024,IN,SEN,BANKS J,-1,0.1261575285132146
2024,IN,GOV,BRAUN M,-1,-6.348363185628417
2024,MA,SEN,WARREN E,1,-10.492920014718209
2024,MA,SEN,DEATON J,-1,10.492920014718209
2024,MD,SEN,ALSOBROOKS A,1,-16.43284119152951
2024,MD,SEN,HOGAN L,-1,16.43284119152951
2024,MI,SEN,SLOTKIN E,1,2.7641752741633407
2024,MI,SEN,ROGERS M,-1,-2.7641752741633407
2024,MN,SEN,KLOBUCHAR A,1,7.4622921755249205
2024,MN,SEN,WHITE R,-1,-7.4622921755249205
2024,MO,SEN,KUNCE L,1,10.948518339899309
2024,MO,GOV,QUADE C,1,-1.2948607066992928
2024,MO,SEN,HAWLEY J,-1,-10.948518339899309
2024,MO,GOV,KEHOE M,-1,1.2948607066992928
2024,MS,SEN,PINKINS T,1,3.8907988957240054
2024,MS,SEN,WICKER R,-1,-3.8907988957240054
2024,MT,SEN,TESTER J,1,8.8700712437295
2024,MT,GOV,BUSSE R,1,5.227737309668903
2024,MT,SEN,SHEEHY T,-1,-8.8700712437295
2024,MT,GOV,GIANFORTE G,-1,-5.227737309668903
2024,NC,GOV,STEIN J,1,19.809780661039877
2024,NC,GOV,ROBINSON M,-1,-19.809780661039877
2024,ND,SEN,CHRISTIANSEN K,1,10.729939986081193
2024,ND,GOV,PIEPKORN M,1,-6.5521150144837605
2024,ND,HOUSE_AL,HAMMER T,1,-0.6704943907160299
2024,ND,SEN,CRAMER K,-1,-10.729939986081193
2024,ND,GOV,ARMSTRONG K,-1,6.5521150144837605
2024,ND,HOUSE_AL,FEDORCHAK J,-1,0.6704943907160299
2024,NE,SEN,LOVE P,1,-3.344216252861475
2024,NE,SEN,RICKETTS P,-1,3.344216252861475
2024,NH,GOV,CRAIG J,1,-11.35055113147892
2024,NH,GOV,AYOTTE K,-1,11.35055113147892
2024,NJ,SEN,KIM A,1,4.79994349591357
2024,NJ,SEN,BASHAW C,-1,-4.79994349591357
2024,NM,SEN,HEINRICH M,1,-0.4583094727888417
2024,NM,SEN,DOMENICI N,-1,0.4583094727888417
2024,NV,SEN,ROSEN J,1,0.4749158407185119
2024,NV,SEN,BROWN S,-1,-0.4749158407185119
2024,NY,SEN,GILLIBRAND K,1,1.2887206935016362
2024,NY,SEN,SAPRAICONE M,-1,-1.2887206935016362
2024,OH,SEN,BROWN S,1,3.135714439187865
2024,OH,SEN,MORENO B,-1,-3.135714439187865
2024,PA,SEN,CASEY R,1,-2.9262831171726544
2024,PA,SEN,MCCORMICK D,-1,2.9262831171726544
2024,RI,SEN,WHITEHOUSE S,1,1.5066251683401344
2024,RI,SEN,MORGAN P,-1,-1.5066251683401344
2024,SD,HOUSE_AL,JOHNSON S,1,-10.928598311632424
2024,SD,HOUSE_AL,JOHNSON D,-1,10.928598311632424
2024,TN,SEN,JOHNSON G,1,6.239376092885431
2024,TN,SEN,BLACKBURN M,-1,-6.239376092885431
2024,TX,SEN,ALLRED C,1,11.542968936227336
2024,TX,SEN,CRUZ T,-1,-11.542968936227336
2024,UT,SEN,GLEICH C,1,-9.459816462813226
2024,UT,GOV,KING B,1,-2.294577652013352
2024,UT,SEN,CURTIS J,-1,9.459816462813226
2024,UT,GOV,COX S,-1,2.294577652013352
2024,VA,SEN,KAINE T,1,-1.3691114519962033
2024,VA,SEN,CAO H,-1,1.3691114519962033
2024,VT,GOV,CHARLESTIN E,1,-81.50196335393109
2024,VT,GOV,SCOTT P,-1,81.50196335393109
2024,WA,SEN,CANTWELL M,1,-4.8577239035495605
2024,WA,GOV,FERGUSON B,1,-6.559398389393495
2024,WA,SEN,GARCIA D,-1,4.8577239035495605
2024,WA,GOV,REICHERT D,-1,6.559398389393495
2024,WI,SEN,BALDWIN T,1,-2.688717103454691
2024,WI,SEN,HOVDE E,-1,2.688717103454691
2024,WV,SEN,ELLIOTT G,1,1.1801755929363793
2024,WV,GOV,WILLIAMS S,1,11.179305171433136
2024,WV,SEN,JUSTICE J,-1,-1.1801755929363793
2024,WV,GOV,MORRISEY P,-1,-11.179305171433136
2024,WY,SEN,MORROW S,1,1.9481561982568762
2024,WY,HOUSE_AL,CAMERON K,1,-0.24938302490707986
2024,WY,SEN,BARRASSO J,-1,-1.9481561982568762
2024,WY,HOUSE_AL,HAGEMAN H,-1,0.24938302490707986
