year,state_po,special,margin,winner,winner_side,dem_key,rep_key,incumbent_side,office,lean,expected,resid
1994,AZ,False,-15.18808175109175,JON KYL,R,COPPERSMITH S,KYL J,0.0,SEN,-9.845199642331252,-16.89104318549403,1.7029614344022814
1994,CA,False,2.0795705382266205,DIANNE FEINSTEIN,D,FEINSTEIN D,HUFFINGTON M,0.0,SEN,9.792065862450784,2.7462223192880044,-0.6666517810613839
1994,CT,False,13.993881529771675,JOSEPH I. LIEBERMAN,D,LIEBERMAN J,LABRIOLA J,0.0,SEN,1.0088417385459776,-6.037001804616802,20.030883334388477
1994,DE,False,-13.56446880080158,"WILLIAM V. ROTH, JR.",R,OBERLY C,ROTH W,0.0,SEN,3.1545937331432006,-3.8912498100195787,-9.673218990782
1994,FL,False,-41.030552804012494,CONNIE MACK,R,RODHAM H,MACK C,0.0,SEN,-9.635073855469349,-16.68091739863213,-24.349635405380365
1994,HI,False,49.595485082143824,DANIEL K. AKAKA,D,AKAKA D,HUSTACE M,0.0,SEN,6.198563785335227,-0.8472797578275522,50.442764839971375
1994,IN,False,-37.66002129203456,RICHARD G. LUGAR,R,JONTZ J,LUGAR R,0.0,SEN,-14.911180744184914,-21.957024287347693,-15.702997004686864
1994,MA,False,17.22210725292674,EDWARD M. KENNEDY,D,KENNEDY E,ROMNEY W,0.0,SEN,16.943065666095755,9.897222122932977,7.324885129993763
1994,MD,False,18.203870907421514,PAUL S. SARBANES,D,SARBANES P,BROCK W,0.0,SEN,9.358408402127928,2.312564858965149,15.891306048456364
1994,ME,False,-24.7229336861655,OLYMPIA J. SNOWE,R,ANDREWS T,SNOWE O,0.0,SEN,4.870354052789243,-2.1754894903735362,-22.547444195791964
1994,MI,False,-9.647084969771472,SPENCER ABRAHAM,R,CARR B,ABRAHAM S,0.0,SEN,1.9889276176348707,-5.056915925527909,-4.590169044243563
1994,MN,False,-5.315913347336655,ROD GRAMS,R,WYNIA A,GRAMS R,0.0,SEN,8.20128877266534,1.1554452295025603,-6.471358576839215
1994,MO,False,-25.176550878887454,JOHN ASHCROFT,R,WHEAT A,ASHCROFT J,0.0,SEN,5.772540524319743,-1.2733030188430359,-23.903247860044416
1994,MS,False,-37.59030398710706,TRENT LOTT,R,HARPER K,LOTT T,0.0,SEN,-17.098370611075765,-24.144214154238544,-13.44608983286852
1994,MT,False,-24.74321250503015,CONRAD R. BURNS,R,MUDD J,BURNS C,0.0,SEN,-3.79327742655678,-10.83912096971956,-13.904091535310592
1994,ND,False,15.965960253142082,KENT CONRAD,D,CONRAD K,CLAYBURGH B,0.0,SEN,-22.990801222124922,-30.0366447652877,46.00260501842978
1994,NE,False,9.797998148676824,J. ROBERT KERREY,D,KERREY J,STONEY J,0.0,SEN,-29.864852540970507,-36.910696084133285,46.70869423281011
1994,NJ,False,3.3626022700053158,FRANK R. LAUTENBERG,D,LAUTENBERG F,HAYTAIAN G,0.0,SEN,-4.400754972120481,-11.44659851528326,14.809200785288574
1994,NM,False,7.983343916166682,JEFF BINGAMAN,D,BINGAMAN J,MCMILLAN C,0.0,SEN,3.0429218632054384,-4.002921679957341,11.986265596124023
1994,NV,False,10.800859860958653,RICHARD H. BRYAN,D,BRYAN R,FURMAN H,0.0,SEN,-3.591836637071921,-10.6376801802347,21.438540041193352
1994,NY,False,19.25940303484761,DANIEL PATRICK MOYNIHAN,D,MOYNIHAN D,CASTRO B,0.0,SEN,16.980259132142486,9.934415588979707,9.324987445867905
1994,OH,False,-15.333702381554204,MIKE DEWINE,R,HYATT J,DEWINE M,0.0,SEN,-4.905064982398345,-11.950908525561125,-3.3827938559930786
1994,OK,True,-16.034391653242455,JAMES M. INHOFE,R,MCCURDY D,INHOFE J,0.0,SEN,-18.485628281544738,-25.531471824707516,9.497080171465061
1994,PA,False,-2.57699667747384,RICK SANTORUM,R,WOFFORD H,SANTORUM R,0.0,SEN,3.8556672457232333,-3.190176297439546,0.613179619965706
1994,RI,False,-29.046753216672265,JOHN H. CHAFEE,R,KUSHNER L,CHAFEE J,0.0,SEN,16.446053960108976,9.400210416946198,-38.446963633618466
1994,TN,False,-14.482190765683859,BILL FRIST,R,SASSER J,FRIST B,0.0,SEN,-2.04531838215546,-9.09116192531824,-5.391028840365619
1994,TN,True,-22.044343796662094,FRED THOMPSON,R,COOPER J,THOMPSON F,0.0,SEN,-2.04531838215546,-9.09116192531824,-12.953181871343855
1994,TX,False,-22.729523051449007,KAY BAILEY HUTCHISON,R,FISHER R,HUTCHISON K,0.0,SEN,-11.725718008078374,-18.771561551241152,-3.9579615002078548
1994,UT,False,-41.718444772774596,ORRIN G. HATCH,R,SHEA P,HATCH O,0.0,SEN,-34.74854990426804,-41.79439344743082,0.07594867465622457
1994,VA,False,3.084880772101776,CHARLES S. ROBB,D,ROBB C,NORTH O,0.0,SEN,-12.351417544594264,-19.397261087757045,22.48214185985882
1994,VT,False,-10.727596908090012,JAMES M. JEFFORDS,R,BACKUS J,JEFFORDS J,0.0,SEN,13.267011040706436,6.221167497543656,-16.948764405633668
1994,WA,False,-11.497006481105158,SLADE GORTON,R,SIMS R,GORTON S,0.0,SEN,7.942010468715069,0.8961669255522899,-12.393173406657448
1994,WI,False,17.789360314032,HERB KOHL,D,KOHL H,WELCH R,0.0,SEN,-1.652374672076478,-8.698218215239258,26.487578529271257
1994,WV,False,38.02335747001919,ROBERT C. BYRD,D,BYRD R,KLOS S,0.0,SEN,8.29628448757412,1.2504409444113405,36.772916525607855
1994,WY,False,-19.92870163249024,CRAIG THOMAS,R,SULLIVAN M,THOMAS C,0.0,SEN,-14.82543853510052,-21.8712820782633,1.942580445773057
1996,AL,False,-7.137519779141154,JEFF SESSIONS,R,BEDFORD R,SESSIONS J,0.0,SEN,-17.075790359078297,-16.325080286546598,9.187560507405443
1996,AR,False,-5.400841189199027,Y. TIM HUTCHINSON,R,BRYANT W,HUTCHINSON Y,0.0,SEN,9.097601677810562,9.84831175034226,-15.249152939541286
1996,CO,False,-5.833565481710822,WAYNE ALLARD,R,STRICKLAND T,ALLARD W,0.0,SEN,-11.126463312155286,-10.375753239623588,4.5421877579127665
1996,DE,False,22.316145080631152,JOSEPH R. BIDEN JR.,D,BIDEN J,CLATWORTHY R,0.0,SEN,7.639265213439494,8.389975285971191,13.92616979465996
1996,GA,False,1.3785364482943228,MAX CLELAND,D,CLELAND M,MILLNER G,0.0,SEN,-10.87258644880875,-10.121876376277053,11.500412824571375
1996,IA,False,5.170845450105434,TOM HARKIN,D,HARKIN T,LIGHTFOOT J,0.0,SEN,1.858729795765047,2.609439868296745,2.561405581808689
1996,ID,False,-17.659361681820258,LARRY E. CRAIG,R,MINNICK W,CRAIG L,0.0,SEN,-31.20610320313227,-30.45539313060057,12.796031448780312
1996,IL,False,15.93064861074505,RICHARD J. DURBIN,D,DURBIN R,SALVI A,0.0,SEN,9.602136319215134,10.352846391746832,5.577802218998219
1996,KS,False,-28.599083598260986,PAT ROBERTS,R,THOMPSON S,ROBERTS P,0.0,SEN,-29.7527791476687,-29.002069075137,0.40298547687601527
1996,KS,True,-10.882828760871769,SAM BROWNBACK,R,DOCKING J,BROWNBACK S,0.0,SEN,-29.7527791476687,-29.002069075137,18.119240314265234
1996,KY,False,-12.825438237368132,MITCH MCCONNELL,R,BESHEAR S,MCCONNELL M,0.0,SEN,-8.549945683014714,-7.7992356104830165,-5.026202626885116
1996,LA,False,0.3404501612256206,MARY L. LANDRIEU,D,LANDRIEU M,JENKINS L,0.0,SEN,3.51362849148388,4.264338564015578,-3.923888402789957
1996,MA,False,7.710752425567816,JOHN F. KERRY,D,KERRY J,WELD W,0.0,SEN,27.667602759129764,28.418312831661463,-20.70756040609365
1996,ME,False,-5.701959450843711,SUSAN M. COLLINS,R,BRENNAN J,COLLINS S,0.0,SEN,15.716192782010221,16.46690285454192,-22.16886230538563
1996,MI,False,18.822006556553795,CARL LEVIN,D,LEVIN C,ROMNEY R,0.0,SEN,5.040778681693141,5.791488754224838,13.030517802328957
1996,MN,False,9.863654367021,PAUL WELLSTONE,D,WELLSTONE P,BOSCHWITZ R,0.0,SEN,9.153330491051111,9.904040563582809,-0.04038619656180842
1996,MS,False,-44.346271569991245,THAD COCHRAN,R,HUNT J,COCHRAN T,0.0,SEN,-15.102495560874608,-14.35178548834291,-29.994486081648333
1996,MT,False,5.161881649594059,MAX BAUCUS,D,BAUCUS M,REHBERG D,0.0,SEN,-12.982868953148731,-12.232158880617034,17.394040530211093
1996,NC,False,-6.8245209365529655,JESSE HELMS,R,GANTT H,HELMS J,0.0,SEN,-14.668021391169692,-13.917311318637994,7.092790382085028
1996,NE,False,-14.811653020305604,CHUCK HAGEL,R,NELSON B,HAGEL C,0.0,SEN,-30.71769305326648,-29.96698298073478,15.155329960429176
1996,NH,False,-3.17325792356243,BOB SMITH,R,SWETT D,SMITH B,0.0,SEN,1.6152153696780118,2.3659254422097096,-5.539183365772139
1996,NJ,False,10.624520982120913,ROBERT G. TORRICELLI,D,TORRICELLI R,ZIMMER D,0.0,SEN,10.325538354924984,11.076248427456681,-0.45172744533576825
1996,NM,False,-36.97124022342084,PETE V. DOMENICI,R,TRUJILLO A,DOMENICI P,0.0,SEN,-1.5597869296372213,-0.8090768571055234,-36.16216336631532
1996,OK,False,-17.160447669929034,JAMES M. INHOFE,R,BOREN J,INHOFE J,-1.0,SEN,-18.409266265111967,-17.658556192580267,0.49810852265123273
1996,OR,False,-4.0689679543614306,GORDON SMITH,R,BRUGGERE T,SMITH G,0.0,SEN,-0.2218166123839609,0.5288934601477371,-4.597861414509167
1996,RI,False,28.853437007742066,JACK REED,D,REED J,MAYER N,0.0,SEN,28.400378723296413,29.151088795828112,-0.2976517880860463
1996,SC,False,-9.630972488747004,STROM THURMOND,R,CLOSE E,THURMOND S,0.0,SEN,-15.831999895671316,-15.081289823139619,5.450317334392615
1996,SD,False,2.64386554777233,TIM JOHNSON,D,JOHNSON T,PRESSLER L,0.0,SEN,-13.475218841969351,-12.724508769437653,15.368374317209984
1996,TN,False,-24.99967076841507,FRED THOMPSON,R,GORDON H,THOMPSON F,-1.0,SEN,-7.0347633679792985,-6.284053295447601,-18.715617472967466
1996,TX,False,-10.976062117975477,PHIL GRAMM,R,MORALES V,GRAMM P,0.0,SEN,-14.92929481594495,-14.178584743413252,3.2025226254377746
1996,VA,False,-5.092515029386927,JOHN W. WARNER,R,WARNER M,WARNER J,0.0,SEN,-11.729237065834191,-10.978526993302493,5.886011963915566
1996,WV,False,53.29592655646106,JOHN D. ROCKEFELLER IV,D,ROCKEFELLER J,BURKS B,0.0,SEN,7.101282300515315,7.851992373047013,45.44393418341405
1996,WY,False,-12.308396360576522,MICHAEL B. ENZI,R,KARPAN K,ENZI M,0.0,SEN,-24.58388292149236,-23.83317284896066,11.52477648838414
1998,AK,False,-58.13466047758051,FRANK H. MURKOWSKI,R,SONNEMAN J,MURKOWSKI F,0.0,SEN,-30.465053063368043,-31.287468709254128,-26.847191768326383
1998,AL,False,-26.5682094417121,RICHARD C. SHELBY,R,SUDDITH C,SHELBY R,0.0,SEN,-17.075790359078297,-17.898206004964383,-8.670003436747717
1998,AR,False,13.202532313992855,BLANCHE LAMBERT LINCOLN,D,LINCOLN B,BOOZMAN F,0.0,SEN,9.097601677810562,8.275186031924477,4.9273462820683775
1998,AZ,False,-43.35795085619381,JOHN MCCAIN,R,RANGER E,MCCAIN J,0.0,SEN,-7.160505747991889,-7.982921393877975,-35.37502946231584
1998,CA,False,10.456656081162821,BARBARA BOXER,D,BOXER B,FONG M,0.0,SEN,4.824482410237481,4.002066764351396,6.4545893168114254
1998,CO,False,-28.174734414940144,BEN NIGHTHORSE CAMPBELL,R,LAMM D,CAMPBELL B,0.0,SEN,-11.126463312155286,-11.948878958041371,-16.22585545689877
1998,CT,False,33.613473077131644,CHRISTOPHER J. DODD,D,DODD C,FRANKS G,0.0,SEN,11.118965712925071,10.296550067038986,23.31692301009266
1998,FL,False,24.93875895411524,BOB GRAHAM,D,GRAHAM B,CRIST C,0.0,SEN,-3.298125661487598,-4.120541307373683,29.05930026148892
1998,GA,False,-7.403691673039281,PAUL COVERDELL,R,COLES M,COVERDELL P,0.0,SEN,-10.87258644880875,-11.695002094694836,4.291310421655554
1998,HI,False,63.251651925347474,DANIEL K. INOUYE,D,INOUYE D,YOUNG C,0.0,SEN,18.944255564797217,18.12183991891113,45.12981200643634
1998,IA,False,-38.338120740798416,CHARLES E. GRASSLEY,R,OSTERBERG D,GRASSLEY C,0.0,SEN,1.858729795765047,1.0363141498789612,-39.37443489067738
1998,ID,False,-42.01290162309871,MIKE CRAPO,R,MAUK B,CRAPO M,0.0,SEN,-31.20610320313227,-32.028518849018354,-9.984382774080359
1998,IL,False,-2.9686368912291083,PETER G. FITZGERALD,R,BRAUN C,FITZGERALD P,0.0,SEN,9.602136319215134,8.779720673329049,-11.748357564558157
1998,IN,False,29.362239420924027,EVAN BAYH,D,BAYH E,HELMKE P,0.0,SEN,-15.904860761791706,-16.727276407677792,46.08951582860182
1998,KS,False,-34.77228166966467,SAM BROWNBACK,R,FELECIANO P,BROWNBACK S,-1.0,SEN,-29.7527791476687,-30.575194793554786,-4.197086876109886
1998,KY,False,-0.597245221861682,JIM BUNNING,R,BAESLER S,BUNNING J,0.0,SEN,-8.549945683014714,-9.3723613289008,8.775116107039118
1998,LA,False,33.420460858752875,JOHN B. BREAUX,D,BREAUX J,DONELON J,0.0,SEN,3.51362849148388,2.691212845597794,30.729248013155082
1998,MD,False,41.0079425677984,BARBARA A. MIKULSKI,D,MIKULSKI B,PIERPONT R,0.0,SEN,7.66879892084436,6.846383274958274,34.161559292840124
1998,MO,False,-9.232900653786444,CHRISTOPHER S. BOND,R,NIXON J,BOND C,0.0,SEN,-2.5139730988440974,-3.336388744730183,-5.896511909056262
1998,NC,False,4.217033384299152,JOHN EDWARDS,D,EDWARDS J,FAIRCLOTH L,0.0,SEN,-14.668021391169692,-15.490437037055777,19.70747042135493
1998,ND,False,28.477307398932112,BYRON L. DORGAN,D,DORGAN B,NALEWAJA D,0.0,SEN,-17.43068606338371,-18.253101709269796,46.73040910820191
1998,NH,False,-41.207170260616486,JUDD GREGG,R,CONDODEMETRAKY G,GREGG J,0.0,SEN,1.6152153696780118,0.792799723791926,-41.99996998440841
1998,NV,False,0.0961997500245897,HARRY REID,D,REID H,ENSIGN J,0.0,SEN,-8.434985341206332,-9.257400987092417,9.353600737117008
1998,NY,False,17.364024298927067,CHARLES E. SCHUMER,D,SCHUMER C,AMATO A,0.0,SEN,25.8560107107712,25.033595064885116,-7.669570765958049
1998,OH,False,-12.926403459786185,GEORGE V. VOINOVICH,R,BOYLE M,VOINOVICH G,0.0,SEN,-2.4141496882593305,-3.2365653341454164,-9.689838125640769
1998,OK,False,-35.944638986159745,DON NICKLES,R,CARROLL D,NICKLES D,0.0,SEN,-18.409266265111967,-19.231681910998052,-16.712957075161693
1998,OR,False,28.739515773031343,RON WYDEN,D,WYDEN R,LIM J,0.0,SEN,-0.2218166123839609,-1.0442322582700467,29.78374803130139
1998,PA,False,-27.62348756726564,ARLEN SPECTER,R,LLOYD B,SPECTER A,0.0,SEN,0.7143626699646806,-0.10805297592140528,-27.515434591344235
1998,SC,False,7.1451053855260716,ERNEST F. HOLLINGS,D,HOLLINGS E,INGLIS B,0.0,SEN,-15.831999895671316,-16.654415541557402,23.799520927083474
1998,SD,False,26.11269186845518,TOM DASCHLE,D,DASCHLE T,SCHMIDT R,0.0,SEN,-13.475218841969351,-14.297634487855436,40.41032635631062
1998,UT,False,-31.986728467104605,ROBERT F. BENNETT,R,LECKMAN S,BENNETT R,0.0,SEN,-33.64702369021267,-34.46943933609876,2.482710868994154
1998,VT,False,52.56986052571835,PATRICK J. LEAHY,D,LEAHY P,TUTTLE F,0.0,SEN,16.757612716423637,15.935197070537551,36.6346634551808
1998,WA,False,16.827997612997407,PATTY MURRAY,D,MURRAY P,SMITH L,0.0,SEN,4.781257637862151,3.958841991976065,12.869155621021342
1998,WI,False,2.1687612744076756,RUSSELL D. FEINGOLD,D,FEINGOLD R,NEUMANN M,0.0,SEN,2.2303452711999583,1.4079296253138724,0.7608316490938032
2000,CA,False,20.832985806123098,DIANNE FEINSTEIN,D,FEINSTEIN D,CAMPBELL T,1.0,SEN,11.892634161195517,11.529163046831568,9.30382275929153
2000,CT,False,29.822338503608908,JOSEPH I. LIEBERMAN,D,LIEBERMAN J,GIORDANO P,1.0,SEN,17.997970260760987,17.634499146397037,12.187839357211871
2000,DE,False,11.919915427930357,THOMAS R. CARPER,D,CARPER T,ROTH W,-1.0,SEN,12.966783733628837,12.603312619264889,-0.6833971913345316
2000,FL,False,4.989415847869165,BILL NELSON,D,NELSON B,MCCOLLUM B,0.0,SEN,-0.5225646530151637,-0.8860357673791124,5.875451615248277
2000,HI,False,49.57013062789507,DANIEL K. AKAKA,D,AKAKA D,CARROLL J,1.0,SEN,19.141246723910626,18.777775609546676,30.792355018348392
2000,IN,False,-35.27212029838714,RICHARD G. LUGAR,R,JOHNSON D,LUGAR R,-1.0,SEN,-16.522910902111924,-16.886382016475874,-18.385738281911262
2000,MA,False,69.9311324806022,EDWARD M. KENNEDY,D,KENNEDY E,ROBINSON J,1.0,SEN,29.065341684319574,28.701870569955624,41.22926191064658
2000,MD,False,26.467066730207986,PAUL S. SARBANES,D,SARBANES P,RAPPAPORT P,1.0,SEN,16.35125204796053,15.98778093359658,10.479285796611405
2000,ME,False,-37.88259680691541,OLYMPIA J. SNOWE,R,LAWRENCE M,SNOWE O,-1.0,SEN,4.982337245052779,4.61886613068883,-42.50146293760424
2000,MI,False,1.657995708276174,DEBBIE STABENOW,D,STABENOW D,ABRAHAM S,-1.0,SEN,4.755867126520135,4.392396012156186,-2.7344003038800118
2000,MN,False,6.015135752056839,MARK DAYTON,D,DAYTON M,GRAMS R,-1.0,SEN,2.059478114674584,1.6960070003106353,4.319128751746204
2000,MO,False,2.0970897739460583,MEL CARNAHAN,D,CARNAHAN M,ASHCROFT J,-1.0,SEN,-3.9372431504493863,-4.300714264813335,6.397804038759393
2000,MS,False,-35.17441650473514,TRENT LOTT,R,BROWN T,LOTT T,-1.0,SEN,-17.724315515440633,-18.087786629804583,-17.08662987493056
2000,MT,False,-3.3917001232261397,CONRAD BURNS,R,SCHWEITZER B,BURNS C,-1.0,SEN,-27.826069794287495,-28.189540908651445,24.797840785425304
2000,ND,False,22.745088492343648,KENT CONRAD,D,CONRAD K,SAND D,1.0,SEN,-29.96813897818062,-30.33161009254457,53.07669858488822
2000,NE,False,2.1873326869926344,BEN NELSON,D,NELSON B,STENBERG D,0.0,SEN,-30.872307561118106,-31.235778675482056,33.42311136247469
2000,NJ,False,3.1031852591707194,JON S. CORZINE,D,CORZINE J,FRANKS B,0.0,SEN,15.909472996493804,15.546001882129856,-12.442816622959135
2000,NM,False,23.457686831471964,JEFF BINGAMAN,D,BINGAMAN J,REDMOND B,1.0,SEN,-0.4494937783297716,-0.8129648926937203,24.270651724165685
2000,NV,False,-16.24527416437735,JOHN ENSIGN,R,BERNSTEIN E,ENSIGN J,0.0,SEN,-4.227022836292912,-4.590493950656861,-11.654780213720489
2000,NY,False,13.326315682318636,HILLARY RODHAM CLINTON,D,CLINTON H,LAZIO R,0.0,SEN,26.63863732907332,26.27516621470937,-12.948850532390733
2000,OH,False,-25.12443147385167,MIKE DEWINE,R,CELESTE T,DEWINE M,-1.0,SEN,-4.190790278280206,-4.554261392644155,-20.570170081207515
2000,PA,False,-7.0533355474706,RICK SANTORUM,R,KLINK R,SANTORUM R,-1.0,SEN,3.783611596658247,3.4201404822942982,-10.473476029764898
2000,RI,False,-16.04880986207382,LINCOLN D. CHAFEE,R,WEYGAND R,CHAFEE L,0.0,SEN,30.784886298250584,30.421415183886634,-46.470225045960454
2000,TN,False,-33.8001359909112,BILL FRIST,R,CLARK J,FRIST B,-1.0,SEN,-4.439079407306073,-4.802550521670022,-28.99758546924118
2000,TX,False,-33.64904001947583,KAY BAILEY HUTCHISON,R,KELLY G,HUTCHISON K,-1.0,SEN,-22.425886134073934,-22.789357248437884,-10.859682771037942
2000,UT,False,-35.08747986277249,ORRIN G. HATCH,R,HOWELL S,HATCH O,-1.0,SEN,-43.96435669959634,-44.32782781396028,9.240347951187793
2000,VA,False,-4.578117931069263,GEORGE F. ALLEN,R,ROBB C,ALLEN G,1.0,SEN,-8.807818448614558,-9.171289562978506,4.593171631909243
2000,VT,False,-44.10956816579995,JAMES M. JEFFORDS,R,FLANAGAN E,JEFFORDS J,-1.0,SEN,10.367355956598749,10.0038848422348,-54.11345300803475
2000,WA,False,0.09300501325811708,MARIA CANTWELL,D,CANTWELL M,GORTON S,-1.0,SEN,5.376196181862766,5.012725067498817,-4.9197200542407
2000,WI,False,24.860162732799196,HERB KOHL,D,KOHL H,GILLESPIE J,1.0,SEN,-0.28320923063244197,-0.6466803449963907,25.506843077795587
2000,WV,False,58.827113480578824,ROBERT C. BYRD,D,BYRD R,GALLAHER D,1.0,SEN,-6.997493868822885,-7.360964983186834,66.18807846376566
2000,WY,False,-53.9961604033042,CRAIG THOMAS,R,LOGAN M,THOMAS C,-1.0,SEN,-42.477957117582136,-42.84142823194608,-11.15473217135812
2002,AL,False,-19.05329496882696,JEFF SESSIONS,R,PARKER S,SESSIONS J,-1.0,SEN,-15.727229679610243,-20.68732594999307,1.6340309811661093
2002,AR,False,7.791240373028438,MARK PRYOR,D,PRYOR M,HUTCHINSON T,0.0,SEN,-6.1147248577896685,-11.074821128172495,18.86606150120093
2002,CO,False,-5.107015035617994,WAYNE ALLARD,R,STRICKLAND T,ALLARD W,-1.0,SEN,-9.48518572350611,-14.445281993888937,9.338266958270943
2002,DE,False,17.587786790467995,JOSEPH R. BIDEN JR.,D,BIDEN J,CLATWORTHY R,1.0,SEN,12.966783733628837,8.00668746324601,9.581099327221985
2002,GA,False,-6.933416642795046,SAXBY CHAMBLISS,R,CLELAND M,CHAMBLISS S,1.0,SEN,-12.480853082753374,-17.4409493531362,10.507532710341156
2002,IA,False,10.615564225630383,TOM HARKIN,D,HARKIN T,GANSKE G,1.0,SEN,-0.1877874619117203,-5.147883732294547,15.76344795792493
2002,ID,False,-33.37758961897843,LARRY E. CRAIG,R,BLINKEN A,CRAIG L,-1.0,SEN,-42.21032674843607,-47.170423018818894,13.792833399840461
2002,IL,False,22.687564751277822,RICHARD J. DURBIN,D,DURBIN R,DURKIN J,1.0,SEN,11.84667479473112,6.886578524348294,15.800986226929528
2002,KY,False,-29.350409656743977,MITCH MCCONNELL,R,WEINBERG L,MCCONNELL M,-1.0,SEN,-15.968576368301205,-20.92867263868403,-8.421737018059947
2002,LA,False,0.2519374026835999,MARY L. LANDRIEU,D,LANDRIEU M,TERRELL S,1.0,SEN,-8.391837769642514,-13.351934040025341,13.603871442708941
2002,ME,False,-16.871295051089426,SUSAN M. COLLINS,R,PINGREE C,COLLINS S,-1.0,SEN,4.982337245052779,0.022240974669952784,-16.893536025759378
2002,MI,False,23.070484034081304,CARL LEVIN,D,LEVIN C,RACZKOWSKI A,1.0,SEN,4.755867126520135,-0.2042291438626913,23.274713177943994
2002,MN,False,-1.734140382011949,NORM COLEMAN,R,MONDALE W,COLEMAN N,0.0,SEN,2.059478114674584,-2.9006181557082424,1.1664777736962935
2002,MO,True,-1.1496043400890303,JIM TALENT,R,CARNAHAN J,TALENT J,0.0,SEN,-3.9372431504493863,-8.897339420832212,7.7477350807431815
2002,MT,False,32.821334094092016,MAX BAUCUS,D,BAUCUS M,TAYLOR M,1.0,SEN,-27.826069794287495,-32.78616606467032,65.60750015876233
2002,NC,False,-8.737999352969785,ELIZABETH H. DOLE,R,BOWLES E,DOLE E,0.0,SEN,-13.441339799954159,-18.401436070336985,9.6634367173672
2002,NE,False,-69.94407005781137,CHUCK HAGEL,R,MATULKA C,HAGEL C,-1.0,SEN,-30.872307561118106,-35.83240383150093,-34.11166622631044
2002,NH,False,-4.543520118148546,JOHN E. SUNUNU,R,SHAHEEN J,SUNUNU J,0.0,SEN,-1.8489462273856674,-6.809042497768494,2.2655223796199477
2002,NJ,False,10.14955734741357,FRANK R. LAUTENBERG,D,LAUTENBERG F,FORRESTER D,0.0,SEN,15.909472996493804,10.949376726110977,-0.799819378697407
2002,NM,False,-30.085538736709616,PETE V. DOMENICI,R,TRISTANI G,DOMENICI P,-1.0,SEN,-0.4494937783297716,-5.409590048712598,-24.675948687997018
2002,OK,False,-22.42470903155969,JAMES M. INHOFE,R,WALTERS D,INHOFE J,-1.0,SEN,-22.67468828118589,-27.634784551568718,5.210075520009028
2002,OR,False,-17.32759011188575,GORDON SMITH,R,BRADBURY B,SMITH G,-1.0,SEN,-0.04156186588692801,-5.0016581362697545,-12.325931975615998
2002,RI,False,56.85297698883127,JACK REED,D,REED J,TINGLE R,1.0,SEN,30.784886298250584,25.824790027867756,31.028186960963517
2002,SC,False,-10.359960602150696,LINDSEY O. GRAHAM,R,SANDERS A,GRAHAM L,0.0,SEN,-16.837557972248575,-21.797654242631403,11.437693640480706
2002,SD,False,0.1590766378614359,TIM JOHNSON,D,JOHNSON T,THUNE J,1.0,SEN,-23.74277098169578,-28.702867252078608,28.861943889940044
2002,TN,False,-10.079828119501398,LAMAR ALEXANDER,R,CLEMENT B,ALEXANDER L,0.0,SEN,-4.439079407306073,-9.399175677688898,-0.6806524418124997
2002,TX,False,-12.140271307216688,JOHN CORNYN,R,KIRK R,CORNYN J,0.0,SEN,-22.425886134073934,-27.38598240445676,15.245711097240074
2002,WV,False,26.222709275693916,JOHN D. ROCKEFELLER IV,D,ROCKEFELLER J,WOLFE J,1.0,SEN,-6.997493868822885,-11.957590139205712,38.18029941489963
2002,WY,False,-45.90790048013967,MICHAEL B. ENZI,R,CORCORAN J,ENZI M,-1.0,SEN,-42.477957117582136,-47.43805338796496,1.5301529078252898
2004,AK,False,-3.2216046340933917,LISA MURKOWSKI,R,KNOWLES T,MURKOWSKI L,0.0,SEN,-23.986541889348047,-26.73204180938928,23.510437175295888
2004,AL,False,-35.226195258265484,RICHARD C. SHELBY,R,SOWELL W,SHELBY R,-1.0,SEN,-23.329518631419912,-26.075018551461145,-9.151176706804339
2004,AR,False,11.832140048834995,BLANCHE L. LINCOLN,D,LINCOLN B,HOLT J,1.0,SEN,-7.405472430190983,-10.150972350232216,21.98311239906721
2004,AZ,False,-57.64056256967064,JOHN MCCAIN,R,STARKY S,MCCAIN J,-1.0,SEN,-8.083985987831941,-10.829485907873174,-46.81107666179747
2004,CA,False,20.846759587027055,BARBARA BOXER,D,BOXER B,JONES B,1.0,SEN,12.548664978789493,9.80316505874826,11.043594528278796
2004,CO,False,4.875219219964925,KEN SALAZAR,D,SALAZAR K,COORS P,0.0,SEN,-2.2664350433406812,-5.011934963381915,9.88715418334684
2004,CT,False,34.75157793907188,CHRISTOPHER J. DODD,D,DODD C,ORCHULLI J,1.0,SEN,13.015919194312833,10.2704192742716,24.48115866480028
2004,FL,False,-1.1381283246122678,MEL MARTINEZ,R,CASTOR B,MARTINEZ M,0.0,SEN,-2.5813350781929896,-5.326834998234222,4.1887066736219545
2004,GA,False,-18.29098205141547,JOHNNY ISAKSON,R,MAJETTE D,ISAKSON J,0.0,SEN,-14.24244131967453,-16.987941239715763,-1.3030408116997059
2004,HI,False,56.50110653416533,DANIEL K. INOUYE,D,INOUYE D,CAVASSO C,1.0,SEN,11.27492007900513,8.529420158963896,47.971686375201436
2004,IA,False,-43.143243205978465,CHARLES E. GRASSLEY,R,SMALL A,GRASSLEY C,-1.0,SEN,1.7926655477187572,-0.9528343723224759,-42.19040883365599
2004,IL,False,44.24020467724882,BARACK OBAMA,D,OBAMA B,KEYES A,0.0,SEN,12.883292172251487,10.137792252210254,34.102412425038565
2004,IN,False,24.701808371815606,EVAN BAYH,D,BAYH E,SCOTT M,1.0,SEN,-18.38092842617233,-21.12642834621356,45.82823671802917
2004,KS,False,-43.12005131964809,SAM BROWNBACK,R,JONES L,BROWNBACK S,-1.0,SEN,-23.26817348901988,-26.013673409061113,-17.10637791058698
2004,KY,False,-1.3136452786595854,JIM BUNNING,R,MONGIARDO D,BUNNING J,-1.0,SEN,-17.54921575780327,-20.294715677844504,18.98107039918492
2004,LA,False,-3.599678329422311,DAVID VITTER,R,JOHN C,VITTER D,0.0,SEN,-12.195858465342402,-14.941358385383635,11.341680055961325
2004,MD,False,31.543536738781317,BARBARA A. MIKULSKI,D,MIKULSKI B,PIPKIN E,1.0,SEN,15.597450236980423,12.85195031693919,18.691586421842125
2004,MO,False,-13.44472882844172,CHRISTOPHER S. BOND,R,FARMER N,BOND C,-1.0,SEN,-4.773401257735113,-7.518901177776346,-5.925827650665374
2004,NC,False,-4.641473935134494,RICHARD BURR,R,BOWLES E,BURR R,0.0,SEN,-10.017919930537648,-12.763419850578881,8.121945915444387
2004,ND,False,36.55985271776914,BYRON L. DORGAN,D,DORGAN B,LIFFRIG M,1.0,SEN,-25.352684226741996,-28.09818414678323,64.65803686455237
2004,NH,False,-32.49532294529522,JUDD GREGG,R,HADDOCK D,GREGG J,-1.0,SEN,3.846601313419212,1.101101393377979,-33.5964243386732
2004,NV,False,26.963416276966303,HARRY REID,D,REID H,ZISER R,1.0,SEN,-0.16916737657841363,-2.9146672966196467,29.87808357358595
2004,NY,False,45.92094876917978,CHARLES E. SCHUMER,D,SCHUMER C,MILLS H,1.0,SEN,22.125605386036806,19.380105465995573,26.540843303184207
2004,OH,False,-27.70578784328232,GEORGE V. VOINOVICH,R,FINGERHUT E,VOINOVICH G,-1.0,SEN,0.34853606356617384,-2.3969638564750593,-25.308823986807262
2004,OK,False,-12.254453996263738,TOM COBURN,R,CARSON B,COBURN T,0.0,SEN,-28.674779256367533,-31.420279176408766,19.165825180145028
2004,OR,False,33.263281428019894,RON WYDEN,D,WYDEN R,KING A,1.0,SEN,6.6832756220447465,3.9377757020035133,29.32550572601638
2004,PA,False,-11.236563085758572,ARLEN SPECTER,R,HOEFFEL J,SPECTER A,-1.0,SEN,4.982588267269369,2.237088347228136,-13.473651432986708
2004,SC,False,-9.784054443306687,JIM DEMINT,R,TENENBAUM I,DEMINT J,0.0,SEN,-14.806892446353828,-17.55239236639506,7.7683379230883745
2004,SD,False,-1.1523870875384725,JOHN THUNE,R,DASCHLE T,THUNE J,1.0,SEN,-19.360557529042786,-22.10605744908402,20.953670361545548
2004,UT,False,-41.518414173521755,ROBERT F. BENNETT,R,DAM R,BENNETT R,-1.0,SEN,-44.226854247099496,-46.97235416714073,5.453939993618974
2004,VT,False,48.42288880528098,PATRICK J. LEAHY,D,LEAHY P,MCMULLEN J,1.0,SEN,23.068028351646912,20.32252843160568,28.100360373675297
2004,WA,False,12.530407088282578,PATTY MURRAY,D,MURRAY P,NETHERCUTT G,1.0,SEN,9.759099440050498,7.013599520009265,5.516807568273313
2004,WI,False,11.299507818997368,RUSSEL D. FEINGOLD,D,FEINGOLD R,MICHELS T,1.0,SEN,2.849630621683079,0.10413070164184601,11.195377117355521
2006,AZ,False,-10.16253206712843,JON KYL,R,PEDERSON J,KYL J,-1.0,SEN,-8.083985987831941,0.08146549881184129,-10.243997565940271
2006,CA,False,25.851472726729558,DIANNE FEINSTEIN,D,FEINSTEIN D,MOUNTJOY R,1.0,SEN,12.548664978789493,20.714116465433275,5.137356261296283
2006,CT,False,61.00363901278833,JOSEPH I. LIEBERMAN,O,LAMONT N,SCHLESINGER A,0.0,SEN,13.015919194312833,21.181370680956615,39.82226833183171
2006,DE,False,41.96112375728774,THOMAS R. CARPER,D,CARPER T,TING J,1.0,SEN,10.129036563327796,18.294488049971577,23.66663570731616
2006,FL,False,22.56718981061871,BILL NELSON,D,NELSON B,HARRIS K,1.0,SEN,-2.5813350781929896,5.584116408450793,16.983073402167918
2006,HI,False,25.037526714562148,DANIEL K. AKAKA,D,AKAKA D,THIELEN C,1.0,SEN,11.27492007900513,19.44037156564891,5.597155148913238
2006,MA,False,38.811341784328505,EDWARD M. KENNEDY,D,KENNEDY E,CHASE K,1.0,SEN,27.951735099128364,36.117186585772146,2.694155198556359
2006,MD,False,10.172828827512939,BENJAMIN L. CARDIN,D,CARDIN B,STEELE M,0.0,SEN,15.597450236980423,23.762901723624203,-13.590072896111264
2006,ME,False,-56.38129497789782,OLYMPIA J. SNOWE,R,BRIGHT J,SNOWE O,-1.0,SEN,11.632056893761797,19.79750838040558,-76.1788033583034
2006,MI,False,15.944514433927308,DEBBIE STABENOW,D,STABENOW D,BOUCHARD M,1.0,SEN,5.917713009074994,14.083164495718776,1.861349938208532
2006,MN,False,20.959828839130918,AMY KLOBUCHAR,D,KLOBUCHAR A,KENNEDY M,0.0,SEN,5.987845294482483,14.153296781126265,6.806532058004652
2006,MO,False,2.342842290451538,CLAIRE MCCASKILL,D,MCCASKILL C,TALENT J,-1.0,SEN,-4.773401257735113,3.392050228908669,-1.0492079384571311
2006,MS,False,-29.165163227740653,TRENT LOTT,R,FLEMING E,LOTT T,-1.0,SEN,-16.543977466098145,-8.378525979454363,-20.78663724828629
2006,MT,False,0.8992042976007755,JON TESTER,D,TESTER J,BURNS C,-1.0,SEN,-18.534128278182123,-10.368676791538341,11.267881089139117
2006,ND,False,39.95516468356613,KENT CONRAD,D,CONRAD K,GROTBERG D,1.0,SEN,-25.352684226741996,-17.187232740098214,57.14239742366435
2006,NE,False,27.765584586605797,E. BENJAMIN NELSON,D,NELSON E,RICKETTS P,0.0,SEN,-31.22865044604482,-23.06319895940104,50.82878354600683
2006,NJ,False,9.236165627680661,ROBERT MENENDEZ,D,MENENDEZ R,KEAN T,0.0,SEN,9.207096710828997,17.37254819747278,-8.13638256979212
2006,NM,False,41.30109586145244,JEFF BINGAMAN,D,BINGAMAN J,MCCULLOCH A,1.0,SEN,1.6653523004348165,9.8308037870786,31.470292074373837
2006,NV,False,-14.912782359428252,JOHN ENSIGN,R,CARTER J,ENSIGN J,-1.0,SEN,-0.16916737657841363,7.9962841100653685,-22.90906646949362
2006,NY,False,37.98804805828879,HILLARY RODHAM CLINTON,D,CLINTON H,SPENCER J,1.0,SEN,22.125605386036806,30.29105687268059,7.696991185608201
2006,OH,False,12.351464735021796,SHERROD BROWN,D,BROWN S,DEWINE M,-1.0,SEN,0.34853606356617384,8.513987550209956,3.8374771848118403
2006,PA,False,17.36751678984698,"BOB CASEY, JR.",D,CASEY B,SANTORUM R,-1.0,SEN,4.982588267269369,13.148039753913151,4.21947703593383
2006,RI,False,7.037270807521176,SHELDON WHITEHOUSE,D,WHITEHOUSE S,CHAFEE L,-1.0,SEN,23.621045224900858,31.78649671154464,-24.749225904023465
2006,TN,False,-2.75901202671769,BOB CORKER,R,FORD H,CORKER B,0.0,SEN,-11.90486683633687,-3.739415349693088,0.9804033229753979
2006,TX,False,-26.241151569922724,KAY BAILEY HUTCHISON,R,RADNOFSKY B,HUTCHISON K,-1.0,SEN,-20.554359721075254,-12.388908234431472,-13.852243335491252
2006,UT,False,-33.49822090062339,ORRIN G. HATCH,R,ASHDOWN P,HATCH O,-1.0,SEN,-44.226854247099496,-36.061402760455714,2.5631818598323264
2006,VA,False,0.3983546573419765,"JAMES H. ""JIM"" WEBB, JR.",D,WEBB J,ALLEN G,-1.0,SEN,-5.801369353915533,2.3640821327282495,-1.965727475386273
2006,WA,False,17.481114557224068,MARIA CANTWELL,D,CANTWELL M,MCGAVICK M,1.0,SEN,9.759099440050498,17.92455092669428,-0.4434363694702128
2006,WI,False,39.08721520473657,HERB KOHL,D,KOHL H,LORGE R,1.0,SEN,2.849630621683079,11.015082108326862,28.07213309640971
2006,WV,False,54.09804320252515,ROBERT C. BYRD,D,BYRD R,RAESE J,1.0,SEN,-10.493397186346378,-2.327945699702596,56.42598890222774
2006,WY,False,-40.18927117633333,CRAIG THOMAS,R,GROUTAGE D,THOMAS C,-1.0,SEN,-38.15938227319882,-29.99393078655504,-10.195340389778288
2008,AK,False,1.3195095817157965,MARK BEGICH,D,BEGICH M,STEVENS T,-1.0,SEN,-29.671104390354742,-18.60239171523306,19.921901296948857
2008,AL,False,-26.873310674544435,JEFF SESSIONS,R,FIGURES V,SESSIONS J,-1.0,SEN,-29.323340064305892,-18.254627389184215,-8.61868328536022
2008,CO,False,10.81305764062457,MARK UDALL,D,UDALL M,SCHAFFER B,0.0,SEN,1.5597348291863016,12.628447504307982,-1.8153898636834107
2008,DE,False,29.373025162382515,JOSEPH R. BIDEN JR.,D,BIDEN J,DONNELL C,1.0,SEN,17.734742742616568,28.80345541773825,0.5695697446442658
2008,GA,False,-14.879164959428538,SAXBY CHAMBLISS,R,MARTIN J,CHAMBLISS S,-1.0,SEN,-12.798205578784113,-1.7294929036624342,-13.149672055766104
2008,IA,False,25.41562033228317,TOM HARKIN,D,HARKIN T,REED C,1.0,SEN,2.156021021774147,13.224733696895825,12.190886635387344
2008,ID,False,-25.6641206665461,JIM RISCH,R,LAROCCO L,RISCH J,0.0,SEN,-33.59071416720164,-22.52200149207996,-3.142119174466142
2008,IL,False,40.791147218953114,RICHARD J. DURBIN,D,DURBIN R,SAUERBERG S,1.0,SEN,17.926993531958175,28.995706207079856,11.795441011873258
2008,KS,False,-24.45161400746243,PAT ROBERTS,R,SLATTERY J,ROBERTS P,-1.0,SEN,-22.766086194979422,-11.697373519857743,-12.754240487604688
2008,KY,False,-5.931239140369865,MITCH MCCONNELL,R,LUNSFORD B,MCCONNELL M,-1.0,SEN,-24.008389732569764,-12.939677057448085,7.00843791707822
2008,LA,False,6.527762432800226,MARY L. LANDRIEU,D,LANDRIEU M,KENNEDY J,1.0,SEN,-26.455882880331277,-15.387170205209598,21.914932638009823
2008,MA,False,36.09121820499389,JOHN F. KERRY,D,KERRY J,BEATTY J,1.0,SEN,18.852621869545366,29.921334544667047,6.169883660326846
2008,ME,False,-22.76702449537862,SUSAN M. COLLINS,R,ALLEN T,COLLINS S,-1.0,SEN,10.117515409654661,21.18622808477634,-43.95325258015496
2008,MI,False,29.860650468772437,CARL LEVIN,D,LEVIN C,HOOGENDYK J,1.0,SEN,9.201068595148495,20.269781270270173,9.590869198502265
2008,MN,False,0.01286626588798266,AL FRANKEN,D,FRANKEN A,COLEMAN N,-1.0,SEN,2.9172154336249294,13.98592810874661,-13.973061842858627
2008,MS,False,-22.87009252413342,THAD COCHRAN,R,FLEMING E,COCHRAN T,-1.0,SEN,-20.82539654288822,-9.756683867766542,-13.113408656366877
2008,MT,False,45.83195508083189,MAX BAUCUS,D,BAUCUS M,KELLEHER B,1.0,SEN,-9.880341125042003,1.188371550079676,44.64358353075221
2008,NC,False,8.745870319262062,KAY HAGAN,D,HAGAN K,DOLE E,-1.0,SEN,-7.20960795702592,3.859104718095759,4.886765601166303
2008,NE,False,-17.89683309410198,MIKE JOHANNS,R,KLEEB S,JOHANNS M,0.0,SEN,-22.759683401491827,-11.690970726370148,-6.2058623677318305
2008,NH,False,6.54463684585214,JEANNE SHAHEEN,D,SHAHEEN J,SUNUNU J,-1.0,SEN,2.195547683058458,13.264260358180138,-6.719623512327998
2008,NJ,False,14.36571193786609,FRANK R. LAUTENBERG,D,LAUTENBERG F,ZIMMER D,1.0,SEN,8.187725185687352,19.25643786080903,-4.89072592294294
2008,NM,False,22.655982516845746,TOM UDALL,D,UDALL T,PEARCE S,0.0,SEN,7.7882654804346325,18.856978155556313,3.799004361289434
2008,OK,False,-18.250870761692838,JAMES M. INHOFE,R,RICE A,INHOFE J,-1.0,SEN,-38.83169680254755,-27.762984127425867,9.512113365733029
2008,OR,False,3.547840107909252,JEFF MERKLEY,D,MERKLEY J,SMITH G,-1.0,SEN,9.285907797293813,20.35462047241549,-16.80678036450624
2008,RI,False,46.808968494888035,JACK REED,D,REED J,TINGLE R,1.0,SEN,20.854740461131,31.923453136252682,14.885515358635352
2008,SC,False,-15.312761929245296,LINDSEY GRAHAM,R,CONLEY B,GRAHAM L,-1.0,SEN,-16.630392935578808,-5.561680260457129,-9.751081668788167
2008,SD,False,24.983384689746842,TIM JOHNSON,D,JOHNSON T,DYKSTRA J,1.0,SEN,-16.132949025391298,-5.064236350269619,30.04762104001646
2008,TN,False,-34.61185922607494,LAMAR ALEXANDER,R,TUKE R,ALEXANDER L,-1.0,SEN,-22.804478161869472,-11.735765486747793,-22.876093739327146
2008,TX,False,-12.270277839539455,JOHN CORNYN,R,NORIEGA R,CORNYN J,-1.0,SEN,-19.413408059041984,-8.344695383920305,-3.92558245561915
2008,VA,False,31.69669917127018,MARK R. WARNER,D,WARNER M,GILMORE J,0.0,SEN,-1.1763657449054366,9.892346930216242,21.804352241053937
2008,WV,False,27.47565114235626,JOHN D. ROCKEFELLER IV,D,ROCKEFELLER J,WOLFE J,1.0,SEN,-20.889022091435052,-9.820309416313373,37.295960558669634
2008,WY,False,-51.43245072633843,MICHAEL B. ENZI,R,ROTHFUSS C,ENZI M,-1.0,SEN,-40.66558126735237,-29.59686859223069,-21.83558213410774
2008,WY,True,-46.88223376727579,JOHN BARRASSO,R,CARTER N,BARRASSO J,0.0,SEN,-40.66558126735237,-29.59686859223069,-17.2853651750451
2010,AK,False,-20.409055963521645,LISA MURKOWSKI,O,MCADAMS S,MILLER J,0.0,SEN,-29.671104390354742,-36.43895848849468,16.029902524973032
2010,AL,False,-30.500202183582694,RICHARD C. SHELBY,R,BARNES W,SHELBY R,-1.0,SEN,-29.323340064305892,-36.09119416244583,5.590991978863137
2010,AR,False,-22.096207760748552,JOHN BOOZMAN,R,LINCOLN B,BOOZMAN J,1.0,SEN,-27.884975778595066,-34.652829876735005,12.556622115986453
2010,AZ,False,-25.888662302691618,JOHN MCCAIN,R,GLASSMAN R,MCCAIN J,-1.0,SEN,-16.16933599639319,-22.937190094533126,-2.951472208158492
2010,CA,False,10.609320432264035,BARBARA BOXER,D,BOXER B,FIORINA C,1.0,SEN,17.01536462601027,10.247510527870336,0.36180990439369864
2010,CO,False,1.723624084031676,MICHAEL F. BENNET,D,BENNET M,BUCK K,0.0,SEN,1.5597348291863016,-5.208119268953634,6.93174335298531
2010,CT,False,9.683610546013076,RICHARD BLUMENTHAL,D,BLUMENTHAL R,MCMAHON L,0.0,SEN,15.095141942347812,8.327287844207877,1.3563227018051993
2010,DE,True,17.154158180869505,CHRISTOPHER A. COONS,D,COONS C,DONNELL C,0.0,SEN,17.734742742616568,10.966888644476633,6.187269536392872
2010,FL,False,-41.53357375693393,MARCO RUBIO,R,MEEK K,RUBIO M,0.0,SEN,-4.702214495361954,-11.470068593501889,-30.063505163432044
2010,GA,False,-19.843308853693262,JOHNNY ISAKSON,R,THURMOND M,ISAKSON J,-1.0,SEN,-12.798205578784113,-19.56605967692405,-0.2772491767692138
2010,HI,False,55.23718596622868,DANIEL K. INOUYE,D,INOUYE D,CAVASSO C,1.0,SEN,38.44591719975028,31.67806310161035,23.55912286461833
2010,IA,False,-31.794539137040886,CHUCK GRASSLEY,R,CONLIN R,GRASSLEY C,-1.0,SEN,2.156021021774147,-4.611833076365789,-27.182706060675095
2010,ID,False,-48.12296011666397,MIKE CRAPO,R,SULLIVAN P,CRAPO M,-1.0,SEN,-33.59071416720164,-40.358568265341574,-7.764391851322394
2010,IL,True,-1.6928822334839642,MARK STEVEN KIRK,R,GIANNOULIAS A,KIRK M,0.0,SEN,17.926993531958175,11.15913943381824,-12.852021667302203
2010,IN,False,-15.415624426098452,DAN COATS,R,ELLSWORTH B,COATS D,0.0,SEN,-6.497627666404366,-13.265481764544301,-2.150142661554151
2010,KS,False,-45.31408928584686,JERRY MORAN,R,JOHNSTON L,MORAN J,0.0,SEN,-22.766086194979422,-29.533940293119358,-15.780148992727504
2010,KY,False,-11.48095751601687,RAND PAUL,R,CONWAY J,PAUL R,0.0,SEN,-24.008389732569764,-30.7762438307097,19.29528631469283
2010,LA,False,-20.037382958035614,DAVID VITTER,R,MELANCON C,VITTER D,-1.0,SEN,-26.455882880331277,-33.223736978471216,13.186354020435601
2010,MD,False,26.997390720048813,BARBARA MIKULSKI,D,MIKULSKI B,WARGOTZ E,1.0,SEN,18.318640028610517,11.550785930470582,15.446604789578231
2010,MO,False,-14.34050510440936,ROY BLUNT,R,CARNAHAN R,BLUNT R,0.0,SEN,-7.676692856513842,-14.444546954653777,0.10404185024441759
2010,NC,False,-12.02295706690433,RICHARD BURR,R,MARSHALL E,BURR R,-1.0,SEN,-7.20960795702592,-13.977462055165855,1.9545049882615242
2010,ND,False,-54.86353795537069,JOHN HOEVEN,R,POTTER T,HOEVEN J,0.0,SEN,-16.35884712109679,-23.126701219236725,-31.736836736133963
2010,NH,False,-23.97501605171033,KELLY AYOTTE,R,HODES P,AYOTTE K,0.0,SEN,2.195547683058458,-4.572306415081478,-19.402709636628853
2010,NV,False,6.054847941813589,HARRY REID,D,REID H,ANGLE S,1.0,SEN,5.231941693231664,-1.535912404908272,7.590760346721861
2010,NY,False,42.175657757403236,CHARLES E. SCHUMER,D,SCHUMER C,TOWNSEND J,1.0,SEN,23.98618020240798,17.218326104268044,24.957331653135192
2010,NY,True,35.90466648403541,KIRSTEN E. GILLIBRAND,D,GILLIBRAND K,DIOGUARDI J,0.0,SEN,23.98618020240798,17.218326104268044,18.686340379767366
2010,OH,False,-18.12194805120534,ROB PORTMAN,R,FISHER L,PORTMAN R,0.0,SEN,-2.8738530326522973,-9.641707130792234,-8.480240920413106
2010,OK,False,-45.989011435584416,THOMAS A. COBURN,R,ROGERS J,COBURN T,-1.0,SEN,-38.83169680254755,-45.59955090068748,-0.38946053489693355
2010,OR,False,18.632383563769935,RON WYDEN,D,WYDEN R,HUFFMAN J,1.0,SEN,9.285907797293813,2.518053699153877,16.114329864616057
2010,PA,False,-2.0169893814480417,PAT TOOMEY,R,SESTAK J,TOOMEY P,0.0,SEN,2.917873073808356,-3.84998102433158,1.8329916428835382
2010,SC,False,-37.960249079225335,JIM DEMINT,R,GREENE A,DEMINT J,-1.0,SEN,-16.630392935578808,-23.398247033718743,-14.562002045506592
2010,UT,False,-30.548869388827008,MIKE LEE,R,GRANATO S,LEE M,0.0,SEN,-36.59425730264068,-43.36211140078061,12.813242011953605
2010,VT,False,35.084382534154834,PATRICK J. LEAHY,D,LEAHY P,BRITTON L,1.0,SEN,30.256828921515655,23.48897482337572,11.595407710779114
2010,WA,False,4.729651697626612,PATTY MURRAY,D,MURRAY P,ROSSI D,1.0,SEN,9.962519047057349,3.1946649489174126,1.5349867487091995
2010,WI,False,-4.898488233614691,RON JOHNSON,R,FEINGOLD R,JOHNSON R,1.0,SEN,6.569821938476282,-0.19803215966365428,-4.700456073951036
2010,WV,True,10.391120651536609,JOE MANCHIN III,D,MANCHIN J,RAESE J,0.0,SEN,-20.889022091435052,-27.656876189574987,38.0479968411116
2012,AZ,False,-3.1721173153280313,JEFF FLAKE,R,CARMONA R,FLAKE J,0.0,SEN,-13.246547045851234,-12.096893057947538,8.924775742619506
2012,CA,False,25.048568944289194,DIANNE FEINSTEIN,D,FEINSTEIN D,EMKEN E,1.0,SEN,19.725835728148382,20.87548971605208,4.173079228237114
2012,CT,False,13.481716601600512,CHRISTOPHER S. MURPHY,D,MURPHY C,MCMAHON L,0.0,SEN,13.525368355369329,14.675022343273024,-1.1933057416725124
2012,DE,False,39.283418390774436,THOMAS R. CARPER,D,CARPER T,WADE K,1.0,SEN,14.87412324011146,16.023777228015156,23.25964116275928
2012,FL,False,13.345297340747944,BILL NELSON,D,NELSON B,MACK C,1.0,SEN,-3.1352823197123953,-1.9856283318086996,15.330925672556644
2012,HI,False,25.203085836142193,MAZIE K. HIRONO,D,HIRONO M,LINGLE L,0.0,SEN,39.38791040370398,40.537564391607674,-15.33447855546548
2012,IN,False,6.1106459245934035,JOE DONNELLY,D,DONNELLY J,MOURDOCK R,0.0,SEN,-14.420535793099463,-13.270881805195767,19.38152772978917
2012,MA,False,7.554477975801374,ELIZABETH A. WARREN,D,WARREN E,BROWN S,0.0,SEN,19.55157489967516,20.701228887578857,-13.146750911777483
2012,MD,False,36.02316963954083,BENJAMIN L. CARDIN,D,CARDIN B,BONGINO D,1.0,SEN,22.6236649753671,23.773318963270796,12.249850676270036
2012,ME,False,-39.73382982105034,ANGUS KING,O,DILL C,SUMMERS C,0.0,SEN,11.700056188709365,12.84971017661306,-52.5835399976634
2012,MI,False,21.505538713256225,DEBBIE STABENOW,D,STABENOW D,HOEKSTRA P,1.0,SEN,5.581277543910893,6.730931531814589,14.774607181441636
2012,MN,False,36.23860405374483,AMY KLOBUCHAR,D,KLOBUCHAR A,BILLS K,1.0,SEN,3.8626663249515234,5.012320312855219,31.22628374088961
2012,MO,False,16.715567491731385,CLAIRE MCCASKILL,D,MCCASKILL C,AKIN W,1.0,SEN,-13.5771201052048,-12.427466117301105,29.14303360903249
2012,MS,False,-16.99449259042794,ROGER F. WICKER,R,GORE A,WICKER R,-1.0,SEN,-15.623584996020416,-14.47393100811672,-2.5205615823112186
2012,MT,False,3.9790917137484754,JON TESTER,D,TESTER J,REHBERG D,1.0,SEN,-18.08825032620777,-16.938596338304073,20.917688052052547
2012,ND,False,0.9182518186765414,HEIDI HEITKAMP,D,HEITKAMP H,BERG R,0.0,SEN,-24.24220317626832,-23.09254918836462,24.010801007041163
2012,NE,False,-15.54886554430033,DEB FISCHER,R,KERREY B,FISCHER D,0.0,SEN,-26.27856713489558,-25.128913146991884,9.580047602691554
2012,NJ,False,19.840323838015877,ROBERT MENENDEZ,D,MENENDEZ R,KYRILLOS J,1.0,SEN,13.88414450272669,15.033798490630385,4.806525347385492
2012,NM,False,5.9515888708755424,MARTIN HEINRICH,D,HEINRICH M,WILSON H,0.0,SEN,6.570622695372533,7.720276683276229,-1.7686878124006862
2012,NV,False,-1.280905043065674,DEAN HELLER,R,BERKLEY S,HELLER D,0.0,SEN,2.795297728248209,3.9449517161519045,-5.225856759217579
2012,NY,False,48.95615440739112,KIRSTEN E. GILLIBRAND,D,GILLIBRAND K,LONG W,1.0,SEN,28.06560314210992,29.21525713001362,19.7408972773775
2012,OH,False,6.289971418139651,SHERROD BROWN,D,BROWN S,MANDEL J,1.0,SEN,-0.9916730599458741,0.1579809279578217,6.131990490181829
2012,PA,False,9.261954081514569,"ROBERT P. CASEY, JR.",D,CASEY R,SMITH T,0.0,SEN,1.444081405338797,2.5937353932424925,6.668218688272076
2012,RI,False,29.912571658646012,SHELDON WHITEHOUSE,D,WHITEHOUSE S,HINCKLEY B,1.0,SEN,24.01370535931938,25.16335934722308,4.749212311422934
2012,TN,False,-36.18641022453753,BOB CORKER,R,CLAYTON M,CORKER B,-1.0,SEN,-24.72192965103295,-23.572275663129254,-12.614134561408278
2012,TX,False,-16.309097081569977,TED CRUZ,R,SADLER P,CRUZ T,0.0,SEN,-20.035581028657624,-18.885927040753927,2.57682995918395
2012,UT,False,-37.07577325658351,ORRIN G. HATCH,R,HOWELL S,HATCH O,-1.0,SEN,-53.272164388739824,-52.12251040083613,15.046737144252617
2012,VA,False,5.91538801810197,TIMOTHY M. KAINE,D,KAINE T,ALLEN G,0.0,SEN,-0.08503322091589505,1.0646207669878007,4.850767251114169
2012,WA,False,20.90198236342602,MARIA CANTWELL,D,CANTWELL M,BAUMGARTNER M,1.0,SEN,11.236809942798832,12.386463930702527,8.515518432723491
2012,WI,False,5.704300652835616,TAMMY BALDWIN,D,BALDWIN T,THOMPSON T,0.0,SEN,2.9070733672999713,4.056727355203667,1.6475732976319488
2012,WV,False,24.834513060240212,JOE MANCHIN III,D,MANCHIN J,RAESE J,1.0,SEN,-31.368381862530335,-30.218727874626637,55.05324093486685
2012,WY,False,-55.49651864069602,JOHN BARRASSO,R,CHESNUT T,BARRASSO J,-1.0,SEN,-46.341054621487714,-45.19140063358402,-10.305118007112
2014,AK,False,-2.270496383213277,DAN SULLIVAN,R,BEGICH M,SULLIVAN D,1.0,SEN,-18.650367561565602,-24.703453743112792,22.432957359899515
2014,AR,False,-17.791666102906174,TOM COTTON,R,PRYOR M,COTTON T,1.0,SEN,-28.328597300904093,-34.38168348245129,16.590017379545113
2014,CO,False,-2.0584058661040383,CORY GARDNER,R,UDALL M,GARDNER C,1.0,SEN,1.4761900299601773,-4.576896151587014,2.5184902854829754
2014,DE,False,13.871482233591019,CHRISTOPHER A. COONS,D,COONS C,WADE K,1.0,SEN,14.87412324011146,8.821037058564269,5.05044517502675
2014,GA,False,-7.831874164069302,DAVID A. PERDUE,R,NUNN M,PERDUE D,0.0,SEN,-11.933084794558306,-17.986170976105498,10.154296812036197
2014,HI,True,43.15741242862487,BRIAN SCHATZ,D,SCHATZ B,CAVASSO C,0.0,SEN,39.38791040370398,33.33482422215678,9.82258820646809
2014,IA,False,-8.698964398007286,JONI ERNST,R,BRALEY B,ERNST J,0.0,SEN,1.898917257755497,-4.154168923791694,-4.544795474215592
2014,ID,False,-30.656723928906374,JAMES E. RISCH,R,MITCHELL N,RISCH J,-1.0,SEN,-36.86256028559552,-42.915646467142714,12.258922538236341
2014,IL,False,11.277308796972688,RICHARD J. DURBIN,D,DURBIN R,OBERWEIS J,1.0,SEN,13.135260185788956,7.082174004241765,4.195134792730923
2014,KY,False,-15.960574494155525,MICH MCCONNELL,R,GRIMES A,MCCONNELL M,-1.0,SEN,-27.10533138605468,-33.15841756760187,17.19784307344635
2014,LA,False,-9.916017810070171,BILL CASSIDY,R,LANDRIEU M,CASSIDY B,1.0,SEN,-21.513437826672813,-27.566524008220004,17.650506198149834
2014,MA,False,23.92023801403914,EDWARD J. MARKEY,D,MARKEY E,HERR B,0.0,SEN,19.55157489967516,13.49848871812797,10.42174929591117
2014,ME,False,-36.97684009679359,SUSAN M. COLLINS,R,BELLOWS S,COLLINS S,-1.0,SEN,11.700056188709365,5.646970007162174,-42.62381010395576
2014,MI,False,13.84702192054782,GARY C. PETERS,D,PETERS G,LAND T,0.0,SEN,5.581277543910893,-0.47180863763629777,14.318830558184118
2014,MN,False,10.663790458498124,AL FRANKEN,D,FRANKEN A,MCFADDEN M,1.0,SEN,3.8626663249515234,-2.1904198565956676,12.854210315093791
2014,MS,False,-22.501618332470223,THAD COCHRAN,R,CHILDERS T,COCHRAN T,-1.0,SEN,-15.623584996020416,-21.676671177567606,-0.8249471549026168
2014,MT,False,-18.106180556131232,STEVE DAINES,R,CURTIS A,DAINES S,0.0,SEN,-18.08825032620777,-24.14133650775496,6.035155951623729
2014,NC,False,-1.6283279362778527,THOM TILLIS,R,HAGAN K,TILLIS T,1.0,SEN,-6.0878564044548575,-12.140942586002048,10.512614649724195
2014,NE,False,-34.283832564319965,BEN SASSE,R,DOMINA D,SASSE B,0.0,SEN,-26.27856713489558,-32.331653316442775,-1.95217924787719
2014,NH,False,3.2550854930107227,JEANNE SHAHEEN,D,SHAHEEN J,BROWN S,1.0,SEN,1.6477173580713487,-4.405368823475842,7.660454316486565
2014,NJ,False,13.762755678923343,CORY A. BOOKER,D,BOOKER C,BELL J,0.0,SEN,13.88414450272669,7.831058321179499,5.931697357743844
2014,NM,False,11.117620357474015,TOM UDALL,D,UDALL T,WEH A,1.0,SEN,6.570622695372533,0.517536513825342,10.600083843648672
2014,OK,False,-40.86688126914103,JAMES M. INHOFE,R,SILVERSTEIN M,INHOFE J,-1.0,SEN,-37.56442608447798,-43.61751226602517,2.7506309968841407
2014,OK,True,-40.13951001666824,JAMES LANKFORD,R,JOHNSON C,LANKFORD J,0.0,SEN,-37.56442608447798,-43.61751226602517,3.4780022493569334
2014,OR,False,20.370419629609927,JEFF MERKLEY,D,MERKLEY J,WEHBY M,1.0,SEN,8.52254775904991,2.4694615775027193,17.900958052107207
2014,RI,False,41.40580795867985,JACK REED,D,REED J,ZACCARIA M,1.0,SEN,24.01370535931938,17.96061917777219,23.44518878090766
2014,SC,False,-19.139711083000567,LINDSEY GRAHAM,R,HUTTO B,GRAHAM L,-1.0,SEN,-14.6362960075756,-20.689382189122792,1.5496711061222257
2014,SC,True,-24.460263741393394,TIM SCOTT,R,DICKERSON J,SCOTT T,0.0,SEN,-14.6362960075756,-20.689382189122792,-3.770881552270602
2014,SD,False,-26.113702245101862,MIKE ROUNDS,R,WEILAND R,ROUNDS M,0.0,SEN,-22.456784874835343,-28.509871056382533,2.3961688112806705
2014,TN,False,-32.00774883825659,LAMAR ALEXANDER,R,BALL G,ALEXANDER L,-1.0,SEN,-24.72192965103295,-30.77501583258014,-1.2327330056764474
2014,TX,False,-28.350913831561826,JOHN CORNYN,R,ALAMEEL D,CORNYN J,-1.0,SEN,-20.035581028657624,-26.088667210204814,-2.2622466213570114
2014,VA,False,0.8324071060998579,MARK R. WARNER,D,WARNER M,GILLESPIE E,1.0,SEN,-0.08503322091589505,-6.1381194024630865,6.970526508562944
2014,WV,False,-28.632069012734494,SHELLEY MOORE CAPITO,R,TENNANT N,CAPITO S,0.0,SEN,-31.368381862530335,-37.42146804407753,8.789399031343034
2014,WY,False,-61.07227806083575,MICHAEL B. ENZI,R,HARDY C,ENZI M,-1.0,SEN,-46.341054621487714,-52.39414080303491,-8.678137257800842
2016,AK,False,-58.47409506220282,LISA MURKOWSKI,R,METCALFE R,MURKOWSKI L,-1.0,SEN,-19.09632225730432,-20.18753576132578,-38.286559300877045
2016,AL,False,-28.140480935669373,RICHARD C. SHELBY,R,CRUMPTON R,SHELBY R,-1.0,SEN,-31.073300023089665,-32.164513527111126,4.0240325914417525
2016,AR,False,-24.598667778419816,JOHN BOOZMAN,R,ELDRIDGE C,BOOZMAN J,-1.0,SEN,-30.895288214709105,-31.986501718730565,7.387833940310749
2016,AZ,False,-13.739656027630211,JOHN MCCAIN,R,KIRKPATRICK A,MCCAIN J,-1.0,SEN,-6.103253727441578,-7.1944672314630385,-6.545188796167173
2016,CO,False,6.008906322746699,MICHAEL F. BENNET,D,BENNET M,GLENN D,1.0,SEN,3.0416539101966937,1.9504404061752334,4.058465916571466
2016,CT,False,24.986307059855964,RICHARD BLUMENTHAL,D,BLUMENTHAL R,CARTER D,1.0,SEN,11.958082199359099,10.866868695337638,14.119438364518325
2016,FL,False,-7.961156507461697,MARCO RUBIO,R,MURPHY P,RUBIO M,-1.0,SEN,-3.5626837807191416,-4.6538972847406015,-3.307259222721095
2016,GA,False,-14.350834098061535,JOHNNY ISAKSON,R,BARKSDALE J,ISAKSON J,-1.0,SEN,-7.647358033774605,-8.738571537796066,-5.612262560265469
2016,HI,False,53.587288388181044,BRIAN SCHATZ,D,SCHATZ B,CARROLL J,1.0,SEN,32.55766206590273,31.466448561881272,22.120839826299772
2016,IA,False,-25.520530110127844,CHUCK GRASSLEY,R,JUDGE P,GRASSLEY C,-1.0,SEN,-12.45210852540887,-13.54332202943033,-11.977208080697514
2016,ID,False,-40.91980428894684,MIKE CRAPO,R,STURGILL J,CRAPO M,-1.0,SEN,-38.94536619677935,-40.03657970080081,-0.8832245881460352
2016,IL,False,15.93510275448512,TAMMY DUCKWORTH,D,DUCKWORTH T,KIRK M,-1.0,SEN,15.71508994625478,14.62387644223332,1.3112263122518009
2016,IN,False,-10.261338057669212,TODD C. YOUNG,R,BAYH E,YOUNG T,0.0,SEN,-22.55963188418432,-23.65084538820578,13.389507330536569
2016,KS,False,-31.708562775825545,JERRY MORAN,R,WIESNER P,MORAN J,-1.0,SEN,-24.547953520381512,-25.639167024402973,-6.069395751422572
2016,KY,False,-14.549104429230917,RAND PAUL,R,GRAY J,PAUL R,-1.0,SEN,-33.6662708701879,-34.75748437420936,20.208379944978446
2016,LA,False,-27.469610646043726,JOHN KENNEDY,R,CAMPBELL F,KENNEDY J,0.0,SEN,-22.66836731078376,-23.759580814805222,-3.7100298312385043
2016,MD,False,26.11051851041458,CHRIS VAN HOLLEN,D,HOLLEN C,SZELIGA K,0.0,SEN,25.69697818196214,24.60576467794068,1.5047538324738987
2016,MO,False,-2.9215375759055466,ROY BLUNT,R,KANDER J,BLUNT R,-1.0,SEN,-21.96213482630031,-23.05334833032177,20.131810754416225
2016,NC,False,-5.907120107897773,RICHARD BURR,R,ROSS D,BURR R,-1.0,SEN,-6.132504442605612,-7.2237179466270725,1.3165978387292991
2016,ND,False,-64.44460759121944,JOHN HOEVEN,R,GLASSHEIM E,HOEVEN J,-1.0,SEN,-41.94349862820767,-43.03471213222913,-21.409895458990306
2016,NH,False,0.14358707913949406,MAGGIE HASSAN,D,HASSAN M,AYOTTE K,-1.0,SEN,-1.9309559504067733,-3.0221694544282336,3.165756533567728
2016,NV,False,2.646319389070401,CATHERINE CORTEZ MASTO,D,MASTO C,HECK J,0.0,SEN,0.2624060048022203,-0.82880749921924,3.475126888289641
2016,NY,False,47.022493499301724,CHARLES E. SCHUMER,D,SCHUMER C,LONG W,1.0,SEN,24.498000164382564,23.406786660361103,23.61570683894062
2016,OH,False,-21.926780992967416,ROB PORTMAN,R,STRICKLAND T,PORTMAN R,-1.0,SEN,-10.86038198943999,-11.95159549346145,-9.975185499505965
2016,OK,False,-46.751914829634586,JAMES LANKFORD,R,WORKMAN M,LANKFORD J,-1.0,SEN,-40.93448731182445,-42.02570081584591,-4.7262140137886774
2016,OR,False,25.85164201625646,RON WYDEN,D,WYDEN R,CALLAHAN M,1.0,SEN,9.986665054940529,8.895451550919068,16.956190465337393
2016,PA,False,-1.4903603649758266,PATRICK J. TOOMEY,R,MCGINTY K,TOOMEY P,-1.0,SEN,-3.0760844501485067,-4.1672979541699675,2.676937589194141
2016,SC,False,-27.596499548595713,TIM SCOTT,R,DIXON T,SCOTT T,-1.0,SEN,-17.24552555621622,-18.33673906023768,-9.259760488358033
2016,SD,False,-43.65572315882875,JOHN R. THUNE,R,WILLIAMS J,THUNE J,-1.0,SEN,-34.26872899403068,-35.35994249805214,-8.295780660776607
2016,UT,False,-43.15709392342182,MIKE LEE,R,SNOW M,LEE M,-1.0,SEN,-27.09080952599075,-28.18202303001221,-14.975070893409608
2016,VT,False,29.946599972962012,PATRICK J. LEAHY,D,LEAHY P,MILNE S,1.0,SEN,28.047839812472564,26.956626308451103,2.9899736645109094
2016,WA,False,18.02602089157489,PATTY MURRAY,D,MURRAY P,VANCE C,1.0,SEN,15.248849564961356,14.157636060939895,3.868384830634996
2016,WI,False,-3.4665288484603503,RON JOHNSON,R,FEINGOLD R,JOHNSON R,-1.0,SEN,-3.1409909112276084,-4.232204415249068,0.7656755667887181
2018,AZ,False,2.402957486136784,KYRSTEN SINEMA,D,SINEMA K,MCSALLY M,0.0,SEN,-6.103253727441578,2.6210132560873944,-0.2180557699506105
2018,CT,False,18.146665446729493,CHRISTOPHER S MURPHY,D,MURPHY C,COREY M,1.0,SEN,11.958082199359099,20.68234918288807,-2.5356837361585782
2018,DE,False,22.63900798844609,THOMAS R CARPER,D,CARPER T,ARLETT R,1.0,SEN,9.672230052194262,18.396497035723236,4.242510952722853
2018,FL,False,-0.12251835607793257,RICK SCOTT,R,NELSON B,SCOTT R,1.0,SEN,-3.5626837807191416,5.1615832028098305,-5.284101558887763
2018,HI,False,42.30219569410147,MAZIE K. HIRONO,D,HIRONO M,CURTIS R,1.0,SEN,32.55766206590273,41.2819290494317,1.0202666446697677
2018,IN,False,-6.162903216195068,MIKE BRAUN,R,DONNELLY J,BRAUN M,1.0,SEN,-22.55963188418432,-13.835364900655348,7.67246168446028
2018,MA,False,25.038879177334596,ELIZABETH A. WARREN,D,WARREN E,DIEHL G,1.0,SEN,26.977544544090815,35.70181152761979,-10.662932350285192
2018,MD,False,36.305663220524615,BEN CARDIN,D,CARDIN B,CAMPBELL T,1.0,SEN,25.69697818196214,34.421245165491115,1.8844180550334997
2018,ME,False,-54.26165579597612,"ANGUS S. KING, JR.",O,RINGELSTEIN Z,BRAKEY E,0.0,SEN,0.8685694231568855,9.592836406685858,-63.85449220266197
2018,MI,False,6.637138311355607,DEBBIE STABENOW,D,STABENOW D,JAMES J,1.0,SEN,-2.560349269091275,6.163917714437697,0.4732205969179102
2018,MN,False,24.963466608899427,AMY KLOBUCHAR,D,KLOBUCHAR A,NEWBERGER J,1.0,SEN,-0.6616254208072092,8.062641562721764,16.900825046177665
2018,MN,True,11.14061979867146,TINA SMITH,D,SMITH T,HOUSLEY K,0.0,SEN,-0.6616254208072092,8.062641562721764,3.077978235949697
2018,MO,False,-5.99663324974175,JOSH HAWLEY,R,MCCASKILL C,HAWLEY J,1.0,SEN,-21.96213482630031,-13.237867842771339,7.2412345930295885
2018,MS,False,-19.412856279969386,ROGER F. WICKER,R,BARIA D,WICKER R,-1.0,SEN,-20.504707483288293,-11.78044049975932,-7.632415780210065
2018,MS,True,-7.266512999290427,CINDY HYDE-SMITH,R,ESPY M,SMITH C,0.0,SEN,-20.504707483288293,-11.78044049975932,4.513927500468894
2018,MT,False,3.656915843777241,JON TESTER,D,TESTER J,ROSENDALE M,1.0,SEN,-24.544341469217052,-15.82007448568808,19.47699032946532
2018,ND,False,-10.90541074249605,KEVIN CRAMER,R,HEITKAMP H,CRAMER K,1.0,SEN,-41.94349862820767,-33.2192316446787,22.31382090218265
2018,NE,False,-19.795028139801627,DEB FISCHER,R,RAYBOULD J,FISCHER D,-1.0,SEN,-29.420361061523316,-20.696094077994346,0.9010659381927191
2018,NJ,False,11.544410589867935,ROBERT MENENDEZ,D,MENENDEZ R,HUGIN B,1.0,SEN,12.243367450634407,20.96763443416338,-9.423223844295444
2018,NM,False,27.83688334059555,MARTIN T HEINRICH,D,HEINRICH M,RICH M,1.0,SEN,6.9765770334800425,15.700844017009015,12.136039323586534
2018,NV,False,5.247548248472789,JACKY ROSEN,D,ROSEN J,HELLER D,-1.0,SEN,0.2624060048022203,8.986672988331193,-3.739124739858404
2018,NY,False,36.91353586849846,KIRSTEN E. GILLIBRAND,D,GILLIBRAND K,FARLEY C,1.0,SEN,24.498000164382564,33.22226714791154,3.691268720586919
2018,OH,False,6.84734253901348,SHERROD BROWN,D,BROWN S,RENACCI J,1.0,SEN,-10.86038198943999,-2.1361150059110177,8.983457544924498
2018,PA,False,13.085564092459117,ROBERT P CASEY JR,D,CASEY R,BARLETTA L,1.0,SEN,-3.0760844501485067,5.648182533380465,7.437381559078652
2018,RI,False,23.15947411265822,SHELDON WHITEHOUSE,D,WHITEHOUSE S,FLANDERS R,1.0,SEN,14.296395350151448,23.02066233368042,0.13881177897780006
2018,TN,False,-10.93720415394411,MARSHA BLACKBURN,R,BREDESEN P,BLACKBURN M,0.0,SEN,-29.573698925692153,-20.84943194216318,9.912227788219068
2018,TX,False,-2.5874814972216487,TED CRUZ,R,ROURKE B,CRUZ T,-1.0,SEN,-11.751463991112153,-3.0271970075831813,0.43971551036153267
2018,UT,False,-33.87894010199687,MITT ROMNEY,R,WILSON J,ROMNEY M,0.0,SEN,-27.09080952599075,-18.36654254246178,-15.512397559535088
2018,VA,False,16.319900580969303,TIMOTHY M. KAINE,D,KAINE T,STEWART C,1.0,SEN,3.327739719141222,12.052006702670194,4.267893878299109
2018,WA,False,16.867519849859114,MARIA CANTWELL,D,CANTWELL M,HUTCHISON S,1.0,SEN,15.248849564961356,23.973116548490328,-7.105596698631214
2018,WI,False,10.837125004562045,TAMMY BALDWIN,D,BALDWIN T,VUKMIR L,1.0,SEN,-3.1409909112276084,5.583276072301364,5.253848932260682
2018,WV,False,3.3894179136536122,JOE MANCHIN,D,MANCHIN J,MORRISEY P,1.0,SEN,-46.64711733775973,-37.92285035423076,41.31226826788437
2018,WY,False,-37.97819051140364,JOHN BARRASSO,R,TRAUNER G,BARRASSO J,-1.0,SEN,-53.735652093475764,-45.011385109946794,7.0331945985431545
2018,AL,False,-18.983663154472012,,,,,,GOV,-31.073300023089665,-22.349033039560695,3.3653698850886826
2018,AR,False,-34.56327458573237,,,,,,GOV,-30.895288214709105,-22.171021231180134,-12.392253354552238
2018,AZ,False,-14.472794645115009,,,,,,GOV,-6.103253727441578,2.6210132560873944,-17.093807901202403
2018,CA,False,23.89705425162475,,,,,,GOV,29.931428250291585,38.65569523382056,-14.75864098219581
2018,CO,False,11.033798975918318,,,,,,GOV,3.0416539101966937,11.765920893725665,-0.7321219178073477
2018,CT,False,3.3002860986687153,,,,,,GOV,11.958082199359099,20.68234918288807,-17.382063084219357
2018,FL,False,-0.3993417738291432,,,,,,GOV,-3.5626837807191416,5.1615832028098305,-5.560924976638974
2018,GA,False,-1.402401224163545,,,,,,GOV,-7.647358033774605,1.0769089497543671,-2.479310173917912
2018,HI,False,30.05817025219499,,,,,,GOV,32.55766206590273,41.2819290494317,-11.223758797236712
2018,IA,False,-2.7952006568787016,,,,,,GOV,-12.45210852540887,-3.727841541879897,0.9326408850011956
2018,ID,False,-22.029820731448083,,,,,,GOV,-38.94536619677935,-30.221099213250376,8.191278481802293
2018,IL,False,16.81770120200297,,,,,,GOV,15.71508994625478,24.439356929783752,-7.621655727780784
2018,KS,False,5.573405562462808,,,,,,GOV,-24.547953520381512,-15.82368653685254,21.397092099315348
2018,MA,False,-33.57831751284442,,,,,,GOV,26.977544544090815,35.70181152761979,-69.2801290404642
2018,MD,False,-11.982927494082166,,,,,,GOV,25.69697818196214,34.421245165491115,-46.40417265957328
2018,ME,False,8.200440606601008,,,,,,GOV,0.8685694231568855,9.592836406685858,-1.3923958000848504
2018,MI,False,9.856662837846518,,,,,,GOV,-2.560349269091275,6.163917714437697,3.6927451234088204
2018,MN,False,11.859277397110407,,,,,,GOV,-0.6616254208072092,8.062641562721764,3.7966358343886437
2018,NE,False,-18.00091979581106,,,,,,GOV,-29.420361061523316,-20.696094077994346,2.6951742821832845
2018,NH,False,-7.149770934823039,,,,,,GOV,-1.9309559504067733,6.793311033122199,-13.943081967945238
2018,NM,False,14.398119630875614,,,,,,GOV,6.9765770334800425,15.700844017009015,-1.3027243861334004
2018,NV,False,4.312271616501526,,,,,,GOV,0.2624060048022203,8.986672988331193,-4.674401371829667
2018,NY,False,27.563160153222796,,,,,,GOV,24.498000164382564,33.22226714791154,-5.659106994688742
2018,OH,False,-3.8500688943073307,,,,,,GOV,-10.86038198943999,-2.1361150059110177,-1.713953888396313
2018,OK,False,-12.535965194072377,,,,,,GOV,-40.93448731182445,-32.21022032829548,19.674255134223102
2018,OR,False,9.590332790127784,,,,,,GOV,9.986665054940529,18.7109320384695,-9.120599248341717
2018,PA,False,17.33541436344324,,,,,,GOV,-3.0760844501485067,5.648182533380465,11.687231830062773
2018,RI,False,17.21322628929106,,,,,,GOV,14.296395350151448,23.02066233368042,-5.807436044389359
2018,SC,False,-8.042103189401029,,,,,,GOV,-17.24552555621622,-8.521258572687247,0.47915538328621743
2018,SD,False,-3.454865114997439,,,,,,GOV,-34.26872899403068,-25.54446201050171,22.089596895504272
2018,TN,False,-21.410705920892116,,,,,,GOV,-29.573698925692153,-20.84943194216318,-0.5612739787289378
2018,TX,False,-13.530895009728672,,,,,,GOV,-11.751463991112153,-3.0271970075831813,-10.50369800214549
2018,VT,False,-15.644734628969863,,,,,,GOV,28.047839812472564,36.77210679600154,-52.4168414249714
2018,WI,False,1.115678752931978,,,,,,GOV,-3.1409909112276084,5.583276072301364,-4.467597319369386
2018,WY,False,-41.81736902020512,,,,,,GOV,-53.735652093475764,-45.011385109946794,3.194016089741673
2020,AK,False,-13.359036716293968,DAN SULLIVAN,R,GROSS A,SULLIVAN D,-1.0,SEN,-15.059671689956017,-11.887046092398826,-1.4719906238951417
2020,AL,False,-20.392950824067242,TOMMY TUBERVILLE,R,JONES D,TUBERVILLE T,0.0,SEN,-30.358723908966837,-27.186098311409644,6.793147487342402
2020,AZ,True,2.3468479452634665,MARK KELLY,D,KELLY M,MCSALLY M,0.0,SEN,-4.222310883998767,-1.0496852864415747,3.396533231705041
2020,CO,False,9.54316988577507,JOHN W. HICKENLOOPER,D,HICKENLOOPER J,GARDNER C,-1.0,SEN,9.340664742342911,12.513290339900102,-2.9701204541250323
2020,DE,False,22.130005147972827,CHRISTOPHER A. COONS,D,COONS C,WITZKE L,1.0,SEN,14.717514087711551,17.890139685268743,4.239865462704085
2020,GA,False,-1.8212843302317736,DAVID A. PERDUE,R,OSSOFF J,PERDUE D,-1.0,SEN,-4.297314916440104,-1.1246893188829121,-0.6965950113488615
2020,GA,True,-0.9950812083509559,RAPHAEL WARNOCK,D,WARNOCK R,LOEFFLER K,0.0,SEN,-4.297314916440104,-1.1246893188829121,0.1296081105319562
2020,IA,False,-6.7992463527622204,JONI ERNST,R,GREENFIELD T,ERNST J,-1.0,SEN,-12.902500411531502,-9.729874813974309,2.9306284612120885
2020,ID,False,-30.641627543035995,JIM RISCH,R,JORDAN P,RISCH J,-1.0,SEN,-36.290260092413135,-33.11763449485594,2.4760069518199472
2020,IL,False,17.1297420875902,RICHARD J. DURBIN,D,DURBIN R,CURRAN M,1.0,SEN,12.782113223356449,15.95473882091364,1.1750032666765584
2020,KS,False,-12.037934823761901,ROGER MARSHALL,R,BOLLIER B,MARSHALL R,0.0,SEN,-19.5228307535201,-16.350205155962907,4.312270332201006
2020,KY,False,-20.348541061255716,MITCH MCCONNELL,R,MCGRATH A,MCCONNELL M,-1.0,SEN,-30.936180042783327,-27.763554445226134,7.415013383970418
2020,LA,False,-26.838180835518546,"""BILL"" CASSIDY",R,PERKINS A,CASSIDY B,-1.0,SEN,-23.46485515483949,-20.292229557282297,-6.545951278236249
2020,MA,False,33.376306082124145,EDWARD J. MARKEY,D,MARKEY E,CONNER K,1.0,SEN,29.6951248380389,32.86775043559609,0.5085556465280519
2020,ME,False,-9.207078868510646,SUSAN MARGARET COLLINS,R,GIDEON S,COLLINS S,-1.0,SEN,4.804834921750553,7.977460519307745,-17.18453938781839
2020,MI,False,1.7172850548123317,GARY PETERS,D,PETERS G,JAMES J,1.0,SEN,-1.7088555534384735,1.4637700441187187,0.25351501069361304
2020,MN,False,5.67945742304279,TINA SMITH,D,SMITH T,LEWIS J,1.0,SEN,2.7430530548759418,5.915678652433134,-0.23622122939034362
2020,MS,False,-10.15523962856757,CINDY HYDE-SMITH,R,ESPY M,SMITH C,-1.0,SEN,-21.305945897035116,-18.133320299477923,7.978080670910353
2020,MT,False,-10.024321499512084,STEVE DAINES,R,BULLOCK S,DAINES S,-1.0,SEN,-21.330334426353602,-18.15770882879641,8.133387329284325
2020,NC,False,-1.8266039392516145,THOM TILLIS,R,CUNNINGHAM C,TILLIS T,-1.0,SEN,-5.904339308630844,-2.7317137110736516,0.9051097718220371
2020,NE,False,-43.951755154200455,BEN SASSE,R,JANICEK C,SASSE B,-1.0,SEN,-24.104078735460845,-20.931453137903652,-23.020302016296803
2020,NH,False,16.02932792111268,JEANNE SHAHEEN,D,SHAHEEN J,MESSNER C,1.0,SEN,2.9607212009326886,6.133346798489881,9.8959811226228
2020,NJ,False,16.615139632373694,CORY BOOKER,D,BOOKER C,MEHTA R,1.0,SEN,11.606592931332292,14.779218528889484,1.8359211034842104
2020,NM,False,6.271235410978694,BEN R. LUJAN,D,LUJAN B,RONCHETTI M,0.0,SEN,6.501006061182089,9.673631658739282,-3.4023962477605885
2020,OK,False,-31.525022113596386,JIM INHOFE ,R,BROYLES A,INHOFE J,-1.0,SEN,-38.416053236070425,-35.24342763851323,3.7184055249168466
2020,OR,False,18.274771796454658,JEFF MERKLEY,D,MERKLEY J,PERKINS J,1.0,SEN,12.078339728626068,15.250965326183259,3.023806470271399
2020,RI,False,33.17984958322271,JOHN F. REED,D,REED J,WATERS A,1.0,SEN,16.662745525661123,19.835371123218316,13.344478460004396
2020,SC,False,-10.415832481506795,LINDSEY GRAHAM,R,HARRISON J,GRAHAM L,-1.0,SEN,-16.389191741421584,-13.21656614386439,2.8007336623575956
2020,SD,False,-31.470495146578333,MIKE ROUNDS,R,AHLERS D,ROUNDS M,-1.0,SEN,-31.405533965620393,-28.2329083680632,-3.2375867785151335
2020,TN,False,-27.77034560803882,BILL HAGERTY,R,BRADSHAW M,HAGERTY B,0.0,SEN,-28.191514986390104,-25.01888938883291,-2.7514562192059095
2020,TX,False,-9.89904206207535,JOHN CORNYN,R,HEGAR M,CORNYN J,-1.0,SEN,-10.197416715816459,-7.024791118259267,-2.874250943816084
2020,VA,False,12.095828412713526,MARK R. WARNER,D,WARNER M,GADE D,1.0,SEN,5.773399756542423,8.946025354099614,3.1498030586139123
2020,WV,False,-44.49214332185657,SHELLEY MOORE CAPITO,R,SWEARENGIN P,CAPITO S,-1.0,SEN,-44.13303887010145,-40.96041327254426,-3.5317300493123085
2022,AL,False,-36.65298426281819,KATIE BRITT,R,BOYD W,BRITT K,0.0,SEN,-30.358723908966837,-33.137760148427276,-3.515224114390911
2022,AR,False,-35.782880140816665,JOHN BOOZMAN,R,JAMES N,BOOZMAN J,-1.0,SEN,-32.96084079822369,-35.73987703768413,-0.04300310313253419
2022,AZ,False,4.991313774269314,MARK KELLY,D,KELLY M,MASTERS B,1.0,SEN,-4.222310883998767,-7.001347123459203,11.992660897728516
2022,CA,False,22.129006377004053,ALEX PADILLA,D,PADILLA A,MEUSER M,0.0,SEN,25.281848479077745,22.50281223961731,-0.3738058626132563
2022,CA,True,21.787140037865687,ALEX PADILLA,D,PADILLA A,MEUSER M,0.0,SEN,25.281848479077745,22.50281223961731,-0.715672201751623
2022,CO,False,15.047246386477953,MICHAEL BENNET,D,BENNET M,DEA J,1.0,SEN,9.340664742342911,6.561628502882476,8.485617883595477
2022,FL,False,-16.587594994456364,MARCO RUBIO,R,DEMINGS V,RUBIO M,-1.0,SEN,-7.925483566540509,-10.704519806000944,-5.88307518845542
2022,GA,False,0.9774140180497951,RAPHAEL WARNOCK,D,WARNOCK R,WALKER H,1.0,SEN,-4.297314916440104,-7.076351155900539,8.053765173950335
2022,HI,False,46.45313302387402,"SCHATZ, BRIAN",D,BRIAN S,BOB M,0.0,SEN,25.529355050772374,22.75031881131194,23.702814212562078
2022,IA,False,-12.196840548191476,CHUCK GRASSLEY,R,FRANKEN M,GRASSLEY C,-1.0,SEN,-12.902500411531502,-15.681536650991937,3.484696102800461
2022,ID,False,-35.72103182188978,MIKE CRAPO,R,ROTH D,CRAPO M,-1.0,SEN,-36.290260092413135,-39.06929633187357,3.3482645099837924
2022,IN,False,-21.49555103823967,TODD YOUNG,R,MCDERMOTT T,YOUNG T,-1.0,SEN,-20.926070257143316,-23.70510649660375,2.209555458364079
2022,KS,False,-23.663286128856942,JERRY MORAN,R,HOLLAND M,MORAN J,-1.0,SEN,-19.5228307535201,-22.301866992980536,-1.3614191358764067
2022,KY,False,-23.619806488332383,RAND PAUL,R,BOOKER C,PAUL R,-1.0,SEN,-30.936180042783327,-33.715216282243766,10.095409793911383
2022,LA,False,-29.146157177069433,JOHN KENNEDY,R,CHAMBERS G,KENNEDY J,-1.0,SEN,-23.46485515483949,-26.243891394299926,-2.9022657827695078
2022,MO,False,-13.652645873736839,ERIC SCHMITT,R,VALENTINE T,SCHMITT E,0.0,SEN,-20.207615531060288,-22.986651770520723,9.334005896783884
2022,NC,False,-3.299253218639858,TED BUDD,R,BEASLEY C,BUDD T,0.0,SEN,-5.904339308630844,-8.683375548091279,5.38412232945142
2022,ND,False,-38.61430712798449,JOHN HOEVEN,R,CHRISTIANSEN K,HOEVEN J,-1.0,SEN,-38.97079108805065,-41.74982732751109,3.135520199526603
2022,NH,False,9.349948447759575,MAGGIE HASSAN,D,HASSAN M,BOLDUC D,1.0,SEN,2.9607212009326886,0.1816849614722531,9.168263486287321
2022,NV,False,0.8018577855455222,"CORTEZ MASTO, CATHERINE",D,CATHERINE C,PAUL L,0.0,SEN,-2.089739562169785,-4.868775801630221,5.670633587175743
2022,NY,False,15.654730214578366,CHARLES E. SCHUMER,D,SCHUMER C,PINION J,1.0,SEN,18.897695543767092,16.118659304306657,-0.46392908972829083
2022,OH,False,-6.114454849606799,JD VANCE,R,RYAN T,VANCE J,0.0,SEN,-12.689369537662827,-15.468405777123262,9.353950927516463
2022,OK,False,-33.40665086133071,JAMES LANKFORD,R,HORN M,LANKFORD J,-1.0,SEN,-38.416053236070425,-41.195089475530864,7.788438614200153
2022,OK,True,-27.351724681729557,MARKWAYNE MULLIN,R,HORN K,MULLIN M,0.0,SEN,-38.416053236070425,-41.195089475530864,13.843364793801307
2022,OR,False,15.408528397166315,WYDEN RON,D,RON W,RAE P,0.0,SEN,12.078339728626068,9.299303489165633,6.109224908000682
2022,PA,False,5.035095542957678,JOHN K FETTERMAN,D,FETTERMAN J,OZ M,0.0,SEN,-3.357563723559279,-6.136599963019714,11.171695505977393
2022,SC,False,-25.896486784856158,TIM SCOTT,R,MATTHEWS K,SCOTT T,-1.0,SEN,-16.389191741421584,-19.16822798088202,-6.728258803974139
2022,SD,False,-45.394107217323736,JOHN R THUNE,R,BENGS B,THUNE J,-1.0,SEN,-31.405533965620393,-34.18457020508083,-11.209537012242905
2022,VT,False,41.90937868850684,PETER WELCH,D,WELCH P,MALLOY G,0.0,SEN,32.062398863355725,29.28336262389529,12.626016064611552
2022,WA,False,14.550585979180894,PATTY MURRAY,D,MURRAY P,SMILEY T,1.0,SEN,15.315032127323994,12.535995887863558,2.014590091317336
2022,WI,False,-1.009120533967455,RON JOHNSON,R,BARNES M,JOHNSON R,-1.0,SEN,-3.897847709189407,-6.676883948649842,5.667763414682387
2022,AL,False,-39.265662813177215,,,,,-1.0,GOV,-30.358723908966837,-33.137760148427276,-6.127902664749939
2022,AR,False,-28.484718522865784,,,,,-1.0,GOV,-32.96084079822369,-35.73987703768413,7.255158514818348
2022,AZ,False,0.6675726050183044,,,,,0.0,GOV,-4.222310883998767,-7.001347123459203,7.6689197284775075
2022,CA,False,18.362536531248995,,,,,1.0,GOV,25.281848479077745,22.50281223961731,-4.140275708368314
2022,CO,False,19.80162519513396,,,,,1.0,GOV,9.340664742342911,6.561628502882476,13.239996692251482
2022,CT,False,12.97734612363641,,,,,1.0,GOV,15.854123933898299,13.075087694437864,-0.09774157080145329
2022,FL,False,-19.531010986044727,,,,,-1.0,GOV,-7.925483566540509,-10.704519806000944,-8.826491180043783
2022,GA,False,-7.589309711877857,,,,,-1.0,GOV,-4.297314916440104,-7.076351155900539,-0.5129585559773178
2022,HI,False,26.324220470306972,,,,,0.0,GOV,25.529355050772374,22.75031881131194,3.573901658995034
2022,IA,False,-18.97818056147391,,,,,-1.0,GOV,-12.902500411531502,-15.681536650991937,-3.296643910481972
2022,ID,False,-49.74824441882402,,,,,-1.0,GOV,-36.290260092413135,-39.06929633187357,-10.678948086950449
2022,IL,False,12.88938733629146,,,,,1.0,GOV,12.782113223356449,10.003076983896014,2.886310352395446
2022,KS,False,2.2772963001991955,,,,,1.0,GOV,-19.5228307535201,-22.301866992980536,24.579163293179732
2022,MA,False,29.67002298929594,,,,,0.0,GOV,29.6951248380389,26.916088598578465,2.7539343907174754
2022,MD,False,33.537811206102965,,,,,0.0,GOV,29.522119851927286,26.74308361246685,6.7947275936361144
2022,ME,False,13.321628757629234,,,,,1.0,GOV,4.804834921750553,2.0257986822901173,11.295830075339117
2022,MI,False,10.365574968338079,,,,,1.0,GOV,-1.7088555534384735,-4.487891792898909,14.853466761236987
2022,MN,False,7.910569874480428,,,,,1.0,GOV,2.7430530548759418,-0.03598318458449379,7.946553059064922
2022,NE,False,-24.413280444763718,,,,,-1.0,GOV,-24.104078735460845,-26.88311497492128,2.469834530157563
2022,NH,False,-15.75628425519908,,,,,-1.0,GOV,2.9607212009326886,0.1816849614722531,-15.937969216671334
2022,NV,False,-1.56023529676135,,,,,-1.0,GOV,-2.089739562169785,-4.868775801630221,3.308540504868871
2022,NY,False,6.195824927968434,,,,,1.0,GOV,18.897695543767092,16.118659304306657,-9.922834376338223
2022,OH,False,-25.08378145637099,,,,,-1.0,GOV,-12.689369537662827,-15.468405777123262,-9.615375679247727
2022,OK,False,-14.052228131565524,,,,,-1.0,GOV,-38.416053236070425,-41.195089475530864,27.14286134396534
2022,OR,False,3.77321019067196,,,,,1.0,GOV,12.078339728626068,9.299303489165633,-5.526093298493672
2022,PA,False,15.043452071775578,,,,,1.0,GOV,-3.357563723559279,-6.136599963019714,21.180052034795292
2022,RI,False,19.691362839323215,,,,,1.0,GOV,16.662745525661123,13.883709286200688,5.8076535531225275
2022,SC,False,-17.57993601088692,,,,,-1.0,GOV,-16.389191741421584,-19.16822798088202,1.5882919699950975
2022,SD,False,-27.598968790327557,,,,,-1.0,GOV,-31.405533965620393,-34.18457020508083,6.585601414753274
2022,TN,False,-32.694293882164665,,,,,-1.0,GOV,-28.191514986390104,-30.97055122585054,-1.7237426563141263
2022,TX,False,-11.040283568211642,,,,,-1.0,GOV,-10.197416715816459,-12.976452955276894,1.9361693870652523
2022,WI,False,3.434655002513979,,,,,1.0,GOV,-3.897847709189407,-6.676883948649842,10.111538951163821
2024,AZ,False,2.462458314181491,RUBEN GALLEGO,D,GALLEGO R,LAKE K,0.0,SEN,-4.088210184868828,-6.558471011751387,9.020929325932878
2024,CA,False,17.7450343823894,ADAM B. SCHIFF,D,SCHIFF A,GARVEY S,0.0,SEN,22.300392880461217,19.83013205357866,-2.08509767118926
2024,CA,True,17.500788475336012,ADAM B. SCHIFF,D,SCHIFF A,GARVEY S,0.0,SEN,22.300392880461217,19.83013205357866,-2.3293435782426464
2024,CT,False,16.87540060616385,CHRISTOPHER S. MURPHY,D,MURPHY C,COREY M,1.0,SEN,16.256572709382876,13.786311882500318,3.089088723663533
2024,DE,False,17.782937775828344,LISA BLUNT ROCHESTER,D,ROCHESTER L,HANSEN E,0.0,SEN,16.458579019860878,13.98831819297832,3.794619582850025
2024,FL,False,-12.991751177582982,RICK SCOTT,R,POWELL D,SCOTT R,-1.0,SEN,-11.72203113012005,-14.19229195700261,1.2005407794196277
2024,HI,False,33.890048712595686,MAZIE K. HIRONO,D,HIRONO M,MCDERMOTT B,1.0,SEN,25.060759398087537,22.59049857120498,11.299550141390707
2024,IN,False,-20.401222284822257,JIM BANKS,R,MCCRAY V,BANKS J,0.0,SEN,-17.804803929426484,-20.275064756309042,-0.1261575285132146
2024,MA,False,19.84756573610229,ELIZABETH ANN WARREN,D,WARREN E,DEATON J,1.0,SEN,27.410746577703055,24.940485750820496,-5.0929200147182065
2024,MD,False,12.106519772814316,ANGELA ALSOBROOKS,D,ALSOBROOKS A,HOGAN L,0.0,SEN,31.009621791226383,28.539360964343825,-16.43284119152951
2024,ME,False,-52.385289398326854,ANGUS S. KING JR.,O,COSTELLO D,KOUZOUNAS D,0.0,SEN,8.58871937681346,6.1184585499309,-58.503747948257754
2024,MI,False,0.3515485263113892,ELISSA SLOTKIN,D,SLOTKIN E,ROGERS M,0.0,SEN,0.05763407903060802,-2.4126267478519514,2.7641752741633407
2024,MN,False,16.23554343769586,AMY KLOBUCHAR,D,KLOBUCHAR A,WHITE R,1.0,SEN,5.8435120890534975,3.373251262170938,12.86229217552492
2024,MO,False,-14.096355376281887,JOSH HAWLEY,R,KUNCE L,HAWLEY J,-1.0,SEN,-17.174612889298636,-19.644873716181195,5.548518339899308
2024,MS,False,-25.6243824054777,ROGER F. WICKER,R,PINKINS T,WICKER R,-1.0,SEN,-21.644920474319147,-24.115181301201705,-1.509201104275995
2024,MT,False,-7.278178886452221,TIM SHEEHY,R,TESTER J,SHEEHY T,1.0,SEN,-19.077989303299162,-21.54825013018172,14.2700712437295
2024,ND,False,-33.0331992367232,KEVIN CRAMER,R,CHRISTIANSEN K,CRAMER K,-1.0,SEN,-35.892878395921834,-38.36313922280439,5.329939986081193
2024,NE,True,-25.15505264677729,PETE RICKETTS,R,LOVE P,RICKETTS P,0.0,SEN,-19.340575567033255,-21.810836393915814,-3.344216252861475
2024,NJ,False,9.857537839129066,ANDY KIM,D,KIM A,BASHAW C,0.0,SEN,7.527855170098055,5.057594343215496,4.79994349591357
2024,NM,False,10.113349665840447,MARTIN HEINRICH,D,HEINRICH M,DOMENICI N,1.0,SEN,7.641919965511848,5.1716591386292885,4.941690527211159
2024,NV,False,1.7457448421834763,JACKY S. ROSEN,D,ROSEN J,BROWN S,1.0,SEN,-1.6589101716524763,-4.129170998535036,5.874915840718512
2024,NY,False,18.408053720622554,KIRSTEN E. GILLIBRAND,D,GILLIBRAND K,SAPRAICONE M,1.0,SEN,14.189593854003476,11.719333027120918,6.688720693501637
2024,OH,False,-3.747668078104225,BERNIE MORENO,R,BROWN S,MORENO B,1.0,SEN,-9.813121690409531,-12.28338251729209,8.535714439187865
2024,PA,False,-0.2228208993178275,DAVE MCCORMICK,R,CASEY R,MCCORMICK D,1.0,SEN,-0.22627695526261382,-2.6965377821451733,2.473716882827346
2024,RI,False,20.09887834621279,SHELDON WHITEHOUSE,D,WHITEHOUSE S,MORGAN P,1.0,SEN,15.662514004755213,13.192253177872654,6.906625168340135
2024,TN,False,-30.251876652125922,MARSHA BLACKBURN,R,JOHNSON G,BLACKBURN M,-1.0,SEN,-28.620991918128794,-31.091252745011353,0.8393760928854306
2024,TX,False,-8.70525195540914,TED CRUZ,R,ALLRED C,CRUZ T,-1.0,SEN,-12.377960064753916,-14.848220891636476,6.142968936227335
2024,UT,False,-32.640668786229845,JOHN CURTIS,R,GLEICH C,CURTIS J,0.0,SEN,-20.71059149653406,-23.18085232341662,-9.459816462813226
2024,VA,False,8.952032284687988,TIMOTHY M. KAINE,D,KAINE T,CAO H,1.0,SEN,7.39140456356675,4.921143736684191,4.030888548003797
2024,WA,False,18.50167448584394,MARIA CANTWELL,D,CANTWELL M,GARCIA D,1.0,SEN,20.429659216276058,17.9593983893935,0.5422760964504398
2024,WI,False,0.8677410241822398,TAMMY BALDWIN,D,BALDWIN T,HOVDE E,1.0,SEN,0.6267189545194899,-1.8435418723630694,2.7112828965453093
2024,WV,False,-42.47776205712924,JIM JUSTICE,R,ELLIOTT G,JUSTICE J,0.0,SEN,-41.18767682318306,-43.65793765006562,1.1801755929363793
2024,WY,False,-51.38034293997597,JOHN BARRASSO,R,MORROW S,BARRASSO J,-1.0,SEN,-45.458238311350286,-47.928499138232844,-3.4518438017431237
