left_out,hisp,black,center_hisp,center_black
none,8.345727297268919,7.7065191039488266,0.08456867027185987,0.1081591051510727
1998,9.06172780246608,6.218903364215056,0.08456867027185987,0.1081591051510727
2000,8.944258371317396,7.509802518960382,0.08456867027185987,0.1081591051510727
2002,8.559169920859834,8.51497858811856,0.08456867027185987,0.1081591051510727
2004,8.178823260171697,7.955865676716573,0.08456867027185987,0.1081591051510727
2006,10.487403443919844,8.213276554382787,0.08456867027185987,0.1081591051510727
2008,8.39598874543505,7.517333218900277,0.08456867027185987,0.1081591051510727
2010,8.201330131208678,6.824672407832985,0.08456867027185987,0.1081591051510727
2012,8.961381040533551,7.6615521668129825,0.08456867027185987,0.1081591051510727
2014,8.486018182614261,9.18368783593247,0.08456867027185987,0.1081591051510727
2016,8.143749005571884,7.6136000501576815,0.08456867027185987,0.1081591051510727
2018,6.4459892750223515,8.534053771719698,0.08456867027185987,0.1081591051510727
2020,7.8049024336963475,7.042442441613792,0.08456867027185987,0.1081591051510727
2022,7.043796695180546,7.56604588361786,0.08456867027185987,0.1081591051510727
