form,rmse_within,rmse_2010,rmse_2014,rmse_2018,rmse_2022,m,pull,mid_D,mid_R,pres_D,pres_R,kti_hard_times,kti_sentiment,kti_current,kti_sentiment_chg,kti_gas_yoy,kti_inflation,kti_unemp_chg,pull_x_surge,against_x_surge,surge,w_hisp_share,w_black_share,w_young_share
pull only,8.431375223973832,10.097605041344988,8.390883445643656,8.11463582721226,8.782512556779166,-0.03,-0.92,,,,,,,,,,,,,,,,,
H1 lean by kind of year,8.389595409981899,9.980851339089176,8.272033060359298,8.137159239404278,8.63149492284799,-0.02,-1.01,-22.58,2.11,4.47,-6.57,,,,,,,,,,,,,
H2 lean + KTI: hard_times,8.392111158806316,9.981507040854563,8.275193317432224,8.136044035990313,8.631939884654406,-0.02,-1.01,-22.28,2.43,3.39,-7.99,1.38,,,,,,,,,,,,
H2 lean + KTI: sentiment,8.392520331757142,9.981731931487362,8.272565727126647,8.138895649304962,8.633538444138269,-0.02,-1.01,-22.39,2.22,4.37,-6.67,,-0.24,,,,,,,,,,,
H2 lean + KTI: current,8.391573191168916,9.982090702552378,8.27375491106595,8.136975324058096,8.632321771824433,-0.02,-1.01,-22.01,2.61,4.18,-7.03,,,-0.87,,,,,,,,,,
H2 lean + KTI: sentiment_chg,8.393011719988632,9.980389091701134,8.271831557021853,8.136832453655082,8.644600051136285,-0.02,-1.01,-23.19,1.37,5.48,-5.37,,,,1.28,,,,,,,,,
H2 lean + KTI: gas_yoy,8.3886735445701,9.981629810500749,8.275025136338007,8.14490030476356,8.624736095086574,-0.02,-1.01,-23.0,0.73,2.86,-7.52,,,,,3.28,,,,,,,,
H2 lean + KTI: inflation,8.388587574676565,9.981931436050782,8.273148431135835,8.135758050308599,8.635237282159414,-0.02,-1.0,-22.67,2.12,3.33,-7.14,,,,,,2.55,,,,,,,
H2 lean + KTI: unemp_chg,8.386412934464353,9.979517460013792,8.27255587642307,8.148717590732996,8.626038632896574,-0.02,-1.01,-20.57,1.6,5.95,-0.36,,,,,,,-4.56,,,,,,
H2 KTI instead of kinds: hard_times,8.447671712327988,10.095066650020101,8.424387971966555,8.113589776062264,8.875772493618328,-0.03,-0.92,,,,,1.93,,,,,,,,,,,,
H3 turnout: pull x surge,8.3924213235155,9.982804132018197,8.273554163499139,8.1532479538424,8.63143606660314,-0.02,-1.01,-22.57,2.13,4.51,-6.53,,,,,,,,0.05,,,,,
H3 turnout: lean x surge,8.395805984398125,9.980579922454517,8.2777809021476,8.151445834451227,8.63792581996245,-0.02,-1.01,-22.62,2.03,4.44,-6.57,,,,,,,,,-6.27,,,,
H3 turnout: surge alone,8.400482030097894,10.007106899097206,8.275305033789534,8.172322242943991,8.630135606985641,-0.02,-1.01,-22.49,2.0,4.41,-6.55,,,,,,,,,,-0.73,,,
statewide: lean by kind of year,7.8630358251910515,8.719305308675356,7.384644854607333,6.565812581503881,8.43879587193294,0.05,-1.3,-38.3,1.76,-3.92,-17.47,,,,,,,,,,,,,
statewide: + Hispanic share,7.841590210412807,8.683644144640855,7.36018491084997,6.377770233459677,8.311955586217586,0.04,-1.28,-36.31,0.43,-2.89,-15.41,,,,,,,,,,,7.76,,
statewide: + Black share,7.827203085793133,8.59971511772932,7.507378895381144,6.629441438950603,8.412004049794348,0.05,-1.32,-36.71,3.33,-3.35,-15.98,,,,,,,,,,,,7.22,
statewide: + young share,7.872766345298985,8.731376268199591,7.379969721168267,6.558411146795658,8.433545757017518,0.05,-1.3,-38.71,2.22,-4.01,-18.05,,,,,,,,,,,,,2.15
statewide: + all three,7.809709568050754,8.55950895687605,7.465046045094568,6.408741795803619,8.25887414166497,0.04,-1.3,-34.97,2.59,-2.3,-14.4,,,,,,,,,,,8.37,7.74,2.74
statewide: + Hispanic + Black,7.8019295297887306,8.558931131873436,7.466237619621921,6.404587960787408,8.266953066604577,0.05,-1.3,-34.46,2.01,-2.2,-13.67,,,,,,,,,,,8.35,7.71,
