office,state_po,district,special,race_type,incumbent,incumbent_party,inc_side,dem_candidate,rep_candidate,race_note,pres24,quality_diff,prior_edge,poll_count,poll_avg,poll_weight,fundamentals_mean,margin_median,margin_p10,margin_p90,p_dem
GOV,AK,0,False,rcv_bloc,Mike Dunleavy,R,0,Jonathan Kreiss-Tomkins,Dave Bronson; Treg Taylor; Bernadette Wilson,,-13.69312508474994,-1.0,,,,0.0,-6.421978413154728,-6.509557034442212,-17.583141947096838,4.686750464362928,0.22905
GOV,AL,0,False,standard,Kay Ivey,R,0,Doug Jones,Tommy Tuberville,,-30.88122385938789,0.0,,2.0,-8.907371396177014,0.22896221506043904,-22.95428873136906,-19.73708869553763,-29.584180932176285,-9.947014007923272,0.0056
GOV,AR,0,False,standard,Sarah Huckabee Sanders,R,-1,Fredrick Love,Sarah Huckabee Sanders,,-31.33998647229675,-2.0,-7.255158514818348,1.0,-5.882352941176471,0.3913406405653826,-25.956141402984642,-18.13212207111922,-26.466686251169907,-9.782376404314965,0.00265
GOV,AZ,0,False,standard,Katie Hobbs,D,1,Katie Hobbs,Andy Biggs,,-5.588317921733368,1.0,7.6689197284775075,21.0,8.528308813400065,0.5968638553996977,13.661388690363982,10.69371860836053,3.6727142480537562,17.66061291704217,0.97525
GOV,CA,0,False,standard,Gavin Newsom,D,0,Xavier Becerra,Steve Hilton,,20.80028514359668,2.0,,7.0,24.873630258987745,0.634977320724143,30.783159533036827,27.122287031294235,20.108327445047202,34.01687316132774,1.0
GOV,CO,0,False,standard,Jared Polis,D,0,Phil Weiser,Victor Marx,,11.293083462132921,2.0,,,,0.0,21.48115882618518,21.522089642042495,10.434828470548846,32.418400277969646,0.99415
GOV,CT,0,False,standard,Ned Lamont,D,1,Ned Lamont,Ryan Fazio,,14.756464972518335,2.0,-0.0977415708014532,7.0,15.93858102645567,0.6089141843092148,29.919021804935113,21.501045626932296,14.524894960249034,28.241161173819375,1.0
GOV,FL,0,False,standard,Ron DeSantis,R,0,David Jolly,Byron Donalds,,-13.22213886698459,0.0,,17.0,-0.23857578510764088,0.6015144519385798,-4.94626410167216,-2.1209957646600404,-9.296292064844556,5.233337402123469,0.35565
GOV,GA,0,False,standard,Brian Kemp,R,0,Keisha Lance Bottoms,Rick Jackson,,-2.2087323027962817,2.0,,12.0,-1.1921067413177115,0.6481628035399494,8.107949331980173,2.116716375244865,-4.832809519226407,8.941416850367158,0.65415
GOV,HI,0,False,standard,Josh Green,D,1,Josh Green,Gary Cordery,,23.560651661222998,3.0,3.573901658995034,,,0.0,41.818145126865254,41.69547308367746,31.11223754689349,52.493269172491026,1.0
GOV,IA,0,False,standard,Kim Reynolds,R,0,Rob Sand,Zach Lahn,,-13.445597709596235,2.0,,16.0,8.631498160148022,0.6436418437870536,-3.1719353782096085,4.496218227797225,-2.3603125062723342,11.281513961298334,0.79915
GOV,ID,0,False,standard,Brad Little,R,-1,Terri Pickens,Brad Little,,-37.52184118025308,-3.0,10.678948086950449,2.0,-19.978892729759004,0.49807006583019325,-44.647074118800234,-32.34037508891476,-40.04943339052034,-24.547713563422676,0.0
GOV,IL,0,False,standard,JB Pritzker,D,1,JB Pritzker,Darren Bailey,,11.135530816543426,2.0,2.886310352395446,1.0,22.727272727272727,0.002285181925110464,28.244593365471186,28.239409309236667,17.439571651541144,38.84061227343158,0.9999
GOV,KS,0,False,standard,Laura Kelly,D,0,Cindy Holscher,Ty Masterson,,-16.411473894550323,0.0,,3.0,-6.142803897834277,0.5556010571974892,-8.172456864193288,-7.024115010721491,-14.548756274468362,0.6132757578894736,0.11935
GOV,MA,0,False,standard,Maura Healey,D,1,Maura Healey,Mike Minogue,,25.910638840838516,3.0,2.753934390717476,8.0,26.450134618113967,0.506087357443667,43.57997173067282,34.99214576129909,27.329312160725372,42.61523990967998,1.0
GOV,MD,0,False,standard,Wes Moore,D,1,Wes Moore,Dan Cox,,29.509514054361844,2.0,6.794727593636114,1.0,26.237078651685398,0.21352025914396883,48.604163342644796,43.748981280853556,34.145770662254165,53.29273427548974,1.0
GOV,ME,0,False,standard,Janet Mills,D,0,Hannah Pingree,Robert B. Charles,,7.08861163994892,1.0,,8.0,13.689379283229076,0.6198077164569411,16.337462912204913,14.740024265273231,7.619668756910727,21.754850152147142,0.9959
GOV,MI,0,False,standard,Gretchen Whitmer,D,0,Jocelyn Benson,John James,,-1.4424736578339323,0.0,,30.0,10.155283441338002,0.6498651449665065,6.872122103159793,8.991169911844274,2.2705314827075176,15.791056825961427,0.95565
GOV,MN,0,False,standard,Tim Walz,D,0,Amy Klobuchar,Lisa Demuth,,4.343404352188957,2.0,,9.0,11.384833920974723,0.6224085111800246,14.621878505715072,12.643390153102981,5.544001348617935,19.65671947398228,0.9889
GOV,NE,0,False,standard,Jim Pillen,R,-1,Lynne Walz,Jim Pillen,,-20.840683303897794,-2.0,-2.469834530157563,7.0,-13.479506136402735,0.5467607327956526,-18.215817577158926,-15.53373292718355,-22.946059743706645,-8.276007314296674,0.0033
GOV,NH,0,False,standard,Kelly Ayotte,R,-1,Cinde Warmington,Kelly Ayotte,,2.821214946726764,-2.0,,7.0,-15.495854747143886,0.6020327750477548,4.012664686530552,-7.715315205212185,-14.919252126233506,-0.4710580366271553,0.08525
GOV,NM,0,False,standard,Michelle Lujan Grisham,D,0,Deb Haaland,Gregg Hull,,6.141812228647307,0.0,,3.0,13.14065112056406,0.4860811905795497,14.401781950182375,13.926661078160166,5.890522689080339,21.956699373933382,0.9865
GOV,NV,0,False,standard,Joe Lombardo,R,-1,Aaron Ford,Joe Lombardo,,-3.1590179085170167,-1.0,-3.308540504868871,12.0,-1.0482961032039213,0.5122065707969545,1.1437488039709474,0.045025085746566856,-7.485076101385201,7.703230511150782,0.5023
GOV,NY,0,False,standard,Kathy Hochul,D,1,Kathy Hochul,Bruce Blakeman,,12.689486117138935,2.0,-9.922834376338225,24.0,14.28883181111279,0.6095653672813471,21.701896396120368,17.17705279223565,10.239421266168275,24.02009803304544,0.9994
GOV,OH,0,False,standard,Mike DeWine,R,0,Amy Acton,Vivek Ramaswamy,,-11.313229427274072,0.0,,20.0,1.2401527307648397,0.5894362021371067,-3.020717042467094,-0.4986209633885717,-7.859047141926389,6.756046444006848,0.46395
GOV,OK,0,False,standard,Kevin Stitt,R,0,Cyndi Munson,Mike Mazzei,,-34.94008381234161,0.0,,,,0.0,-27.14415366403326,-27.05445787080152,-38.26816245020278,-15.938267860269173,0.00085
GOV,OR,0,False,standard,Tina Kotek,D,1,Tina Kotek,Christine Drazan,,14.866116069775194,2.0,-5.526093298493672,4.0,-2.0163265467659133,0.45708800176609776,26.606583541560838,13.598910820048658,5.483864234231511,21.633470266952912,0.9827
GOV,PA,0,False,standard,Josh Shapiro,D,1,Josh Shapiro,Stacy Garrity,,-1.7263846921271542,1.0,21.18005203479529,17.0,24.221406811688247,0.60197281541678,26.032490676485835,24.92043291309033,17.975311185553327,31.832551294414962,1.0
GOV,RI,0,False,standard,Dan McKee,D,0,Helena Foulkes,Aaron Guckian,,14.162406267890672,0.0,,2.0,40.11708443861314,0.4582046024842365,22.298393250188344,30.53579934977178,22.30167445199794,38.88832506585815,1.0
GOV,SC,0,False,standard,Henry McMaster,R,0,Jermaine Johnson,Alan Wilson,,-18.123365227038146,-1.0,,2.0,-13.175250156499455,0.30133718426197936,-10.9088349863793,-11.600624782153167,-21.01428008268949,-2.20662780602065,0.05675
GOV,SD,0,False,standard,Larry Rhoden,R,-1,Dan Ahlers,Larry Rhoden,,-29.890199073853058,-2.0,,,,0.0,-29.034204412782316,-28.926150549414743,-39.96760329584598,-17.956478669245293,0.0004
GOV,TN,0,False,standard,Bill Lee,R,0,Jerri Green,Marsha Blackburn,,-30.121099654993333,-2.0,,4.0,-16.481723629698827,0.5004262579582915,-24.171773411517044,-20.303204840327147,-28.34614825939913,-12.257696440190882,0.00075
GOV,TX,0,False,standard,Greg Abbott,R,-1,Gina Hinojosa,Greg Abbott,,-13.878067801618457,-2.0,-1.9361693870652523,35.0,-3.056964365075207,0.6415046912927241,-11.489058587470307,-6.106264283125822,-12.834984451541695,0.5888763074498446,0.12065
GOV,VT,0,False,standard,Phil Scott,R,-1,Amanda Janoo,Phil Scott,,32.77043577168019,-3.0,52.4168414249714,2.0,-16.385439844531756,0.3386867625914073,-0.7584385149081612,-6.07942934437691,-14.750258860514705,2.6527789226609295,0.18465
GOV,WI,0,False,standard,Tony Evers,D,0,David Crowley,Tom Tiffany,,-0.8733887823450505,-1.0,,9.0,3.8853739115919863,0.5867815434841492,6.4392476390186335,5.011032889158635,-2.3489402800534083,12.395703399083848,0.8088
GOV,WY,0,False,standard,Mark Gordon,R,0,Kenneth Casner,Eric Barlow,,-46.95834604821483,-1.0,,,,0.0,-40.66507894479629,-40.69897866881314,-51.72659768992617,-29.552860348517164,0.0
HOUSE,AK,0,False,rcv_bloc,Nick Begich III,R,-1,Eric Hafner,Nick Begich III,,-13.69312508474994,0.0,,2.0,-53.34684017766696,0.3137512170166951,-7.043623347041242,-21.557563430341013,-28.250182759856504,-14.879647108971684,0.0
HOUSE,AL,1,False,standard,None (new seat),,0,Clyde Jones Jr.,Jerry Carl,,-36.345566221179666,0.0,,,,0.0,-28.599501782913755,-28.504026064105048,-37.84497667949266,-19.332965930366747,5e-05
HOUSE,AL,2,False,standard,Shomari Figures,D,1,Shomari Figures,Rhett Marques,,-14.464028814208385,0.0,,3.0,-5.54204230720949,0.30802381244477356,-3.3423862828080435,-3.964726929949099,-10.829390851836648,2.7005928546938454,0.22155
HOUSE,AL,3,False,standard,Mike Rogers,R,-1,Lee McInnis,Mike Rogers,,-47.07264752025102,0.0,,,,0.0,-42.08499679656959,-41.917467373565415,-50.040612496276964,-33.951398072973184,0.0
HOUSE,AL,4,False,standard,Robert Aderholt,R,-1,Amanda Pusczek,Robert Aderholt,,-66.92238927771601,0.0,,,,0.0,-63.15596489949643,-63.078702262810864,-71.12995673031287,-55.05643646814137,0.0
HOUSE,AL,5,False,standard,Dale Strong,R,-1,Andrew Sneed,Dale Strong,,-29.494479149858233,0.0,,,,0.0,-23.82601557639931,-23.815472031021883,-31.80191923548219,-15.81291595328254,0.0001
HOUSE,AL,6,False,standard,Gary Palmer,R,-1,Maurice Mercer,Gary Palmer,,-34.997225548319264,0.0,,,,0.0,-29.50323772750385,-29.36260105366318,-37.49909614553531,-21.379384386797383,0.0
HOUSE,AL,7,False,standard,Terri Sewell,D,1,Terri Sewell,Ammie Akin,,17.94825384375597,0.0,,,,0.0,28.370767466193715,28.362022828879446,20.43284833191855,36.39072813802156,1.0
HOUSE,AR,1,False,standard,Rick Crawford,R,-1,Terri Green,Rick Crawford,,-46.175871865422906,0.0,,,,0.0,-41.1445838412536,-41.16334551915659,-49.131923753965594,-33.250304801456544,0.0
HOUSE,AR,2,False,standard,French Hill,R,-1,Chris Jones,French Hill,,-15.914419225205982,0.0,,2.0,4.096900842163263,0.31059308275748193,-9.593264553598171,-5.366901758228858,-12.17936196479658,1.3873676206453547,0.15635
HOUSE,AR,3,False,standard,Steve Womack,R,-1,Robb Ryerse,Steve Womack,,-25.590736769421778,0.0,,,,0.0,-19.812813461148465,-19.763481710752366,-27.767009000132578,-11.890310140262867,0.0008
HOUSE,AR,4,False,standard,Bruce Westerman,R,-1,James Russell,Bruce Westerman,,-40.66097964677422,0.0,,,,0.0,-35.382739203748116,-35.437622644712135,-43.402089299056044,-27.449146063156164,0.0
HOUSE,AZ,1,False,standard,David Schweikert,,0,Amish Shah,Jay Feely,,-3.136835928138348,0.0,,,,0.0,8.102222164538842,8.089522679153603,-1.0258101152020584,17.543993974900044,0.8713
HOUSE,AZ,2,False,standard,Eli Crane,R,-1,Jonathan Nez,Eli Crane,,-15.120247407676915,0.0,,3.0,-7.085619600756321,0.30919650250141656,-8.695617702127372,-8.160808232162987,-14.901292520567994,-1.3271674455819027,0.06315
HOUSE,AZ,3,False,same_party,Yassamin Ansari,D,1,Yassamin Ansari,,D,40.30739381027563,0.0,,,,,,,,,1.0
HOUSE,AZ,4,False,standard,Greg Stanton,D,1,Greg Stanton,Zuhdi Jasser,,6.762673080066313,0.0,,,,0.0,18.831158013956586,18.820849947804966,10.984364533071837,26.89755745710049,0.99895
HOUSE,AZ,5,False,standard,Andy Biggs,,0,Elizabeth Lee,Mark Lamb,,-20.192893032045866,0.0,,,,0.0,-11.921259987116144,-11.937055043075251,-21.076718249576206,-2.64910325418008,0.04795
HOUSE,AZ,6,False,standard,Juan Ciscomani,R,-1,JoAnna Mendoza,Juan Ciscomani,,-0.7577863175811479,0.0,,3.0,-1.9899723766667943,0.24816774232530728,8.237923647241335,5.669350494371068,-1.2349626862908853,12.811842318241919,0.8516
HOUSE,AZ,7,False,standard,Adelita Grijalva,D,1,Adelita Grijalva,Daniel Butierez,,22.388102593577123,0.0,,,,0.0,32.63763885449884,32.68649692812533,24.633393739584292,40.50768215295834,1.0
HOUSE,AZ,8,False,standard,Abraham Hamadeh,R,-1,Bernadette Greene-Placentia,Abraham Hamadeh,,-16.479945618728582,0.0,,,,0.0,-10.223730004785736,-10.149247391246695,-18.21650505328633,-2.259805056554167,0.0524
HOUSE,AZ,9,False,standard,Paul Gosar,R,-1,Dani Sterbinsky,Paul Gosar,,-31.342610456055603,0.0,,,,0.0,-25.72918829705371,-25.757894402914367,-33.65784579800604,-17.82927954117465,0.0
HOUSE,CA,1,False,standard,James Gallagher,R,-1,Mike McGuire,James Gallagher,,12.629463408737175,0.0,,,,0.0,18.90179538512784,18.95058645157924,11.055848729122351,26.836242411604996,0.9987
HOUSE,CA,2,False,standard,Jared Huffman,D,1,Jared Huffman,Robin Littau,,25.44160337217163,0.0,,,,0.0,35.5928018506637,35.7248916433948,27.68771732055077,43.52375939353924,1.0
HOUSE,CA,3,False,standard,Ami Bera,D,1,Ami Bera,Robb Tucker,,10.524576177817453,0.0,,,,0.0,21.731725902248016,21.73702361896817,13.834678004795725,29.794720265044845,0.99985
HOUSE,CA,4,False,same_party,Mike Thompson,D,1,Eric Jones; Mike Thompson,,D,14.94839647088782,0.0,,,,,,,,,1.0
HOUSE,CA,5,False,standard,Tom McClintock,R,-1,Michael Masuda,Tom McClintock,,-21.235866123925824,0.0,,,,0.0,-15.313303628299476,-15.262476823977092,-23.243217360569307,-7.284181266778478,0.0068
HOUSE,CA,6,False,independent,Kevin Kiley,,0,Richard Pan,,Kevin Kiley,8.682513359130274,0.0,,1.0,5.405405405405405,0.4369835267821923,17.9742116903968,12.535639362600499,4.409559571793189,20.655717447544145,0.9767
HOUSE,CA,7,False,same_party,Doris Matsui,D,1,Doris Matsui; Mai Vang,,D,13.242240467285542,0.0,,,,,,,,,1.0
HOUSE,CA,8,False,standard,John Garamendi,D,1,John Garamendi,Rudy Recile,,35.16151506846601,0.0,,,,0.0,44.960404562717045,44.92889919496122,36.92950346472663,52.822943718179175,1.0
HOUSE,CA,9,False,standard,Josh Harder,D,1,Josh Harder,John McBride,,11.79306950489872,0.0,,,,0.0,22.785175623889927,22.838746409788026,14.768278805966077,30.921010027390725,0.99995
HOUSE,CA,10,False,standard,Mark DeSaulnier,D,1,Mark DeSaulnier,Jeff Frese,,34.70519851744464,0.0,,,,0.0,44.52262616737323,44.55795793621027,36.66024402693821,52.585910462366535,1.0
HOUSE,CA,11,False,same_party,Nancy Pelosi,,0,Connie Chan; Scott Wiener,,D,70.62364833844883,0.0,,,,,,,,,1.0
HOUSE,CA,12,False,same_party,Lateefah Simon,D,1,Jamie Joyce; Lateefah Simon,,D,77.64166603414307,0.0,,,,,,,,,1.0
HOUSE,CA,13,False,standard,Adam Gray,D,1,Adam Gray,Kevin Lincoln,,0.38467032128098666,0.0,,,,0.0,13.88703632131669,13.93348442095668,5.808028008952739,21.793951235401206,0.9874
HOUSE,CA,14,False,same_party,Aisha Wahab,D,1,Melissa Hernandez; Aisha Wahab,,D,36.20284739037839,0.0,,,,,,,,,1.0
HOUSE,CA,15,False,standard,Kevin Mullin,D,1,Kevin Mullin,Charles Hoelter,,49.63592027213561,0.0,,,,0.0,58.741825719514836,58.74785900209184,50.86375519347074,66.67901161769626,1.0
HOUSE,CA,16,False,standard,Sam Liccardo,D,1,Sam Liccardo,Peter Soulé,,49.88409390678165,0.0,,,,0.0,58.97636473880877,58.96483908867035,51.12097143115905,66.90272759839337,1.0
HOUSE,CA,17,False,standard,Ro Khanna,D,1,Ro Khanna,Ritesh Tandon,,40.74153179236477,0.0,,,,0.0,50.29725981418659,50.39999975328727,42.50807788273433,58.178314787561234,1.0
HOUSE,CA,18,False,standard,Zoe Lofgren,D,1,Zoe Lofgren,Shane Lewis,,29.36942888310379,0.0,,,,0.0,39.38854609044334,39.4948373058832,31.57583638836497,47.3520948767377,1.0
HOUSE,CA,19,False,standard,Jimmy Panetta,D,1,Jimmy Panetta,Peter Coe Verbica,,35.65620730686175,0.0,,,,0.0,45.434768891097406,45.46530094361697,37.58260492948628,53.2962218200777,1.0
HOUSE,CA,20,False,standard,Vince Fong,R,-1,Sandra Van Scotter,Vince Fong,,-32.974775522914825,0.0,,,,0.0,-27.412849832022058,-27.44078732589075,-35.36667574220318,-19.47877356177885,0.0
HOUSE,CA,21,False,standard,Jim Costa,D,1,Jim Costa,Kyle Kirkland,,6.132521905498509,0.0,,,,0.0,18.36797926320867,18.448795882993778,10.355361459981792,26.418364299041013,0.99855
HOUSE,CA,22,False,standard,David Valadao,R,-1,Randy Villegas,David Valadao,,-1.904550659129194,0.0,,1.0,-1.0521739130434788,0.26553255439816176,7.106475674319388,4.988207059755014,-1.863385999521007,11.843767504532343,0.82235
HOUSE,CA,23,False,standard,Jay Obernolte,R,-1,Tessa Lynn Hodge,Jay Obernolte,,-19.916752765341304,0.0,,,,0.0,-13.930468216561346,-13.81927272564041,-21.771665394379333,-5.867207043651608,0.013
HOUSE,CA,24,False,standard,Salud Carbajal,D,1,Salud Carbajal,Bob Smith,,25.739617194559514,0.0,,,,0.0,35.88116607756223,35.913829526498645,28.041612216311744,43.797508838773176,1.0
HOUSE,CA,25,False,standard,Raul Ruiz,D,1,Raul Ruiz,Joe Males,,5.945627014024418,0.0,,,,0.0,18.231050227767017,18.30504920233214,10.35203608510266,26.245840131247075,0.9985
HOUSE,CA,26,False,standard,Julia Brownley,,0,Jacqui Irwin,Sam Gallucci,,15.718925391005014,0.0,,,,0.0,23.977769691683307,24.0531171304543,14.79251470276466,33.210804844987365,0.99935
HOUSE,CA,27,False,standard,George T. Whitesides,,0,George Whitesides,Jason Gibbs,,10.031526860467544,0.0,,,,0.0,19.03338773155252,18.98201996892582,9.830272664776693,28.234532963358507,0.9962
HOUSE,CA,28,False,standard,Judy Chu,D,1,Judy Chu,April Verlato,,26.1481226056064,0.0,,,,0.0,36.27636966141009,36.34004948988898,28.415046585426776,44.353312221575706,1.0
HOUSE,CA,29,False,same_party,Luz Rivas,D,1,Angelica Dueñas; Luz Rivas,,D,34.707532916037124,0.0,,,,,,,,,1.0
HOUSE,CA,30,False,standard,Laura Friedman,D,1,Laura Friedman,Scott Meyers,,41.437251814842114,0.0,,,,0.0,50.96053772428656,51.04623881809033,43.051961532166956,58.9375452027324,1.0
HOUSE,CA,31,False,standard,Gil Cisneros,D,1,Gil Cisneros,Eric Ching,,12.60519627223948,0.0,,,,0.0,23.480767371269163,23.477893980324406,15.550456915985643,31.46686742823381,0.99995
HOUSE,CA,32,False,standard,Brad Sherman,D,1,Brad Sherman,Larry Thompson,,25.747546353027406,0.0,,,,0.0,35.888837902455734,35.94877446099021,27.91281455360413,43.864076669326884,1.0
HOUSE,CA,33,False,standard,Pete Aguilar,D,1,Pete Aguilar,Stephanie Vargas,,10.074713405340932,0.0,,,,0.0,21.368030990223318,21.39872560523671,13.42666887246248,29.422267332905765,0.99975
HOUSE,CA,34,False,same_party,Jimmy Gomez,D,1,Jimmy Gomez; Angela Gonzales-Torres,,D,53.04146587963031,0.0,,,,,,,,,1.0
HOUSE,CA,35,False,standard,Norma Torres,D,1,Norma Torres,Mike Cargile,,8.045128888677315,0.0,,,,0.0,19.788012965953637,19.851365204543626,11.903489196717867,27.7351162537352,0.9991
HOUSE,CA,36,False,standard,Ted Lieu,D,1,Ted Lieu,Houston Brignano,,40.42823555904659,0.0,,,,0.0,49.99841971074015,50.03348620720733,42.20474560436666,57.88070060498801,1.0
HOUSE,CA,37,False,same_party,Sydney Kamlager-Dove,D,1,Sydney Kamlager-Dove; Samantha Mota,,D,62.30874203046086,0.0,,,,,,,,,1.0
HOUSE,CA,38,False,standard,None (new seat),,0,Hilda Solis,Pedro Casas,,12.742118430048967,0.0,,,,0.0,21.299593016794446,21.433225921620988,12.108170884056449,30.53916564376584,0.9979
HOUSE,CA,39,False,standard,Mark Takano,D,1,Mark Takano,Steve Manos,,9.780058137498687,0.0,,,,0.0,21.13259880403958,21.143927658672688,13.18524592124356,29.18336108253802,0.99975
HOUSE,CA,40,False,same_party,Young Kim,R,-1,,Ken Calvert; Young Kim,R,-12.603878865212948,0.0,,,,,,,,,0.0
HOUSE,CA,41,False,standard,Linda Sánchez,D,1,Linda Sánchez,Mitch Clemmons,,14.644434716860998,0.0,,,,0.0,25.29221738919275,25.324353744276245,17.39197982763685,33.2311271461086,1.0
HOUSE,CA,42,False,standard,Robert Garcia,D,1,Robert Garcia,Brian Burley,,13.56070313007434,0.0,,,,0.0,24.318792615213706,24.342451004196782,16.327101663948273,32.36432741592634,1.0
HOUSE,CA,43,False,standard,Maxine Waters,D,1,Maxine Waters,Cristian Morales,,50.587898039106896,0.0,,,,0.0,59.64118462903849,59.70513150410997,51.683092515796226,67.63591129952012,1.0
HOUSE,CA,44,False,standard,Nanette Barragán,D,1,Nanette Barragán,Genevieve Angel,,36.31627653527624,0.0,,,,0.0,46.06734097292629,46.058812639935105,38.37337352072957,54.03101328918038,1.0
HOUSE,CA,45,False,standard,Derek Tran,D,1,Derek Tran,Chuong Vo,,4.054985173885471,0.0,,,,0.0,16.83955165965145,16.841311527255026,8.853011629492588,24.738271127717276,0.99625
HOUSE,CA,46,False,standard,Lou Correa,D,1,Lou Correa,David Pan,,16.687679706845415,0.0,,,,0.0,27.180532293098175,27.170108319586575,19.323951658246383,35.12996101319865,1.0
HOUSE,CA,47,False,standard,Dave Min,D,1,Dave Min,Jenny Le Roux,,10.467836596792077,0.0,,,,0.0,21.685568933733023,21.72185410196043,13.808097339507599,29.675399574925855,0.99985
HOUSE,CA,48,False,standard,Darrell Issa,,0,Marni von Wilpert,Jim Desmond,,3.483522109969155,0.0,,1.0,3.4482758620689653,0.3802800634207773,14.109853499210963,10.091447774736064,2.630834874020455,17.54449458588477,0.95965
HOUSE,CA,49,False,standard,Mike Levin,D,1,Mike Levin,Armen Kurdian,,12.472724656910152,0.0,,,,0.0,23.36622157287294,23.401787310488633,15.425706943315225,31.339672607558594,0.99985
HOUSE,CA,50,False,standard,Scott Peters,D,1,Scott Peters,Steve Cohen,,18.835035308251694,0.0,,,,0.0,29.21595540698613,29.199144852059582,21.23884155496252,37.14766015485024,1.0
HOUSE,CA,51,False,standard,Sara Jacobs,D,1,Sara Jacobs,Ricardo Cabrera,,18.80325794580321,0.0,,,,0.0,29.185578696325038,29.17235633506787,21.228798811371213,37.03736949342771,1.0
HOUSE,CA,52,False,standard,Juan Vargas,D,1,Juan Vargas,Jeff Belle,,18.041442893620868,0.0,,,,0.0,28.459320096388424,28.47859671798281,20.551669143498877,36.44079727805967,1.0
HOUSE,CO,1,False,standard,Diana DeGette,,0,Melat Kiros,Christy Peterson,,57.612736564272474,0.0,,,,0.0,63.9513628273163,63.90749428466462,54.62920663306725,73.04344800016352,1.0
HOUSE,CO,2,False,standard,Joe Neguse,D,1,Joe Neguse,Kelley Dennison,,40.91811325700261,0.0,,,,0.0,50.465651513459264,50.44366862835773,42.50472248316723,58.38671013074949,1.0
HOUSE,CO,3,False,standard,Jeff Hurd,R,-1,Dwayne Romero,Jeff Hurd,,-9.976649536268868,0.0,,1.0,-6.498901098901099,0.28407801010429323,-2.512468278109157,-3.555924608180993,-10.414529159635565,3.2109210493855183,0.24755
HOUSE,CO,4,False,standard,Lauren Boebert,R,-1,Eileen Laubacher,Lauren Boebert,,-18.71337622079264,0.0,,,,0.0,-12.653054123189124,-12.707173767553256,-20.585412682722076,-4.589375397342114,0.0213
HOUSE,CO,5,False,standard,Jeff Crank,R,-1,Jessica Killin,Jeff Crank,,-9.337043356329268,0.0,,2.0,-6.529709931755382,0.2810484290091329,-1.7082982617628102,-3.1020084387575064,-9.916493956461059,3.8968753897642667,0.2812
HOUSE,CO,6,False,standard,Jason Crow,D,1,Jason Crow,Jason Clark,,20.360281044369106,0.0,,,,0.0,30.6799222975489,30.637086281459553,22.63386252165278,38.57483411663939,1.0
HOUSE,CO,7,False,standard,Brittany Pettersen,D,1,Brittany Pettersen,Tim Bennett,,15.41488104034284,0.0,,,,0.0,25.997056824126247,26.01998648271008,18.079462770664197,33.91839445144025,1.0
HOUSE,CO,8,False,standard,Gabe Evans,R,-1,Manny Rutinel,Gabe Evans,,-1.8800480977231158,0.0,,1.0,3.4723404255319146,0.3067256027916171,7.1314889951559834,5.982391436941537,-0.7893893828153217,12.814294568483088,0.87165
HOUSE,CT,1,False,standard,John B. Larson,,0,Luke Bronin,Amy Chai,,23.26879227281734,0.0,,,,0.0,31.189725494430192,31.22705625429351,22.059238328776765,40.468893490699905,1.0
HOUSE,CT,2,False,standard,Joe Courtney,D,1,Joe Courtney,George Austin,,7.856473409463372,0.0,,,,0.0,19.645628143108777,19.644183893551784,11.540560668739596,27.65615564858616,0.99915
HOUSE,CT,3,False,standard,Rosa DeLauro,D,1,Rosa DeLauro,Chris Lancia,,14.332117484384685,0.0,,,,0.0,25.00939225393525,25.05158323486546,17.06790773565171,33.08922620650216,1.0
HOUSE,CT,4,False,standard,Jim Himes,D,1,Jim Himes,Michael Goldstein,,23.729413954381982,0.0,,,,0.0,33.93555549498848,33.98660208977587,26.043755305562684,41.94979724473973,1.0
HOUSE,CT,5,False,standard,Jahana Hayes,D,1,Jahana Hayes,Chris Shea,,5.675230760185784,0.0,,,,0.0,18.03309282041493,18.036634943659674,10.062101369218887,26.066500259455044,0.99835
HOUSE,DE,0,False,standard,Sarah McBride,D,1,Sarah McBride,Joseph Arminio,,14.958471282996337,0.0,,,,0.0,25.57833196240258,25.635427592785476,17.53346745271917,33.66957964129037,1.0
HOUSE,FL,1,False,standard,Jimmy Patronis,R,-1,Gay Valimont,Jimmy Patronis,,-37.5886728785613,0.0,,,,0.0,-32.18868520050404,-32.23668637440191,-40.29379255872308,-24.31796595700768,0.0
HOUSE,FL,2,False,standard,Neal Dunn,,0,Amanda Green,Austin Rogers,,-18.176177438099554,0.0,,,,0.0,-9.776509415159484,-9.791638397930736,-18.921077035083293,-0.4947332405173317,0.0895
HOUSE,FL,3,False,standard,Kat Cammack,R,-1,Seth Harp,Kat Cammack,,-21.31654394584286,0.0,,,,0.0,-15.397417958731065,-15.399587571554694,-23.31477908810211,-7.419586109288441,0.0067
HOUSE,FL,4,False,standard,Aaron Bean,R,-1,LaShonda Holloway,Aaron Bean,,-11.962520792109427,0.0,,,,0.0,-4.971214144194472,-4.9473465433971775,-13.06764324902794,3.0695403156578,0.2112
HOUSE,FL,5,False,standard,John Rutherford,R,-1,Rachel Grage,John Rutherford,,-21.67839300824128,0.0,,,,0.0,-15.774139222440153,-15.812519594148933,-23.798652343916086,-7.788865242353776,0.00475
HOUSE,FL,6,False,standard,Randy Fine,R,-1,Eric Yonce,Randy Fine,,-30.308187147843146,0.0,,,,0.0,-24.663563260639194,-24.741152804857418,-32.7453507118539,-16.749241965321843,5e-05
HOUSE,FL,7,False,standard,Cory Mills,,0,Bale Dalton,Ryan Elijah,,-12.617439168584001,0.0,,,,0.0,-3.464180699067151,-3.4010731065671074,-12.678920720016677,5.860375785539194,0.31785
HOUSE,FL,8,False,standard,Mike Haridopolos,R,-1,Jennifer Jenkins,Mike Haridopolos,,-16.395271547785974,0.0,,2.0,-9.026542443678126,0.30054728416913656,-10.129773960913862,-9.776591823325088,-16.652205702924885,-3.0734003365359097,0.03145
HOUSE,FL,9,False,standard,Darren Soto,D,1,Darren Soto,Dan Green,,-17.93494817151253,0.0,,1.0,-5.4,0.29734926399148454,-7.216154245945808,-6.741206227871121,-13.494915718667983,0.14512850587291104,0.1048
HOUSE,FL,10,False,same_party,Maxwell Frost,D,1,Maxwell Frost,,D,24.292988534582708,0.0,,,,,,,,,1.0
HOUSE,FL,11,False,standard,Daniel Webster,,0,James Pericola,Joe Strada,,-15.8391286849105,0.0,,1.0,-5.4,0.35778051691678464,-7.208793850105838,-6.600896575009322,-14.104760151220576,0.945984420589112,0.129
HOUSE,FL,12,False,standard,Gus Bilirakis,R,-1,Kimberly Overman,Gus Bilirakis,,-15.553760972030888,0.0,,,,0.0,-9.187450822587344,-9.203800891240224,-17.221759746166178,-1.2783233938952197,0.06815
HOUSE,FL,13,False,standard,Anna Paulina Luna,R,-1,Leela Gray,Anna Paulina Luna,,-13.453080359687094,0.0,,5.0,-6.276316206916581,0.3124662420323639,-6.760657948296973,-6.613501147952531,-13.280626651710639,0.16870133725781813,0.1063
HOUSE,FL,14,False,standard,Kathy Castor,D,1,Kathy Castor,Mike Beltran,,-10.62098657326328,0.0,,1.0,9.523809523809524,0.296021991656669,1.2822201105601971,3.7615397516023434,-3.197408008912981,10.674588990169909,0.75865
HOUSE,FL,15,False,standard,Laurel Lee,R,-1,Robert People,Laurel Lee,,-20.095141150578385,0.0,,,,0.0,-14.118409817409804,-14.14830218966636,-22.26520251011779,-6.16597719137432,0.0115
HOUSE,FL,16,False,standard,Vern Buchanan,,0,Kelly Kirschner,Sydney Gruters,,-13.811661289568429,0.0,,1.0,1.2658227848101267,0.37855280831033594,-4.882809049564894,-2.6344388314405256,-10.05965228183013,4.823673540641017,0.3268
HOUSE,FL,17,False,standard,Greg Steube,R,-1,Matthew Montavon,Greg Steube,,-22.24156570778953,0.0,,,,0.0,-16.358886711973483,-16.37611457690097,-24.306143728854835,-8.428388424366632,0.0051
HOUSE,FL,18,False,standard,Scott Franklin,R,-1,Curtis Gibson,Scott Franklin,,-17.102886122235766,0.0,,,,0.0,-10.910428787082736,-10.870762645847952,-18.931232006575822,-2.9085977060642465,0.04145
HOUSE,FL,19,False,standard,Byron Donalds,,0,Victor Arias,Jim Schwartzel,,-30.416149231176274,0.0,,,,0.0,-22.474733197453066,-22.373639191483143,-31.738534740768646,-13.213428541094308,0.00095
HOUSE,FL,20,False,standard,Debbie Wasserman Schultz,D,1,Debbie Wasserman Schultz,Brent Andersen,,37.50081626941555,0.0,,,,0.0,47.20146571770787,47.19938132394569,39.40597858750627,55.13724692426297,1.0
HOUSE,FL,21,False,standard,Brian Mast,R,-1,James Martin,Brian Mast,,-16.40535991568672,0.0,,,,0.0,-10.140976198690934,-10.054660809288617,-18.093822478160682,-2.120705226280833,0.0529
HOUSE,FL,22,False,standard,None (new seat),,0,Pia Dandiya,Casey Askar,,-10.371815924951084,0.0,,2.0,-1.2488811340850996,0.3807613580685385,-0.7070589592971147,-0.9056775897488876,-8.382226116165919,6.5566555017907655,0.437
HOUSE,FL,23,False,standard,Lois Frankel,D,1,Lois Frankel,Deborah Adeimy,,13.860283552064374,0.0,,,,0.0,24.585584394471027,24.624578492785595,16.59290196756216,32.6071857832413,1.0
HOUSE,FL,24,False,standard,Frederica Wilson,,0,Oliver Gilbert,Te Mayonna Brown,,39.04931980196582,0.0,,,,0.0,46.38199703151089,46.37163537085124,37.18033184378384,55.65293545605684,1.0
HOUSE,FL,25,False,standard,Jared Moskowitz,D,1,Jared Moskowitz,Scott Singer,,-9.218034236116692,0.0,,1.0,13.157894736842104,0.20974256987849105,3.0416836499321196,5.1096924147361165,-2.0206028649220498,12.325915643699258,0.8186
HOUSE,FL,26,False,standard,Mario Díaz-Balart,R,-1,Nicole Locklin,Mario Díaz-Balart,,-18.540683907584068,0.0,,,,0.0,-12.468181830620384,-12.419747312552511,-20.49251819779906,-4.375283264594242,0.02125
HOUSE,FL,27,False,standard,María Elvira Salazar,R,-1,Eliott Rodriguez,María Elvira Salazar,,-14.697284015567739,0.0,,3.0,-6.037795494007989,0.31203849449568155,-8.21135299872129,-7.507863539959725,-14.174928619365197,-0.7294005337108473,0.07705
HOUSE,FL,28,False,standard,Carlos A. Giménez,,0,Phil Ehr,Carlos Giménez,,-25.62449782340173,0.0,,,,0.0,-17.547523863862295,-17.495524256278124,-26.77590109121347,-8.288018956852255,0.0075
HOUSE,GA,1,False,standard,Buddy Carter,,0,Amanda Hollowell,Jim Kingston,,-15.892812698763862,0.0,,,,0.0,-7.269036692331073,-7.3020261126904575,-16.438747854120553,1.8110220097602296,0.1539
HOUSE,GA,2,False,standard,Sanford Bishop,D,1,Sanford Bishop,Matt Day,,7.650507378170518,0.0,,,,0.0,19.490896881827027,19.4714954155992,11.4665826198762,27.49934094886151,0.99915
HOUSE,GA,3,False,standard,Brian Jack,R,-1,Maura Keller,Brian Jack,,-29.876322455669797,0.0,,,,0.0,-24.218973711962857,-24.168724494771478,-32.25597888010378,-16.12397329335904,0.0
HOUSE,GA,4,False,standard,Hank Johnson,D,1,Hank Johnson,James Duffie,,53.03852255145806,0.0,,,,0.0,61.9524157483786,61.98845837195372,54.14644802590572,69.84805049832384,1.0
HOUSE,GA,5,False,standard,Nikema Williams,D,1,Nikema Williams,John Oscar Salvesen,,72.33073290669485,0.0,,,,0.0,79.95273081687517,79.9664477240031,72.03223559962773,87.87331144228983,1.0
HOUSE,GA,6,False,standard,Lucy McBath,D,1,Lucy McBath,Kevin Martin,,50.345152979843064,0.0,,,,0.0,59.41193838498592,59.456116900713596,51.46047017823406,67.24847362273339,1.0
HOUSE,GA,7,False,standard,Rich McCormick,R,-1,Tony Kozycki,Rich McCormick,,-22.30291135099771,0.0,,1.0,-8.770786516853933,0.3006205305037392,-16.422479714350235,-14.07932632522747,-20.863666976500724,-7.276911011558993,0.00345
HOUSE,GA,8,False,standard,Austin Scott,R,-1,Kelly Esti,Austin Scott,,-30.72180747930478,0.0,,,,0.0,-25.089533571606683,-25.040121606822527,-33.11210637704341,-17.060571910385725,0.0
HOUSE,GA,9,False,standard,Andrew Clyde,R,-1,Caitlyn Gegen,Andrew Clyde,,-34.33522296479662,0.0,,,,0.0,-28.818481009064747,-28.79488113743968,-36.71989785118816,-20.916892338945573,0.0
HOUSE,GA,10,False,standard,Mike Collins,,0,Pam Delancy,Houston Gaines,,-20.913860114633074,0.0,,,,0.0,-12.677105769883202,-12.732068218169736,-21.86431020831369,-3.5812251107127433,0.038
HOUSE,GA,11,False,standard,Barry Loudermilk,,0,Chris Harden,John Cowan,,-23.563722533183686,0.0,,1.0,2.4390243902439024,0.38102055843370014,-15.425956442038832,-8.649872309563431,-16.035249469055678,-1.240086457325888,0.0677
HOUSE,GA,12,False,standard,Rick Allen,R,-1,Ceretta Smith,Rick Allen,,-14.231034879705307,0.0,,,,0.0,-7.672348515574648,-7.682130841144435,-15.7311862412885,0.2713215940487163,0.10745
HOUSE,GA,13,False,standard,Everton Blair,,0,Jasmine Clark,Jonathan Chavez,,42.724453914937364,0.0,,,,0.0,49.886481826363266,49.82486717334663,40.72257031098057,59.216629810791765,1.0
HOUSE,GA,14,False,standard,Clay Fuller,R,-1,Shawn Harris,Clay Fuller,,-37.01635857495856,0.0,,,,0.0,-31.59493093825469,-31.57746721916301,-39.517282260760695,-23.62172425219268,0.0
HOUSE,HI,1,False,standard,Ed Case,D,1,Ed Case,Adriel Lam,,25.166334746889017,0.0,,,,0.0,35.326411805727155,35.3439069940637,27.411334678843037,43.21632949429108,1.0
HOUSE,HI,2,False,standard,Jill Tokuda,D,1,Jill Tokuda,Brenton Awa,,22.062952000244117,0.0,,,,0.0,32.32323004205811,32.23619361531521,24.334021621270168,40.313501564945085,1.0
HOUSE,IA,1,False,standard,Mariannette Miller-Meeks,R,-1,Christina Bohannan,Mariannette Miller-Meeks,,-8.590704180072024,0.0,,2.0,6.666443645284484,0.3002224373999517,-0.7668741707944576,1.50215822896986,-5.23840659254403,8.276834047057061,0.61215
HOUSE,IA,2,False,standard,Ashley Hinson,,0,Lindsay James,Joe Mitchell,,-10.127597485735269,0.0,,2.0,-4.02646523980381,0.35353363950043315,-0.40163538660251313,-1.7174858412141658,-9.213830700579837,5.99230881597391,0.3863
HOUSE,IA,3,False,standard,Zach Nunn,R,-1,Sarah Trone Garriott,Zach Nunn,,-4.464251430326767,0.0,,1.0,-1.0666666666666673,0.0848123079780949,4.3025427439020785,3.8547458291788415,-3.857577852358294,11.59508738879086,0.73865
HOUSE,IA,4,False,standard,Randy Feenstra,,0,David Dawson,Chris McGowan,,-31.901561369041463,0.0,,,,0.0,-24.00545186978883,-23.98606242761477,-33.227015510238786,-14.869357800214585,0.00055
HOUSE,ID,1,False,standard,Russ Fulcher,R,-1,Kaylee Peterson,Russ Fulcher,,-46.19778126853283,0.0,,3.0,-16.24637167506642,0.30968320926802634,-41.16754769979053,-33.43249997388769,-40.22703195688927,-26.648244030165305,0.0
HOUSE,ID,2,False,standard,Mike Simpson,R,-1,Ellie Gilbreath,Mike Simpson,,-27.561138104639443,0.0,,,,0.0,-21.837973150810985,-21.829379371824555,-29.90428474323149,-13.805681020661822,0.0002
HOUSE,IL,1,False,standard,Jonathan Jackson,D,1,Jonathan Jackson,Christian Maxwell,,32.45721176888944,0.0,,,,0.0,42.36298403590439,42.367746360922396,34.515946303125595,50.289468842924066,1.0
HOUSE,IL,2,False,standard,Robin Kelly,,0,Donna Miller,Michael Noack,,33.57708216310065,0.0,,,,0.0,41.13946340969738,41.07338077573961,31.994773389856427,50.2703593141998,1.0
HOUSE,IL,3,False,standard,Delia Ramirez,D,1,Delia Ramirez,Angel Oakley,,31.83380528871024,0.0,,,,0.0,41.763201254194314,41.68226370306847,33.74581295049381,49.84312446534264,1.0
HOUSE,IL,4,False,standard,Chuy García,,0,Patty Garcia,Lupe Castillo,,28.752276035686318,0.0,,,,0.0,36.49297156142899,36.568647684504725,27.356125890615996,45.81083927062832,1.0
HOUSE,IL,5,False,standard,Mike Quigley,D,1,Mike Quigley,Tommy Hanson,,37.56614329445709,0.0,,,,0.0,47.26397245616989,47.16637985463814,39.35392419160389,54.977505800479385,1.0
HOUSE,IL,6,False,standard,Sean Casten,D,1,Sean Casten,Niki Conforti,,5.575462312490821,0.0,,,,0.0,17.960062844689247,17.90274039898444,9.894078256686724,25.94414466233912,0.99785
HOUSE,IL,7,False,standard,Danny Davis,,0,La Shawn Ford,Chad Koppie,,66.15598021500666,0.0,,,,0.0,71.92855742336086,71.89591416075828,62.87709232306483,81.0488740350116,1.0
HOUSE,IL,8,False,standard,Raja Krishnamoorthi,,0,Melissa Bean,Jennifer Davis,,7.000325718967043,0.0,,,,0.0,16.70675715160194,16.68101206684723,7.4044836012571755,25.955659555893337,0.98975
HOUSE,IL,9,False,standard,Jan Schakowsky,,0,Daniel Biss,John Elleson,,36.986157350622044,0.0,,,,0.0,44.408879710091476,44.428528115495055,35.296228724638006,53.41481288913273,1.0
HOUSE,IL,10,False,standard,Brad Schneider,D,1,Brad Schneider,Carl Lambrecht,,22.345356623267172,0.0,,,,0.0,32.59629803826515,32.581129790549085,24.735697966745803,40.42011920415862,1.0
HOUSE,IL,11,False,standard,Bill Foster,D,1,Bill Foster,Jeff Walter,,11.606554064861559,0.0,,,,0.0,22.62771300560971,22.618257636893965,14.557984997017625,30.47886347174424,0.99975
HOUSE,IL,12,False,standard,Mike Bost,R,-1,Julie Fortier,Mike Bost,,-44.08125909098338,0.0,,,,0.0,-38.95185130474954,-38.94985769487325,-47.01573202257001,-31.121273708311207,0.0
HOUSE,IL,13,False,standard,Nikki Budzinski,D,1,Nikki Budzinski,Jeff Wilson,,10.649960605661136,0.0,,,,0.0,21.83401801295866,21.73501127254947,13.840781119736393,29.90013963564508,0.99995
HOUSE,IL,14,False,standard,Lauren Underwood,D,1,Lauren Underwood,James Marter,,5.2631897441173,0.0,,,,0.0,17.73136829428364,17.664553937083966,9.70959543246849,25.670527546051222,0.99795
HOUSE,IL,15,False,standard,Mary Miller,R,-1,Jennifer Todd,Mary Miller,,-40.433634690775264,0.0,,,,0.0,-35.145999325628395,-35.20358422718447,-43.04958203705086,-27.314735777881552,0.0
HOUSE,IL,16,False,standard,Darin LaHood,R,-1,Paul Nolley,Darin LaHood,,-23.049919660830685,0.0,,,,0.0,-17.195491486766695,-17.207236445763137,-25.303036213067195,-9.188189794189789,0.00275
HOUSE,IL,17,False,standard,Eric Sorensen,D,1,Eric Sorensen,Dillan Vancil,,4.828123190177733,0.0,,,,0.0,17.411972918791914,17.41609890184033,9.53821272964979,25.368075262108487,0.99785
HOUSE,IN,1,False,standard,Frank J. Mrvan,,0,Frank Mrvan,Barb Regnitz,,0.4022301253280738,0.0,,,,0.0,11.602581579477247,11.604800825337167,2.367024687813655,20.804726994475597,0.94495
HOUSE,IN,2,False,standard,Rudy Yakym,R,-1,Jamee Decio,Rudy Yakym,,-26.920260374288038,0.0,,,,0.0,-21.179324692835575,-21.089769364051946,-29.128028790231742,-13.11638635208071,0.0003
HOUSE,IN,3,False,standard,Marlin Stutzman,R,-1,Kelly Thompson,Marlin Stutzman,,-31.72894798522732,0.0,,,,0.0,-26.127456936248795,-26.091885126251565,-34.05738225795345,-18.098032388357993,0.0
HOUSE,IN,4,False,standard,Jim Baird,R,-1,Drew Cox,Jim Baird,,-29.878658536585366,0.0,,,,0.0,-24.221378176325445,-24.22198739783144,-32.10214180753566,-16.204302592527572,0.0
HOUSE,IN,5,False,standard,Victoria Spartz,R,-1,J. D. Ford,Victoria Spartz,,-17.12743785454997,0.0,,1.0,-7.5276595744680845,0.2782043135033641,-10.937335832838798,-10.017268757729278,-16.8341075598958,-3.1029176658117024,0.0319
HOUSE,IN,6,False,standard,Jefferson Shreve,R,-1,Cinde Wirth,Jefferson Shreve,,-33.09952049613334,0.0,,,,0.0,-27.541650668635953,-27.567996831005882,-35.47163431231707,-19.625616316327886,0.0
HOUSE,IN,7,False,standard,André Carson,D,1,André Carson,Patrick McAuley,,42.161067786442715,0.0,,,,0.0,51.650104263123104,51.71299106430154,43.76448078138766,59.54560110461364,1.0
HOUSE,IN,8,False,standard,Mark Messmer,R,-1,Mary Allen,Mark Messmer,,-36.49150182813958,0.0,,,,0.0,-31.05075217041153,-31.04047933630433,-39.077080714088126,-23.05518428310593,0.0
HOUSE,IN,9,False,standard,Erin Houchin,R,-1,Brad Meyer,Erin Houchin,,-30.3858345174336,0.0,,,,0.0,-24.743516643867135,-24.749282469738887,-32.679880788640574,-16.867333573855472,5e-05
HOUSE,KS,1,False,standard,Tracey Mann,R,-1,Lauren Reinhold,Tracey Mann,,-31.848581559120564,0.0,,,,0.0,-26.250816942781995,-26.194218640401395,-34.22478623990392,-18.217209737065993,0.0
HOUSE,KS,2,False,standard,Derek Schmidt,R,-1,Don Coover,Derek Schmidt,,-20.055354340614592,0.0,,,,0.0,-14.076520566065895,-14.009809807352452,-22.015375466485146,-6.042288601543,0.01125
HOUSE,KS,3,False,standard,Sharice Davids,D,1,Sharice Davids,Eric Jenkins,,4.174028834088756,0.0,,,,0.0,16.928254118724585,16.93727549360664,9.038832692503155,24.860267408453453,0.99725
HOUSE,KS,4,False,standard,Ron Estes,R,-1,Katy Tyndell,Ron Estes,,-23.69976552345745,0.0,,,,0.0,-17.86627565280235,-17.80371519667625,-25.740867174278463,-9.868578423175405,0.0025
HOUSE,KY,1,False,standard,James Comer,R,-1,Drew Williams,James Comer,,-47.91004767154219,0.0,,,,0.0,-42.96402985979272,-42.962300855155725,-51.030314064789586,-35.022773012597746,0.0
HOUSE,KY,2,False,standard,Brett Guthrie,R,-1,Megan Wingfield,Brett Guthrie,,-41.93201836717013,0.0,,,,0.0,-36.707444251335055,-36.684856958085305,-44.666911767216,-28.708587603295516,0.0
HOUSE,KY,3,False,standard,Morgan McGarvey,D,1,Morgan McGarvey,Maria Rodriquez,,19.26899411654809,0.0,,,,0.0,29.631361150244658,29.66086929110009,21.668974799948476,37.618559372094886,1.0
HOUSE,KY,4,False,standard,Thomas Massie,,0,Melissa Strange,Ed Gallrein,,-36.16019101367484,0.0,,,,0.0,-28.407411577581485,-28.416693217313387,-37.64764012390988,-19.229414935634942,5e-05
HOUSE,KY,5,False,standard,Hal Rogers,R,-1,Ned Pillersdorf,Hal Rogers,,-64.66978795481056,0.0,,,,0.0,-60.739778499542595,-60.743593992825524,-68.74738221717006,-52.847305704979696,0.0
HOUSE,KY,6,False,standard,Andy Barr,,0,Zach Dembo,Ralph Alvarado,,-15.313409908980443,0.0,,4.0,-5.312555633043793,0.37651995900434027,-6.615321035068942,-6.148595995128659,-13.506854415371125,1.1087598360441973,0.1421
HOUSE,LA,1,False,jungle,Steve Scalise,R,-1,Lauren Jewett,Randall Arrington; Steve Scalise,,-38.94809735335349,0.0,,,,0.0,-33.60059314154692,-33.6177946492395,-41.56786853739525,-25.57278582408675,0.0
HOUSE,LA,2,False,jungle,Troy Carter,D,1,Troy Carter; Renada Collins,Peter Williams,,48.34454715461763,0.0,,,,0.0,57.52045693073535,57.56868401643862,49.681077057510684,65.38703490805486,1.0
HOUSE,LA,3,False,jungle,Clay Higgins,R,-1,John Day; Priscilla Gonzalez; Tia LeBrun; Caleb Walker,Kate Cotten; Clay Higgins,,-36.49141918263314,0.0,,,,0.0,-31.050666507971282,-31.01461237830297,-39.106399950199076,-23.053025079852162,0.0
HOUSE,LA,4,False,jungle,Mike Johnson,R,-1,Conrad Cable; Matt Gromlich,Gordon Heslop; Mike Johnson; Mike Nichols,,-34.66020705293809,0.0,,,,0.0,-29.15457196520315,-29.109138274048245,-37.21400013052398,-21.13764891563953,0.0
HOUSE,LA,5,False,jungle,Julia Letlow,,0,Dan McKay; Patricia Moore; Antonio Wilson,Stewart Cathey Jr.; Misti Cordell; Omar Dantzler; Michael Echols; Gabe Firment; Austin Magee,,-34.46022314691452,0.0,,,,0.0,-26.647738849766355,-26.64790279496524,-35.80987861814622,-17.493706212376683,0.00015
HOUSE,LA,6,False,jungle,Cleo Fields,,0,Pat Forbes; Lindsay Garcia,Monique Appeaning; Larry Davis; Rick Edmonds; Chris Johnson; Michael Mebruer; Blake Miguez; Stephen Wagley,,-30.628413524975773,0.0,,,,0.0,-22.693336687767186,-22.728137414056235,-31.974972777156378,-13.610111194460687,0.00065
HOUSE,MA,1,False,same_party,Richard Neal,D,1,Richard Neal,,D,13.91472962033623,0.0,,,,,,,,,1.0
HOUSE,MA,2,False,same_party,Jim McGovern,D,1,Jim McGovern,,D,24.287252795533576,0.0,,,,,,,,,1.0
HOUSE,MA,3,False,standard,Lori Trahan,D,1,Lori Trahan,Gary Grossi,,19.39223989927893,0.0,,,,0.0,29.74951984014142,29.811831759474465,21.947491559619575,37.61803281005094,1.0
HOUSE,MA,4,False,standard,Jake Auchincloss,D,1,Jake Auchincloss,Thomas Stalcup,,20.13118266529218,0.0,,,,0.0,30.45940057266403,30.453763390666353,22.491379199089995,38.41180609237524,1.0
HOUSE,MA,5,False,same_party,Katherine Clark,D,1,Katherine Clark,,D,46.346449490580284,0.0,,,,,,,,,1.0
HOUSE,MA,6,False,standard,Seth Moulton,,0,Dan Koh,Micah Jones,,21.088680178889774,0.0,,,,0.0,29.082122609115547,29.154220998260804,19.86585365774888,38.33648855552338,1.0
HOUSE,MA,7,False,same_party,Ayanna Pressley,D,1,Ayanna Pressley,,D,65.14004345536927,0.0,,,,,,,,,1.0
HOUSE,MA,8,False,standard,Stephen Lynch,D,1,Stephen Lynch,Robert Burke,,26.9861956166176,0.0,,,,0.0,37.0868296752472,37.08252987335019,29.171058568931894,44.986629987762576,1.0
HOUSE,MA,9,False,standard,Bill Keating,D,1,Bill Keating,Tyler MacAllister,,10.942031882242684,0.0,,,,0.0,22.073865998979723,22.072865295011518,14.088364342588902,30.114594870006854,0.9999
HOUSE,MD,1,False,standard,Andy Harris,R,-1,Dan Schwartz,Andy Harris,,-17.30515700957555,0.0,,1.0,-19.685714285714287,0.28625461796561746,-11.13176278204583,-13.62471767965093,-20.504209535170684,-6.738078145458056,0.00535
HOUSE,MD,2,False,standard,Johnny Olszewski,D,1,Johnny Olszewski,Dave Wallace,,18.938218026002716,0.0,,,,0.0,29.31463126109068,29.341371062537867,21.372432293412324,37.16286136951187,1.0
HOUSE,MD,3,False,standard,Sarah Elfreth,D,1,Sarah Elfreth,Berney Flowers,,24.49027443115774,0.0,,,,0.0,34.67205490326296,34.65272166913576,26.665639168849044,42.66007874866473,1.0
HOUSE,MD,4,False,standard,Glenn Ivey,D,1,Glenn Ivey,George McDermott,,75.6651801829724,0.0,,,,0.0,83.02960471945192,82.95390402492615,75.08629077526892,90.85723487037265,1.0
HOUSE,MD,5,False,standard,Steny Hoyer,,0,Adrian Boafo,Chris Chaffee,,34.05016724003836,0.0,,,,0.0,41.593848834481776,41.55742050185906,32.347314843184655,50.75972105242509,1.0
HOUSE,MD,6,False,standard,April McClain Delaney,D,1,April McClain Delaney,Robin Ficker,,5.925898469147308,0.0,,,,0.0,18.216602633991062,18.13448879080437,10.130460023966316,26.117123529614055,0.99865
HOUSE,MD,7,False,standard,Kweisi Mfume,D,1,Kweisi Mfume,Scott Collier,,60.49731735411945,0.0,,,,0.0,68.95233851450928,68.87797167344083,61.112013663244,76.8141003236287,1.0
HOUSE,MD,8,False,standard,Jamie Raskin,D,1,Jamie Raskin,Cheryl Riley,,58.05566151736721,0.0,,,,0.0,66.66659679962522,66.6161843894005,58.72370400351187,74.43471428311804,1.0
HOUSE,ME,1,False,standard,Chellie Pingree,D,1,Chellie Pingree,Ronald Russell,,22.08301794249629,0.0,,,,0.0,32.34262929567685,32.389862870936945,24.385164363674637,40.26617798539226,1.0
HOUSE,ME,2,False,standard,Jared Golden,,0,Matthew Dunlap,Paul LePage,,-9.23471064196821,0.0,,6.0,-5.511135524882269,0.3816322380442393,0.7206623025492358,-1.5674822126410373,-8.93485640926188,5.829639511871514,0.39185
HOUSE,MI,1,False,standard,Jack Bergman,R,-1,Callie Barr,Jack Bergman,,-21.519722425890762,0.0,,,,0.0,-15.609052696729004,-15.660932504663089,-23.459454730963188,-7.738333973739526,0.00555
HOUSE,MI,2,False,standard,John Moolenaar,R,-1,Ben Ambrose,John Moolenaar,,-30.540216196830155,0.0,,,,0.0,-24.90250014186323,-24.847291230064698,-32.753253201739994,-16.98913564035785,0.0
HOUSE,MI,3,False,standard,Hillary Scholten,D,1,Hillary Scholten,Terri DeBoer,,7.972385433101784,0.0,,,,0.0,19.733033810993792,19.733427974415513,11.804052656208711,27.657862022621668,0.99915
HOUSE,MI,4,False,standard,Bill Huizenga,R,-1,Sean McCann,Bill Huizenga,,-5.621377887750186,0.0,,3.0,-2.08404171120702,0.23667846237476203,2.9282411061869227,1.739106311070985,-5.200412384181634,8.789469427380778,0.6243
HOUSE,MI,5,False,standard,Tim Walberg,R,-1,Christian Vukasovich,Tim Walberg,,-27.40917258410124,0.0,,,,0.0,-21.681786286527363,-21.753106627059964,-29.56909889104566,-13.785110251867966,0.00035
HOUSE,MI,6,False,standard,Debbie Dingell,D,1,Debbie Dingell,Heather Smiley,,23.922767554940073,0.0,,,,0.0,34.12271561580304,34.189354077694105,26.16742371256007,42.13745644181724,1.0
HOUSE,MI,7,False,standard,Tom Barrett,R,-1,William Lawrence,Tom Barrett,,-1.303857115880356,0.0,,2.0,-3.3029189731495254,0.3026173242455654,7.709138370765893,4.3946576631404195,-2.2619289347183487,11.11219646959218,0.7997
HOUSE,MI,8,False,standard,Kristen McDonald Rivet,D,1,Kristen McDonald Rivet,Thomas Smith,,-2.009144166793344,0.0,,,,0.0,11.599291789737592,11.524007021218678,3.524624038195163,19.56413765119269,0.96765
HOUSE,MI,9,False,standard,Lisa McClain,R,-1,Ray Pooley,Lisa McClain,,-32.77545908113034,0.0,,,,0.0,-27.207089006658492,-27.18295996890329,-35.08731984199864,-19.195052792855847,0.0
HOUSE,MI,10,False,standard,John James,,0,Christina Hines,Mike Bouchard,,-6.684831205554229,0.0,,2.0,-5.384977199551968,0.36631232344736164,3.924161704402995,0.5471797208701055,-6.810831702910644,7.890697382203702,0.5378
HOUSE,MI,11,False,standard,Haley Stevens,,0,Jeremy Moss,Ethan Baker,,16.423294509151415,0.0,,,,0.0,24.63299173725576,24.570960683856505,15.328568804870608,33.79482996246193,0.9997
HOUSE,MI,12,False,standard,Rashida Tlaib,D,1,Rashida Tlaib,James Hooper,,39.897191011235954,0.0,,,,0.0,49.491661097950654,49.498923948839916,41.61769497125346,57.44216515254436,1.0
HOUSE,MI,13,False,standard,Shri Thanedar,,0,Donavan McKinney,T.P. Nykoriak,,41.99678274964389,0.0,,,,0.0,49.19363727837553,49.11413894094057,40.09338782728777,58.21554132799732,1.0
HOUSE,MN,1,False,standard,Brad Finstad,R,-1,Jake Johnson,Brad Finstad,,-12.233713055803454,0.0,,2.0,-6.212632712554414,0.10891390585484527,-5.300803380687089,-5.34500553929272,-13.019794004732818,2.2073363596942035,0.18265
HOUSE,MN,2,False,standard,Angie Craig,,0,Matt Little,Eric Pratt,,5.9507367864820395,0.0,,2.0,8.087564913416745,0.37744337925340743,15.934792380363437,12.944654600474752,5.534083630557168,20.479705626041092,0.98585
HOUSE,MN,3,False,standard,Kelly Morrison,D,1,Kelly Morrison,Tyler Bass,,21.720150444274704,0.0,,,,0.0,31.991907185587316,32.11923299753755,24.126367492829637,40.086656341814574,1.0
HOUSE,MN,4,False,standard,Betty McCollum,D,1,Betty McCollum,Paul Wikstrom,,36.46698138802974,0.0,,,,0.0,46.21170792363482,46.20325445756947,38.291629071945245,54.120710465507436,1.0
HOUSE,MN,5,False,standard,Ilhan Omar,D,1,Ilhan Omar,John Nagel,,63.542984491902445,0.0,,,,0.0,71.79581042275186,71.81919065538276,63.96950523972639,79.68655461193053,1.0
HOUSE,MN,6,False,standard,Tom Emmer,R,-1,Doug Chapin,Tom Emmer,,-20.06608890237427,0.0,,,,0.0,-14.087823947270074,-14.143617197409567,-22.104093757190146,-6.02591421830191,0.0136
HOUSE,MN,7,False,standard,Michelle Fischbach,R,-1,Erik Osberg,Michelle Fischbach,,-37.09774237198466,0.0,,,,0.0,-31.679339902447875,-31.637289065653654,-39.680077061955814,-23.652036045137834,0.0
HOUSE,MN,8,False,standard,Pete Stauber,R,-1,Trina Swanson,Pete Stauber,,-14.531388413157739,0.0,,,,0.0,-8.020199243654774,-7.913241524668159,-15.997725793239976,0.13297450008335035,0.1038
HOUSE,MO,1,False,standard,Wesley Bell,D,1,Wesley Bell,Paul Berry,,58.18768172722622,0.0,,,,0.0,66.79032805093709,66.85069984124505,58.93779292615452,74.77681744902037,1.0
HOUSE,MO,2,False,standard,Ann Wagner,R,-1,Fred Wellman,Ann Wagner,,-8.036578251263439,0.0,,1.0,-8.929411764705883,0.2320388444969666,-0.06801320194809435,-2.014010955731471,-9.181479420478205,4.998191002245646,0.35725
HOUSE,MO,3,False,standard,Bob Onder,R,-1,Bethany Mann,Bob Onder,,-27.09880132670149,0.0,,,,0.0,-21.362809793660492,-21.320545253842017,-29.386240352352537,-13.474181167295875,0.0003
HOUSE,MO,4,False,standard,Mark Alford,R,-1,Jordan Herrera,Mark Alford,,-42.811354448074596,0.0,,,,0.0,-37.625043694305226,-37.584919679048035,-45.52199239882855,-29.636507678168453,0.0
HOUSE,MO,5,False,standard,Emanuel Cleaver,D,1,Emanuel Cleaver,Rick Brattin,,23.50937224201861,0.0,,,,0.0,33.72257141346096,33.68867581326831,25.80455593775549,41.623418655872136,1.0
HOUSE,MO,6,False,standard,Sam Graves,,0,Josh Smead,Chris Stigall,,-39.31892471811242,0.0,,,,0.0,-31.686118646887643,-31.776219727708614,-40.975617184322466,-22.564389025512323,0.0
HOUSE,MO,7,False,standard,Eric Burlison,R,-1,Missi Hesketh,Eric Burlison,,-43.124014394889,0.0,,,,0.0,-37.9515330515385,-37.910184553947055,-46.01165437413126,-30.043220241506972,0.0
HOUSE,MO,8,False,standard,Jason Smith,R,-1,Chris Reichard,Jason Smith,,-54.60781455423596,0.0,,,,0.0,-50.02577681930543,-50.090124246065926,-57.97076517957623,-42.20273775802414,0.0
HOUSE,MS,1,False,standard,Trent Kelly,R,-1,Cliff Johnson,Trent Kelly,,-37.53256379062851,0.0,,,,0.0,-32.13045702565908,-32.140444519795835,-40.251361275251874,-24.149927263385344,0.0
HOUSE,MS,2,False,standard,Bennie Thompson,D,1,Bennie Thompson,Ron Eller,,20.573389722299627,0.0,,,,0.0,30.885208645635156,30.797014170363553,22.928071515042014,38.73662916543564,1.0
HOUSE,MS,3,False,standard,Michael Guest,R,-1,Michael Chiaradio,Michael Guest,,-29.463344005292292,0.0,,,,0.0,-23.793979499405022,-23.754536093738118,-31.860142614148256,-15.906854604280928,5e-05
HOUSE,MS,4,False,standard,Mike Ezell,R,-1,Jeffrey Hulum III,Mike Ezell,,-42.99199812853909,0.0,,,,0.0,-37.8136631412203,-37.83433564025842,-45.776805468510375,-29.826497265182308,0.0
HOUSE,MT,1,False,standard,Ryan Zinke,,0,Sam Forstag,Aaron Flint,,-11.922412494511375,0.0,,4.0,-2.3823690140427045,0.38253293114866993,-2.6223254394834963,-2.484623478336549,-9.89867757855683,4.839511984039747,0.33295
HOUSE,MT,2,False,standard,Troy Downing,R,-1,Brian Miller,Troy Downing,,-30.507838926964144,0.0,,1.0,-29.72972972972973,0.30971176397852085,-24.869155888916016,-26.378715335904346,-33.117154461762,-19.607716069934174,0.0
HOUSE,NC,1,False,standard,Don Davis,D,1,Don Davis,Laurie Buckhout,,-11.640982218458934,0.0,,4.0,1.8589051956557592,0.30859155600925603,0.021725576235240854,0.6005772403187747,-6.206736699679199,7.321191054083184,0.5457
HOUSE,NC,2,False,standard,Deborah Ross,D,1,Deborah Ross,Eugene Douglass,,34.43506519240677,0.0,,,,0.0,44.26337091652893,44.28140781943526,36.220235888185236,52.13616581092732,1.0
HOUSE,NC,3,False,standard,Greg Murphy,R,-1,Raymond Smith Jr.,Greg Murphy,,-13.756454677871803,0.0,,1.0,-8.929411764705883,0.29266193051892764,-7.118030074616785,-7.635450498093319,-14.534225490921438,-0.8736158017674776,0.0741
HOUSE,NC,4,False,standard,Valerie Foushee,D,1,Valerie Foushee,Max Ganorkar,,46.06391998673297,0.0,,,,0.0,55.35958263358234,55.330379158062335,47.43567273158638,62.98172950105521,1.0
HOUSE,NC,5,False,standard,Virginia Foxx,R,-1,Chuck Hubbard,Virginia Foxx,,-17.953183297610543,0.0,,,,0.0,-11.83586834811945,-11.802782844468009,-19.863496287909943,-3.758167861875054,0.02935
HOUSE,NC,6,False,standard,Addison McDowell,R,-1,Cyril Jefferson,Addison McDowell,,-17.37132543617617,0.0,,,,0.0,-11.204000886425135,-11.22400735755853,-19.26663137905674,-3.1368580287891388,0.03715
HOUSE,NC,7,False,standard,David Rouzer,R,-1,Kimberly Hardy,David Rouzer,,-13.94974512852853,0.0,,1.0,-12.542857142857143,0.2995487258073005,-7.344493129346741,-8.944157854747033,-15.753583541353724,-2.116616500835225,0.04765
HOUSE,NC,8,False,standard,Mark Harris,R,-1,Colby Watson,Mark Harris,,-19.58539183387993,0.0,,,,0.0,-13.580459128396635,-13.533414237286761,-21.650319146175548,-5.699830730581412,0.01395
HOUSE,NC,9,False,standard,Richard Hudson,R,-1,Richard Ojeda,Richard Hudson,,-16.01098912732778,0.0,,1.0,-9.945454545454545,0.30265158798604685,-9.701421938862053,-9.842785253139773,-16.57608608211013,-2.9909287417511705,0.03265
HOUSE,NC,10,False,standard,Pat Harrigan,R,-1,Ashley Bell,Pat Harrigan,,-17.90491390090454,0.0,,1.0,-11.253932584269664,0.08196977559342802,-11.783671973586758,-11.730319189595498,-19.445270587563932,-3.9524404133971487,0.0254
HOUSE,NC,11,False,standard,Chuck Edwards,,0,Jamie Ager,Jennifer Balkcom,,-9.615756470815723,0.0,,1.0,-2.103296703296704,0.3729430104083103,0.2408278749871133,-0.6599404885930988,-8.044435203517708,6.744686658956796,0.45625
HOUSE,NC,12,False,standard,Alma Adams,D,1,Alma Adams,Jack Codiga,,47.05490301304412,0.0,,,,0.0,56.299140090372155,56.308181658206344,48.36258116547629,64.26175011940633,1.0
HOUSE,NC,13,False,standard,Brad Knott,R,-1,Paul Barringer,Brad Knott,,-16.650008567022674,0.0,,,,0.0,-10.411980670119137,-10.435628628074952,-18.354796375319495,-2.3514214147237964,0.05015
HOUSE,NC,14,False,standard,Tim Moore,R,-1,Lakesha Womack,Tim Moore,,-15.227341475872397,0.0,,1.0,-3.490909090909092,0.08196977559342802,-8.817537881491775,-8.403544901420917,-16.08071650812255,-0.8405195713633955,0.0766
HOUSE,ND,0,False,standard,Julie Fedorchak,R,-1,Trygve Hammer,Julie Fedorchak,,-37.392986132786376,0.0,,,,0.0,-31.985624070620943,-32.0549262524229,-40.06416289270027,-24.008978436293464,0.0
HOUSE,NE,1,False,standard,Mike Flood,R,-1,Chris Backemeyer,Mike Flood,,-13.228325882116762,0.0,,3.0,-1.9373429331457832,0.30842009581044544,-6.494380348421429,-5.126523050932663,-11.797858727639019,1.6089638480509436,0.16225
HOUSE,NE,2,False,standard,Don Bacon,,0,Denise Powell,Brinker Harding,,4.684329452129328,0.0,,1.0,4.545454545454546,0.37855280831033594,15.006077086710194,11.094805329965475,3.584088430478186,18.36360190369144,0.97005
HOUSE,NE,3,False,standard,Adrian Smith,R,-1,Becky Stille,Adrian Smith,,-54.43078179590726,0.0,,,,0.0,-49.83840991650389,-49.774621099804605,-57.72940673106998,-41.82955839518195,0.0
HOUSE,NH,1,False,standard,Chris Pappas,,0,Stefany Shaheen,Anthony DiLorenzo,,2.01995452407088,0.0,,,,0.0,12.967623679239212,13.038220595018238,3.7036865024518293,22.259362636839608,0.96245
HOUSE,NH,2,False,standard,Maggie Goodlander,D,1,Maggie Goodlander,Lily Tang Williams,,3.626907261452192,0.0,,7.0,19.0170979281478,0.3117188091397706,16.518338622287835,17.31938437957134,10.485949566317776,24.164076940024444,0.99965
HOUSE,NJ,1,False,standard,Donald Norcross,D,1,Donald Norcross,Damon Galdo,,19.018716043787666,0.0,,,,0.0,29.391655836328468,29.499462327323453,21.49265121850652,37.465571004623776,1.0
HOUSE,NJ,2,False,standard,Jeff Van Drew,R,-1,Zack Mullock,Jeff Van Drew,,-12.73536038103531,0.0,,,,0.0,-5.9058590150779064,-5.802215329135363,-13.789329464927299,2.2563845902704416,0.1785
HOUSE,NJ,3,False,standard,Herb Conaway,D,1,Herb Conaway,Michael McGuire,,8.495531888848085,0.0,,,,0.0,20.13071490231778,20.101666282224354,12.118518267098388,28.269821708322525,0.99965
HOUSE,NJ,4,False,standard,Chris Smith,R,-1,Rachel Peace,Chris Smith,,-30.53695687107094,0.0,,,,0.0,-24.899143427306065,-24.854937037318948,-32.79005826027518,-16.818704498470755,0.0
HOUSE,NJ,5,False,standard,Josh Gottheimer,D,1,Josh Gottheimer,Sean Kirrane,,1.5426974936227071,0.0,,,,0.0,14.877845492715254,14.845681964346603,6.903013117809798,22.79054920811089,0.99155
HOUSE,NJ,6,False,standard,Frank Pallone,D,1,Frank Pallone,Hillary Herzig,,6.589506910899613,0.0,,,,0.0,18.703569756748422,18.70337686724679,10.662571967241773,26.799457224848034,0.99935
HOUSE,NJ,7,False,standard,Thomas Kean Jr.,R,-1,Rebecca Bennett,Thomas Kean Jr.,,-1.1969676211353153,0.0,,2.0,5.3807403793264355,0.3123980485356359,7.814070163469875,7.13887277904503,0.4467456367666253,13.854885983055146,0.91365
HOUSE,NJ,8,False,same_party,Rob Menendez,D,1,Rob Menendez,,D,24.811967664433183,0.0,,,,,,,,,1.0
HOUSE,NJ,9,False,standard,Nellie Pou,D,1,Nellie Pou,Rosie Pino,,-1.1707415175108455,0.0,,,,0.0,12.439709556899151,12.48784535994028,4.486537621303124,20.458264867025846,0.9791
HOUSE,NJ,10,False,standard,LaMonica McIver,D,1,LaMonica McIver,Carmen Bucco,,51.66747780945097,0.0,,,,0.0,60.660055208149736,60.72481399341606,52.77273111945982,68.59138613952125,1.0
HOUSE,NJ,11,False,standard,Analilia Mejia,D,1,Analilia Mejia,Joe Hathaway,,8.896444150169497,0.0,,,,0.0,20.439326123183427,20.509525844181255,12.529627418475632,28.58370964669606,0.99955
HOUSE,NJ,12,False,standard,Bonnie Watson Coleman,,0,Adam Hamawy,Gregg Mele,,24.53718857974177,0.0,,,,0.0,32.41746624073812,32.483340142159705,23.300729862639713,41.72418494495925,1.0
HOUSE,NM,1,False,standard,Melanie Stansbury,D,1,Melanie Stansbury,Didi Okpareke,,12.99640454650893,0.0,,,,0.0,23.821414553468152,23.8476102691173,16.011680432356947,31.885217386969334,0.9999
HOUSE,NM,2,False,standard,Gabe Vasquez,D,1,Gabe Vasquez,Greg Cunningham,,-1.8466859656378058,0.0,,2.0,3.520155922137982,0.311319135847337,11.765487854821474,9.300348649761634,2.610694836086722,16.02576484160251,0.9632
HOUSE,NM,3,False,standard,Teresa Leger Fernandez,,0,Teresa Leger Fernández,Martin Zamora,,5.320573111539808,0.0,,,,0.0,15.473415169182518,15.453006084376792,6.447561445943674,24.624569743730447,0.9838
HOUSE,NV,1,False,standard,Dina Titus,D,1,Dina Titus,Carrie Buck,,2.3001314794627863,0.0,,,,0.0,15.492032443259074,15.545890772597172,7.576008303189962,23.477935112659683,0.99465
HOUSE,NV,2,False,standard,Mark Amodei,,0,Teresa Benitez-Thompson,David Flippo,,-14.269321190402676,0.0,,3.0,-2.7353311832750826,0.38296661516158814,-5.416816682222999,-4.352394369522788,-11.710625729842464,3.061943146198806,0.2266
HOUSE,NV,3,False,standard,Susie Lee,D,1,Susie Lee,Martin O'Donnell,,-0.7494067306702425,0.0,,,,0.0,12.845897489165104,12.892779065583191,4.9481892312123765,20.94416038009909,0.97955
HOUSE,NV,4,False,standard,Steven Horsford,D,1,Steven Horsford,Cody Whipple,,2.359334791654918,0.0,,,,0.0,15.539061948850629,15.554522375685409,7.537589267495219,23.49314959994301,0.99395
HOUSE,NY,1,False,standard,Nick LaLota,R,-1,Chris Gallant,Nick LaLota,,-10.19098649580888,0.0,,1.0,-9.19746835443038,0.009448853448597295,-2.7809885055652734,-2.874986698520892,-10.809057348466256,5.098208456128241,0.31975
HOUSE,NY,2,False,standard,Andrew Garbarino,R,-1,Patrick Halpin,Andrew Garbarino,,-14.07654671761222,0.0,,,,0.0,-7.492536304487569,-7.541422214531789,-15.50266267693595,0.5742736963801794,0.11815
HOUSE,NY,3,False,standard,Tom Suozzi,D,1,Tom Suozzi,Mike LiPetri,,-4.3468453348013485,0.0,,,,0.0,9.038767165699298,8.959703014062011,1.0518359349384283,17.0086958151833,0.92495
HOUSE,NY,4,False,standard,Laura Gillen,D,1,Laura Gillen,Jeanine Driscoll,,1.2928081522715966,0.0,,,,0.0,14.66968049638925,14.62999373316826,6.72340370004184,22.67144227199088,0.9896
HOUSE,NY,5,False,standard,Gregory Meeks,D,1,Gregory Meeks,George Marsh,,42.80056553350199,0.0,,,,0.0,52.25892118938497,52.291346195634745,44.366616807539735,60.129199449227094,1.0
HOUSE,NY,6,False,standard,Grace Meng,D,1,Grace Meng,Joseph Chou,,6.526551363448394,0.0,,,,0.0,18.657250346750335,18.672624108661562,10.685532277972863,26.60862032922314,0.99845
HOUSE,NY,7,False,standard,Nydia Velázquez,,0,Claire Valdez,Melvin Rivera,,47.1903032424627,0.0,,,,0.0,54.12744110018858,54.13524145412618,44.96209180913925,63.33800976711008,1.0
HOUSE,NY,8,False,standard,Hakeem Jeffries,D,1,Hakeem Jeffries,Lewis Mizrahi,,44.70400544553402,0.0,,,,0.0,54.068708998384956,54.03136972360667,46.10263711950409,61.96424434240462,1.0
HOUSE,NY,9,False,standard,Yvette Clarke,D,1,Yvette Clarke,Joel Azumah,,41.46428833112162,0.0,,,,0.0,50.98630404023626,51.03426106742512,43.05870225867948,58.89622370057629,1.0
HOUSE,NY,10,False,standard,Dan Goldman,,0,Brad Lander,Jennifer Moore,,61.892367529836285,0.0,,,,0.0,67.95583351077953,68.0721905532217,58.88296494101507,77.07129025866898,1.0
HOUSE,NY,11,False,standard,Nicole Malliotakis,R,-1,Michael DeCillis,Nicole Malliotakis,,-24.82593754669057,0.0,,,,0.0,-19.026213578095895,-19.118737650847606,-26.997955876670698,-11.092433540322746,0.00115
HOUSE,NY,12,False,standard,Jerry Nadler,,0,Micah Lasher,Caroline Shinkle,,64.89941854165914,0.0,,,,0.0,70.75945391417756,70.65557308013388,61.560547150767164,79.8933248176011,1.0
HOUSE,NY,13,False,standard,Adriano Espaillat,,0,Darializa Avila Chevalier,Jomo Williams,,60.27299582357136,0.0,,,,0.0,66.44257135499339,66.4393592110894,57.2165652629128,75.614592267946,1.0
HOUSE,NY,14,False,standard,Alexandria Ocasio-Cortez,D,1,Alexandria Ocasio-Cortez,Diamant Hysenaj,,32.36610727477116,0.0,,,,0.0,42.27535555288392,42.21613261379977,34.35506787373803,50.2094699101868,1.0
HOUSE,NY,15,False,standard,Ritchie Torres,D,1,Ritchie Torres,Stylo Sapaskis,,48.80797713394829,0.0,,,,0.0,57.9589469788339,57.92987799091922,50.02157897261012,65.81201617475047,1.0
HOUSE,NY,16,False,standard,George Latimer,D,1,George Latimer,Joseph Cinquemani,,33.30969325456048,0.0,,,,0.0,43.182546507607974,43.18325106940057,35.20455991036125,51.1204550722044,1.0
HOUSE,NY,17,False,standard,Mike Lawler,R,-1,Cait Conley,Mike Lawler,,0.5597232177745115,0.0,,2.0,-4.273388671459588,0.3081353545654439,9.44125575717544,5.138360643095553,-1.5919347358661604,11.921452315444533,0.83585
HOUSE,NY,18,False,standard,Pat Ryan,D,1,Pat Ryan,Jacqueline Auringer,,3.3539403039279723,0.0,,1.0,9.817391304347826,0.28611823014886817,16.311377496263532,14.413588143967255,7.510049626071104,21.282993293814638,0.99625
HOUSE,NY,19,False,standard,Josh Riley,D,1,Josh Riley,Peter Oberacker,,1.80061138988952,0.0,,,,0.0,15.089709001922678,15.019032179403663,7.041811120270691,23.018705231794886,0.99165
HOUSE,NY,20,False,standard,Paul Tonko,D,1,Paul Tonko,Ralph Ambrosio,,14.320901440778664,0.0,,,,0.0,24.999268516530435,24.998104612785653,17.019472385122892,32.90669699959846,1.0
HOUSE,NY,21,False,standard,Elise Stefanik,,0,Blake Gendebien,Anthony Constantino,,-20.759985363244855,0.0,,5.0,-8.174116770305567,0.38452151102684173,-12.516164334911256,-10.794795903368321,-18.099089369739588,-3.4189674992386907,0.02895
HOUSE,NY,22,False,standard,John Mannion,D,1,John Mannion,Kailee Buller,,7.694014964669066,0.0,,,,0.0,19.523521786813454,19.578758151080216,11.555747165160419,27.562899491616175,0.99915
HOUSE,NY,23,False,standard,Nick Langworthy,R,-1,Aaron Gies,Nick Langworthy,,-21.18795208389146,0.0,,,,0.0,-15.26332671548989,-15.287655812377352,-23.34519719719139,-7.133971261345786,0.00695
HOUSE,NY,24,False,standard,Claudia Tenney,R,-1,Alissa Ellman,Claudia Tenney,,-23.23714041522547,0.0,,,,0.0,-17.388884116839503,-17.40992620432153,-25.346336267381574,-9.392114142798484,0.00265
HOUSE,NY,25,False,standard,Joseph Morelle,D,1,Joseph Morelle,Virginia McIntyre,,18.654098607614007,0.0,,,,0.0,29.043076200639888,28.99026418402596,21.02500105581414,36.890430307153494,1.0
HOUSE,NY,26,False,standard,Tim Kennedy,D,1,Tim Kennedy,Dennis Hannon,,19.560710081799225,0.0,,,,0.0,29.911155368402017,29.892732152833858,21.972897067020124,37.734430466293446,1.0
HOUSE,OH,1,False,standard,Greg Landsman,D,1,Greg Landsman,Eric Conroy,,-2.6197222469283257,0.0,,1.0,3.5675675675675644,0.3092134487919695,10.960445218879356,8.718046278540797,2.032703144771224,15.381156215789565,0.952
HOUSE,OH,2,False,standard,David Taylor,R,-1,Jennifer Mazzuckelli,David Taylor,,-42.48019552563594,0.0,,,,0.0,-37.27936553433465,-37.29406152963661,-45.15934096323828,-29.29961767560977,0.0
HOUSE,OH,3,False,standard,Joyce Beatty,D,1,Joyce Beatty,Cleophus Dulaney,,40.654067267595785,0.0,,,,0.0,50.213840659271064,50.21532456482038,42.41979978313769,58.03973006049845,1.0
HOUSE,OH,4,False,standard,Jim Jordan,R,-1,Joshua Kolasinski,Jim Jordan,,-43.01401244702379,0.0,,,,0.0,-37.83665212226075,-37.882062696155,-45.810601439008494,-29.78798706121587,0.0
HOUSE,OH,5,False,standard,Bob Latta,R,-1,Brian Shaver,Bob Latta,,-23.972456468406715,0.0,,,,0.0,-18.147390724981307,-18.154394191252628,-26.0229568564344,-10.177766701445094,0.00185
HOUSE,OH,6,False,standard,Michael Rulli,R,-1,Elizabeth Kirtley,Michael Rulli,,-34.89692072203759,0.0,,,,0.0,-29.399452620168177,-29.40132913018355,-37.20145626128869,-21.48598112672272,0.0
HOUSE,OH,7,False,standard,Max Miller,R,-1,Brian Poindexter,Max Miller,,-11.151670963328055,0.0,,5.0,9.753022693500748,0.3131964158388081,-3.9760806189116455,0.38016602925790155,-6.311213295337054,7.043164988491566,0.5274
HOUSE,OH,8,False,standard,Warren Davidson,R,-1,Vanessa Enoch,Warren Davidson,,-15.774611860237084,0.0,,,,0.0,-9.436307839389166,-9.390584846666954,-17.36503431295349,-1.5084498207063628,0.06425
HOUSE,OH,9,False,standard,Marcy Kaptur,D,1,Marcy Kaptur,Derek Merrin,,-10.679051092377328,0.0,,1.0,1.155555555555555,0.146573526824123,1.2099535157240542,1.2430462001685254,-6.210818958538696,8.593225356268173,0.58695
HOUSE,OH,10,False,standard,Mike Turner,R,-1,Kristina Knickerbocker,Mike Turner,,-7.862840402157268,0.0,,2.0,-13.162154505846832,0.29992952705635323,0.15076116999563216,-3.847009027240234,-10.585569119881573,2.873716469984112,0.23155
HOUSE,OH,11,False,standard,Shontel Brown,D,1,Shontel Brown,Mike Kirchner,,55.46192877452597,0.0,,,,0.0,64.2324229728765,64.24554417225471,56.434847740446884,72.16932688287608,1.0
HOUSE,OH,12,False,standard,Troy Balderson,R,-1,Jerrad Christian,Troy Balderson,,-30.355763886497893,0.0,,,,0.0,-24.71255228883539,-24.666870823198778,-32.5691421468952,-16.727359546271018,0.0
HOUSE,OH,13,False,standard,Emilia Sykes,D,1,Emilia Sykes,Carey Coleman,,3.32248331777791,0.0,,,,0.0,16.28740645992981,16.40874615030561,8.43046437896823,24.263524754076837,0.9955
HOUSE,OH,14,False,standard,David Joyce,R,-1,Maria Jukic,David Joyce,,-20.532469622988483,0.0,,,,0.0,-14.577837259045493,-14.565297093625357,-22.423545599307776,-6.746965682301879,0.0094
HOUSE,OH,15,False,standard,Mike Carey,R,-1,Don Leonard,Mike Carey,,-10.11469405584615,0.0,,2.0,-10.749032316960447,0.29893790136487586,-2.6854759383631963,-5.087840827787746,-11.783577473708542,1.7783353504897736,0.169
HOUSE,OK,1,False,standard,Kevin Hern,,0,John Croisant,Mark Tedford,,-21.998761071705406,0.0,,,,0.0,-13.806996776600915,-13.84971273086812,-23.00091927686515,-4.66088894221054,0.0268
HOUSE,OK,2,False,standard,Josh Brecheen,R,-1,Brandon Wade,Josh Brecheen,,-56.511293397442095,0.0,,,,0.0,-52.04283694151464,-52.12243662961029,-60.01304985613525,-44.23292572325937,0.0
HOUSE,OK,3,False,standard,Frank Lucas,R,-1,Suzie Byrd,Frank Lucas,,-46.41821356574914,0.0,,,,0.0,-41.39862143863798,-41.428870171182325,-49.41363593003339,-33.55505479405363,0.0
HOUSE,OK,4,False,standard,Tom Cole,R,-1,Mitchell Jacob,Tom Cole,,-33.8874815283935,0.0,,,,0.0,-28.35563636582673,-28.368714171850137,-36.33945965286456,-20.473893874223506,0.0
HOUSE,OK,5,False,standard,Stephanie Bice,R,-1,Jena Nelson,Stephanie Bice,,-18.120004629945658,0.0,,1.0,-10.894505494505495,0.3085249905077501,-12.01596689147742,-11.662983364371323,-18.409192703009722,-4.815557564601458,0.0135
HOUSE,OR,1,False,standard,Suzanne Bonamici,D,1,Suzanne Bonamici,Barbara Kahl,,39.11033167782459,0.0,,,,0.0,48.740282913154765,48.71809152425664,40.76869799409486,56.77917740816723,1.0
HOUSE,OR,2,False,standard,Cliff Bentz,R,-1,Chris Beck,Cliff Bentz,,-27.87852040916719,0.0,,,,0.0,-22.164196238666385,-22.133435394151256,-30.138623783528146,-14.24286582921532,0.00015
HOUSE,OR,3,False,standard,Maxine Dexter,D,1,Maxine Dexter,Loran Ayles,,47.613763803262344,0.0,,,,0.0,56.82858617864966,56.781164945048545,48.955768706437425,64.64120603311245,1.0
HOUSE,OR,4,False,standard,Val Hoyle,D,1,Val Hoyle,Monique DeSpain,,12.442914801419136,0.0,,,,0.0,23.340502667476045,23.309253638618603,15.387458173382335,31.263729161114643,0.99975
HOUSE,OR,5,False,standard,Janelle Bynum,D,1,Janelle Bynum,Patti Adair,,8.808655945204382,0.0,,,,0.0,20.37144701507977,20.32634304409472,12.408787038095388,28.26408453602406,0.9994
HOUSE,OR,6,False,standard,Andrea Salinas,D,1,Andrea Salinas,David Russ,,11.741786607103235,0.0,,,,0.0,22.74179403872022,22.7649973788563,14.83688369730272,30.742918482081663,0.99985
HOUSE,PA,1,False,standard,Brian Fitzpatrick,R,-1,Bob Harvie,Brian Fitzpatrick,,0.3223803661609427,0.0,,5.0,-6.547635432035817,0.31153086573761524,9.231755888949706,4.302490925468826,-2.310227538057536,11.038278871754848,0.7976
HOUSE,PA,2,False,standard,Brendan Boyle,D,1,Brendan Boyle,Jessica Arriaga,,36.16987750404209,0.0,,,,0.0,45.92707746561281,46.035516041567554,38.082310748654336,53.90766050589241,1.0
HOUSE,PA,3,False,same_party,Dwight Evans,,0,Chris Rabb,,D,78.25794319536355,0.0,,,,,,,,,1.0
HOUSE,PA,4,False,standard,Madeleine Dean,D,1,Madeleine Dean,Aurora Stuski,,15.969585034454454,0.0,,,,0.0,26.510186910433625,26.48160103948878,18.483163958134572,34.33267883849663,1.0
HOUSE,PA,5,False,standard,Mary Gay Scanlon,D,1,Mary Gay Scanlon,Nicholas Manganaro,,28.934375196073226,0.0,,,,0.0,38.96873951501215,38.90300614352123,30.911390866030146,46.80454829041547,1.0
HOUSE,PA,6,False,standard,Chrissy Houlahan,D,1,Chrissy Houlahan,Marty Young,,11.526010296683289,0.0,,,,0.0,22.559985577242827,22.509705912199777,14.576728749046922,30.600012357534332,0.9999
HOUSE,PA,7,False,standard,Ryan Mackenzie,R,-1,Bob Brooks,Ryan Mackenzie,,-3.2388654010275633,0.0,,2.0,5.137889312189661,0.311668248945943,5.690278433438019,5.538775059116817,-1.2330979966310038,12.303585522403928,0.8532
HOUSE,PA,8,False,standard,Rob Bresnahan,R,-1,Paige Cognetti,Rob Bresnahan,,-8.56734175384965,0.0,,3.0,-3.718808486845625,0.2778729670756314,-0.7373915385100706,-1.549781161332598,-8.413905051570952,5.336027153474722,0.38885
HOUSE,PA,9,False,standard,Dan Meuser,R,-1,Rachel Wallace,Dan Meuser,,-38.286959054699274,0.0,,,,0.0,-32.91365600455277,-32.93518860398271,-40.884255304614996,-25.008399127894457,0.0
HOUSE,PA,10,False,standard,Scott Perry,R,-1,Janelle Stelson,Scott Perry,,-5.291422535038262,0.0,,4.0,3.2563020730880936,0.3113225408860792,3.3255582870270577,3.33438974521735,-3.537329907397105,10.098926252269901,0.73555
HOUSE,PA,11,False,standard,Lloyd Smucker,R,-1,Nancy Mannion,Lloyd Smucker,,-21.57463662043542,0.0,,,,0.0,-15.666205490604634,-15.681774960271907,-23.71779516225768,-7.570154399158868,0.00655
HOUSE,PA,12,False,standard,Summer Lee,D,1,Summer Lee,James Hayes,,19.36501513829129,0.0,,,,0.0,29.72341231671007,29.700734405684617,21.730442877018813,37.594108551930994,1.0
HOUSE,PA,13,False,standard,John Joyce,R,-1,Beth Farnham,John Joyce,,-45.903263915331515,0.0,,,,0.0,-40.8589046119254,-40.90038535079882,-48.956369517432016,-32.89064827339223,0.0
HOUSE,PA,14,False,standard,Guy Reschenthaler,R,-1,Alan Bradstock,Guy Reschenthaler,,-33.59611755448029,0.0,,,,0.0,-28.054567252643707,-28.078562890939942,-36.09167539332143,-20.19077917373986,0.0
HOUSE,PA,15,False,standard,Glenn Thompson,R,-1,Ray Bilger,Glenn Thompson,,-38.28705018459166,0.0,,,,0.0,-32.91375065469099,-32.849069361464686,-40.927184191251335,-24.92052916120351,0.0
HOUSE,PA,16,False,standard,Mike Kelly,R,-1,Justin Wagner,Mike Kelly,,-22.959797174936618,0.0,,,,0.0,-17.102353162249646,-17.09259787269643,-25.112881307779485,-9.206175180568927,0.0036
HOUSE,PA,17,False,standard,Chris Deluzio,D,1,Chris Deluzio,Tony Guy,,5.556475855381876,0.0,,,,0.0,17.946164027013154,17.979108130870152,9.863604938599487,25.988891773631682,0.99825
HOUSE,RI,1,False,standard,Gabe Amo,D,1,Gabe Amo,Kellie Keenan,,22.659710215618045,0.0,,,,0.0,32.90036091599003,32.8779851910958,24.845716173597257,40.83324630768768,1.0
HOUSE,RI,2,False,standard,Seth Magaziner,D,1,Seth Magaziner,Vic Mellor,,6.934426897530219,0.0,,,,0.0,18.958002255689667,18.90145436008175,10.966742486678639,26.928516027943328,0.999
HOUSE,SC,1,False,standard,Nancy Mace,,0,Nancy Lacore,Jenny Costa Honeycutt,,-13.209432555402822,0.0,,2.0,-6.839195362310483,0.3764874616539239,-4.171937831549734,-5.18824187657275,-12.719571271778367,2.4126511067308436,0.18695
HOUSE,SC,2,False,standard,Joe Wilson,R,-1,Zyon Khalifa,Joe Wilson,,-14.123469393416519,0.0,,,,0.0,-7.54721509762996,-7.525281587662536,-15.666037292401555,0.42112137625570856,0.1127
HOUSE,SC,3,False,standard,Sheri Biggs,R,-1,Eunice Lehmacher,Sheri Biggs,,-43.61925875397908,0.0,,,,0.0,-38.46892402909643,-38.457267450029235,-46.48360075329255,-30.350771620024336,0.0
HOUSE,SC,4,False,standard,William Timmons,R,-1,Courtney McClain,William Timmons,,-23.96239999770522,0.0,,,,0.0,-18.13702684872669,-18.10876517920508,-26.09666525540396,-10.097213124335347,0.0017
HOUSE,SC,5,False,standard,Ralph Norman,,0,Mallory Dittmer,Wes Climer,,-23.088838343075633,0.0,,,,0.0,-14.935703324225463,-15.03078427273136,-24.31669635892108,-5.606999598190371,0.0207
HOUSE,SC,6,False,standard,Jim Clyburn,D,1,Jim Clyburn,John Peterson,,23.044582639922922,0.0,,,,0.0,33.27274704784443,33.35948087813329,25.232444528646994,41.25777723747181,1.0
HOUSE,SC,7,False,standard,Russell Fry,R,-1,John Vincent,Russell Fry,,-26.624063961841426,0.0,,1.0,-10.52820512820513,0.28887389982968165,-20.874927232031975,-17.85234126968491,-24.715035496815908,-10.984090329811202,0.0005
HOUSE,SD,0,False,standard,Dusty Johnson,,0,Nikki Gronli,Marty Jackley,,-29.890199073853058,0.0,,,,0.0,-21.933256606644463,-21.965691890896657,-31.17808671043366,-12.704710888576184,0.0012
HOUSE,TN,1,False,standard,Diana Harshbarger,R,-1,Kristi Burke,Diana Harshbarger,,-58.4412194612654,0.0,,,,0.0,-54.09254849197234,-54.11841824783791,-61.96837200736131,-46.170713980376185,0.0
HOUSE,TN,2,False,standard,Tim Burchett,R,-1,Michaela Barnett,Tim Burchett,,-34.325708961516874,0.0,,,,0.0,-28.808643684683943,-28.729289275345437,-36.79568718333936,-20.816506010143954,0.0
HOUSE,TN,3,False,standard,Chuck Fleischmann,R,-1,Anna Golladay,Chuck Fleischmann,,-36.206458812861825,0.0,,,,0.0,-30.75535159032823,-30.680207835631393,-38.70912613444027,-22.761248513614728,0.0
HOUSE,TN,4,False,standard,Scott DesJarlais,R,-1,Victoria Broderick,Scott DesJarlais,,-24.276339895406547,0.0,,,,0.0,-18.46045657785117,-18.43401819833531,-26.39859695797945,-10.382418497042956,0.00145
HOUSE,TN,5,False,standard,Andy Ogles,,0,Chaz Molder,Charlie Hatcher,,-23.390548243207476,0.0,,1.0,-14.490909090909092,0.36932588631632424,-15.247261042006466,-14.988211600495152,-22.331935856876125,-7.4676271527218,0.00455
HOUSE,TN,6,False,standard,John Rose,,0,Mike Croley,Johnny Garrett,,-26.87603213256081,0.0,,,,0.0,-18.833871969200484,-18.744696846527326,-28.15516903035371,-9.627065774021526,0.00555
HOUSE,TN,7,False,standard,Matt Van Epps,R,-1,Darden Copeland,Matt Van Epps,,-22.72632896191422,0.0,,,,0.0,-16.86092634166716,-16.916611904707032,-24.95867541527373,-8.8412190323312,0.0038
HOUSE,TN,8,False,standard,David Kustoff,R,-1,Heidi Kuhn,David Kustoff,,-20.43242219556846,0.0,,,,0.0,-14.472892000449566,-14.50636193155966,-22.460984381385625,-6.454274109637588,0.01095
HOUSE,TN,9,False,standard,Steve Cohen,,0,Justin Pearson,Brent Taylor,,-21.425243647535822,0.0,,1.0,-9.747826086956522,0.3713565641970466,-13.210676292351351,-11.832035633609546,-19.369899343618414,-4.48723490611406,0.02005
HOUSE,TX,1,False,standard,Nathaniel Moran,R,-1,Yolanda Prince,Nathaniel Moran,,-49.90366327371402,0.0,,,,0.0,-45.06021236171095,-45.14601454414199,-53.01092619063979,-37.09804875277103,0.0
HOUSE,TX,2,False,standard,Dan Crenshaw,,0,Shaun Finnie,Steve Toth,,-23.13431489842665,0.0,,,,0.0,-14.982684069430212,-14.966035373364907,-24.182532718883532,-5.6234457909073,0.02025
HOUSE,TX,3,False,standard,Keith Self,R,-1,Evan Hunt,Keith Self,,-23.981599143217043,0.0,,,,0.0,-18.156812665850904,-18.27244455442918,-26.11106070400067,-10.199247653732966,0.0019
HOUSE,TX,4,False,standard,Pat Fallon,R,-1,Jason Pearce,Pat Fallon,,-25.158856069593824,0.0,,,,0.0,-19.36870061122925,-19.50989095394815,-27.361201218202382,-11.499654943016628,0.001
HOUSE,TX,5,False,standard,Lance Gooden,R,-1,Chelsey Hockett,Lance Gooden,,-21.843996130993506,0.0,,,,0.0,-15.946273075786134,-15.978401159240605,-24.051944436475438,-7.821881966641971,0.0065
HOUSE,TX,6,False,standard,Jake Ellzey,R,-1,Danny Minton,Jake Ellzey,,-23.274848423140842,0.0,,,,0.0,-17.42782065239431,-17.5152979756053,-25.539943720251912,-9.481849276214291,0.00295
HOUSE,TX,7,False,standard,Lizzie Fletcher,D,1,Lizzie Fletcher,Alexander Hale,,24.093375271886345,0.0,,,,0.0,34.28786182497158,34.28760407244158,26.31887473349651,42.29084686596779,1.0
HOUSE,TX,8,False,standard,Morgan Luttrell,,0,Laura Jones,Jessica Hart Steinmann,,-27.993926866059134,0.0,,,,0.0,-19.982827297887958,-20.019485254203065,-29.12866412858659,-10.799175758642663,0.0023
HOUSE,TX,9,False,standard,None (new seat),,0,Leticia Gutierrez,Alex Mealer,,-19.967725626975657,0.0,,,,0.0,-11.68420436764643,-11.70156192117612,-20.966923932538784,-2.4153570640589472,0.0541
HOUSE,TX,10,False,standard,Michael McCaul,,0,Caitlin Rourk,Chris Gober,,-22.935141814419953,0.0,,,,0.0,-14.776867435339309,-14.798653081254237,-23.995763848581777,-5.665119178902083,0.01865
HOUSE,TX,11,False,standard,August Pfluger,R,-1,Claire Reynolds,August Pfluger,,-34.776226874930764,0.0,,,,0.0,-29.274586534034235,-29.276036392657282,-37.328548967374154,-21.201245087292357,0.0
HOUSE,TX,12,False,standard,Craig Goldman,R,-1,Angela Rodriguez Prilliman,Craig Goldman,,-24.152059215739328,0.0,,,,0.0,-18.33244463332157,-18.434552179300123,-26.431666455014273,-10.25361105686824,0.0014
HOUSE,TX,13,False,standard,Ronny Jackson,R,-1,Mark Nair,Ronny Jackson,,-46.66045241939511,0.0,,,,0.0,-41.652622625329855,-41.66729125832637,-49.703296881777966,-33.57350145090691,0.0
HOUSE,TX,14,False,standard,Randy Weber,R,-1,Thurman Bartie,Randy Weber,,-24.57811033271256,0.0,,,,0.0,-18.77116291347146,-18.74468371105347,-26.80063377580543,-10.887280595769925,0.00085
HOUSE,TX,15,False,standard,Monica De La Cruz,R,-1,Bobby Pulido,Monica De La Cruz,,-18.01759130969824,0.0,,5.0,4.38841041457172,0.3137735943850917,-11.905456320549234,-6.738722286767948,-13.539460768427594,-0.06007464075116244,0.09755
HOUSE,TX,16,False,standard,Veronica Escobar,D,1,Veronica Escobar,Adam Bauman,,16.63676773389655,0.0,,,,0.0,27.13280098722626,27.162873102216036,19.27647603391575,35.08797148447767,1.0
HOUSE,TX,17,False,standard,Pete Sessions,R,-1,Casey Shepard,Pete Sessions,,-21.9502302161465,0.0,,,,0.0,-16.056611939002572,-16.113435515859408,-24.04099344115748,-8.068105332517622,0.00535
HOUSE,TX,18,False,standard,Christian Menefee,D,1,Christian Menefee,Ronald Whitfield,,55.72034781448782,0.0,,,,0.0,64.47522622464233,64.48920062330927,56.63784675375097,72.42094166778723,1.0
HOUSE,TX,19,False,standard,Jodey Arrington,,0,Kyle Rable,Tom Sell,,-52.16553105495645,0.0,,,,0.0,-45.144360031552985,-45.1286446805509,-54.42139419719926,-35.965997484669096,0.0
HOUSE,TX,20,False,standard,Joaquin Castro,D,1,Joaquin Castro,Edgardo Rafael Baez,,28.881561605032594,0.0,,,,0.0,38.91776519659778,39.00622536913921,30.952428749360195,46.809889412104596,1.0
HOUSE,TX,21,False,standard,Chip Roy,,0,Kristin Hook,Mark Teixeira,,-22.084735744258868,0.0,,,,0.0,-13.896224152394177,-13.964060342426848,-23.366704145415973,-4.711636046212077,0.0251
HOUSE,TX,22,False,standard,Troy Nehls,,0,Marquette Greene-Scott,Trever Nehls,,-22.728896297178235,0.0,,,,0.0,-14.563582390484187,-14.643930443714854,-23.854989912176936,-5.534697367444339,0.0223
HOUSE,TX,23,False,standard,Vacant,,0,Katy Padilla Stout,Brandon Herrera,,-14.973852558895206,0.0,,1.0,-7.839024390243902,0.07988668637019586,-6.228504274067518,-6.374488720458237,-15.355739797950822,2.528148718857107,0.18135
HOUSE,TX,24,False,standard,Beth Van Duyne,R,-1,Kevin Burge,Beth Van Duyne,,-16.38594296670372,0.0,,,,0.0,-10.1194134693791,-10.119502298251785,-18.145267923974817,-2.096148271525228,0.05325
HOUSE,TX,25,False,standard,Roger Williams,R,-1,Dione Sims,Roger Williams,,-24.33804955302802,0.0,,,,0.0,-18.524007347625272,-18.605666706720257,-26.624762696379033,-10.564695464921902,0.002
HOUSE,TX,26,False,standard,Brandon Gill,R,-1,Steven Shook,Brandon Gill,,-24.143127359490155,0.0,,,,0.0,-18.32324337119708,-18.358036587285127,-26.38810878736602,-10.332872326751923,0.0016
HOUSE,TX,27,False,standard,Michael Cloud,R,-1,Tanya Lloyd,Michael Cloud,,-21.457064940663432,0.0,,,,0.0,-15.543816947417797,-15.602844291595618,-23.608382692236823,-7.745631653854849,0.0063
HOUSE,TX,28,False,standard,Henry Cuellar,D,1,Henry Cuellar,Tano Tijerina,,-10.459161706977333,0.0,,3.0,12.846082373512969,0.3128957305499472,1.4839106845121095,4.993291434705805,-1.6668900049445272,11.730178314668668,0.8309
HOUSE,TX,29,False,standard,Sylvia Garcia,D,1,Sylvia Garcia,Martha Fierro,,30.845369895153603,0.0,,,,0.0,40.81144881363431,40.818330501734565,32.81836425155206,48.774406177948656,1.0
HOUSE,TX,30,False,standard,None (new seat),,0,Frederick Haynes III,Everett Jackson,,47.804896337119935,0.0,,,,0.0,54.70959044133584,54.70285465529584,45.40965695993191,63.9428280211139,1.0
HOUSE,TX,31,False,standard,John Carter,R,-1,Justin Early,John Carter,,-22.146914200858628,0.0,,,,0.0,-16.26073035729315,-16.184233859955725,-24.232425783298762,-8.219613426809962,0.0046
HOUSE,TX,32,False,standard,None (new seat),,0,Dan Barrios,Jace Yarbrough,,-18.113580215751295,0.0,,,,0.0,-9.709039508550878,-9.613256437858592,-18.87785591188801,-0.45920435511565355,0.0897
HOUSE,TX,33,False,standard,Jasmine Crockett,,0,Colin Allred,Patrick Gillespie,,33.340829756235884,0.0,,,,0.0,40.91246718636221,40.679564980790275,31.594900889168425,49.8873225399197,1.0
HOUSE,TX,34,False,standard,Vicente Gonzalez,D,1,Vicente Gonzalez,Eric Flores,,-10.22506904859846,0.0,,4.0,3.403208442227895,0.313305008478191,1.7763674308320456,2.276609194785194,-4.48538903249421,9.03210526369582,0.6695
HOUSE,TX,35,False,standard,None (new seat),,0,Johnny Garcia,Carlos De La Cruz,,-10.563314149260139,0.0,,1.0,-6.523595505617978,0.37202347754969184,-0.945947130557978,-3.0417398469007226,-10.439127956253529,4.530871364369243,0.3025
HOUSE,TX,36,False,standard,Brian Babin,R,-1,Rhonda Hart,Brian Babin,,-25.312327790203895,0.0,,,,0.0,-19.526539538408404,-19.54020003406946,-27.6122403836292,-11.459729034386516,0.0011
HOUSE,TX,37,False,standard,Greg Casar,D,1,Greg Casar,Lauren Peña,,57.704254135704865,0.0,,,,0.0,66.33717380737018,66.33556041913376,58.48847563044166,74.26515842937626,1.0
HOUSE,TX,38,False,standard,Wesley Hunt,,0,Melissa McDonough,Jon Bonck,,-21.29669299579903,0.0,,,,0.0,-13.07672570021588,-13.014794430194613,-22.411265434421207,-3.8990906449190392,0.0357
HOUSE,UT,1,False,standard,None (new seat),,0,Ben McAdams,Riley Owen,,24.325735111457707,0.0,,,,0.0,32.21278421456678,32.24820757056419,22.97738846138982,41.41085828265267,0.99995
HOUSE,UT,2,False,standard,Blake Moore,R,-1,Peter Crosby,Blake Moore,,-29.9231434255034,0.0,,1.0,-6.987301587301587,0.3060283670728449,-24.267166172565513,-18.972050540233994,-25.67559275068407,-12.28562510419902,0.0003
HOUSE,UT,3,False,standard,Celeste Maloy,R,-1,Kent Udell,Celeste Maloy,,-42.41903846817411,0.0,,,,0.0,-37.215541565299304,-37.21044689400868,-45.27332530436953,-29.275380790144034,0.0
HOUSE,UT,4,False,standard,Mike Kennedy,R,-1,Jonny Larsen,Mike Kennedy,,-33.446643564909,0.0,,,,0.0,-27.90015183658164,-27.869281093331182,-35.8558507514563,-19.88583532429635,0.0
HOUSE,VA,1,False,standard,Rob Wittman,R,-1,Shannon Taylor,Rob Wittman,,-5.00442471396264,0.0,,2.0,-6.47528030975102,0.3080519924766981,3.6677878810264053,0.5771598247761662,-6.197139354694236,7.380910577030281,0.5437
HOUSE,VA,2,False,standard,Jen Kiggans,R,-1,Elaine Luria,Jen Kiggans,,-0.25221671009308466,0.0,,1.0,-5.4,0.28213049516817307,8.71152751754291,4.651196535509667,-2.2076248971505827,11.633629637975229,0.80875
HOUSE,VA,3,False,standard,Bobby Scott,D,1,Bobby Scott,Edwin Rivera,,35.171354784672296,0.0,,,,0.0,44.9698422842851,44.96994389135843,37.190309059262724,53.022758177012385,1.0
HOUSE,VA,4,False,standard,Jennifer McClellan,D,1,Jennifer McClellan,Robert Murray,,33.178227120064946,0.0,,,,0.0,43.05620340850366,43.10713174668485,35.05819042991676,51.07483062177645,1.0
HOUSE,VA,5,False,standard,John McGuire,R,-1,Tom Perriello,John McGuire,,-12.407085063709836,0.0,,1.0,-8.696703296703298,0.29215866931236667,-5.510602177094809,-6.513803345147105,-13.337250816299568,0.32315545238985627,0.11105
HOUSE,VA,6,False,standard,Ben Cline,R,-1,Beth Macy,Ben Cline,,-24.157705036448466,0.0,,,,0.0,-18.338260657256182,-18.38147586261794,-26.335061254699777,-10.342052114608379,0.00205
HOUSE,VA,7,False,standard,Eugene Vindman,D,1,Eugene Vindman,Doug Ollivant,,2.914155482400608,0.0,,,,0.0,15.973740281902574,16.01763517682424,7.907302239164992,23.997476270410218,0.9944
HOUSE,VA,8,False,standard,Don Beyer,D,1,Don Beyer,Tony Sabio,,50.904224479584464,0.0,,,,0.0,59.9398368151732,59.9290652721572,52.11901363027203,67.80534086472245,1.0
HOUSE,VA,9,False,standard,Morgan Griffith,R,-1,Joy Powers,Morgan Griffith,,-44.42581664466825,0.0,,,,0.0,-39.312184011332576,-39.33824261772435,-47.24668742987631,-31.344216523495668,0.0
HOUSE,VA,10,False,standard,Suhas Subramanyam,D,1,Suhas Subramanyam,Dave Beckwith,,8.576451033971418,0.0,,,,0.0,20.192723599479756,20.172138932432162,12.207169225470238,28.159659001282634,0.99915
HOUSE,VA,11,False,standard,James Walkinshaw,D,1,James Walkinshaw,Arthur Purves,,35.29116354091677,0.0,,,,0.0,45.08474872117605,45.118246262963844,37.1682414484047,52.90816268404759,1.0
HOUSE,VT,0,False,standard,Becca Balint,D,1,Becca Balint,Gerald Malloy,,32.77043577168019,0.0,,2.0,41.95236747035513,0.3067395155167389,42.66419537653532,42.39063110746908,35.7793494031232,49.299879946433904,1.0
HOUSE,WA,1,False,standard,Suzan DelBene,D,1,Suzan DelBene,Mary Silva,,29.71416626019093,0.0,,,,0.0,39.72107833747315,39.78078089871548,31.874058636049906,47.67709190038164,1.0
HOUSE,WA,2,False,standard,Rick Larsen,D,1,Rick Larsen,Edwin Feller,,24.449358063403622,0.0,,,,0.0,34.63244897372115,34.60627372653164,26.615315529023626,42.7922716485801,1.0
HOUSE,WA,3,False,standard,Marie Gluesenkamp Perez,D,1,Marie Gluesenkamp Perez,John Braun,,-3.396252192645398,0.0,,3.0,-5.93751695591277,0.28206937435934254,10.116461957353309,5.609355869497769,-1.407445122420566,12.456648195767489,0.8476
HOUSE,WA,4,False,standard,Dan Newhouse,,0,John Duresky,Amanda McKinney,,-21.23632345302414,0.0,,,,0.0,-13.013780567569906,-13.028364323530898,-22.419078079314172,-3.8182022241053173,0.03435
HOUSE,WA,5,False,standard,Michael Baumgartner,R,-1,Carmela Conroy,Michael Baumgartner,,-11.108555422659757,0.0,,1.0,-11.4,0.2218295080698566,-3.922788633946262,-5.472013794379555,-12.667431025708652,1.6213523459454728,0.15865
HOUSE,WA,6,False,standard,Emily Randall,D,1,Emily Randall,Teresa Fox,,19.891451831750338,0.0,,,,0.0,30.228849185813246,30.239004137634765,22.130512309163084,38.40600020481353,1.0
HOUSE,WA,7,False,standard,Pramila Jayapal,D,1,Pramila Jayapal,Nirav Sheth,,77.56051167435446,0.0,,,,0.0,84.77411379841713,84.72773760378337,76.98820332685037,92.62364921804432,1.0
HOUSE,WA,8,False,standard,Kim Schrier,D,1,Kim Schrier,Spencer Meline,,5.966932359880001,0.0,,,,0.0,18.246653721432104,18.274637759098503,10.266355941555059,26.343269275777477,0.99805
HOUSE,WA,9,False,standard,Adam Smith,D,1,Adam Smith,Doug Basler,,42.69428737721389,0.0,,,,0.0,52.15776922616612,52.233403714751745,44.31153106848977,60.12071447691523,1.0
HOUSE,WA,10,False,standard,Marilyn Strickland,D,1,Marilyn Strickland,Chris Chung,,18.6042540382684,0.0,,,,0.0,28.99548721355604,29.063994610147965,21.063323579698046,37.21614845379189,1.0
HOUSE,WI,1,False,standard,Bryan Steil,R,-1,Mitchell Berman,Bryan Steil,,-4.574926503161371,0.0,,2.0,-6.359981374161986,0.29249167774628226,4.173542548381295,1.0753719748727877,-5.902773760663712,8.016949747615145,0.5774
HOUSE,WI,2,False,same_party,Mark Pocan,D,1,Mark Pocan,,D,40.745668109005265,0.0,,,,,,,,,1.0
HOUSE,WI,3,False,standard,Derrick Van Orden,R,-1,Rebecca Cooke,Derrick Van Orden,,-7.513658895468744,0.0,,4.0,-1.3355797889221201,0.27941188942526674,0.5896020776589004,0.0018778508248948889,-6.904093583695337,6.911159434001216,0.5002
HOUSE,WI,4,False,standard,Gwen Moore,D,1,Gwen Moore,Tim Rogers,,52.46959330772252,0.0,,,,0.0,61.416352238699616,61.43806255680278,53.52865126325555,69.25665639039853,1.0
HOUSE,WI,5,False,standard,Scott Fitzgerald,R,-1,Andrew Beck,Scott Fitzgerald,,-22.453536619855047,0.0,,,,0.0,-16.57854533942326,-16.567380229469393,-24.504161995993645,-8.571771492998728,0.0033
HOUSE,WI,6,False,standard,Glenn Grothman,R,-1,Brad Smith,Glenn Grothman,,-16.695392066092158,0.0,,1.0,-27.4,0.21703706774453788,-10.462116601419181,-14.154563270022475,-21.295946225933825,-7.073429569585356,0.00505
HOUSE,WI,7,False,standard,Tom Tiffany,,0,Fred Clark,Michael Alfonso,,-22.842779803336647,0.0,,,,0.0,-14.68137390919025,-14.669486561842051,-23.907937260421953,-5.404950094924063,0.0221
HOUSE,WI,8,False,standard,Tony Wied,R,-1,Rick Crosson,Tony Wied,,-16.463834239873304,0.0,,,,0.0,-10.205864185294184,-10.285743187805782,-18.307963840894338,-2.2108103311137417,0.05125
HOUSE,WV,1,False,standard,Carol Miller,R,-1,Vince George,Carol Miller,,-45.19875830196956,0.0,,,,0.0,-40.12103661850852,-40.11386876455529,-48.06128510613113,-32.16865397569778,0.0
HOUSE,WV,2,False,standard,Riley Moore,R,-1,Ace Parsi,Riley Moore,,-40.383313502646374,0.0,,,,0.0,-35.093606998634336,-35.23859190989838,-43.11442783072466,-27.190482227245013,0.0
HOUSE,WY,0,False,standard,Harriet Hageman,,0,Lisa Kinney,Chuck Gray,,-46.95834604821483,0.0,,,,0.0,-39.665078941614766,-39.645902664658365,-48.7371480702673,-30.42767604907966,0.0
SEN,AK,0,False,rcv_bloc,Dan Sullivan,R,-1,Mary Peltola,Gerald Heikes; Dan J. Sullivan; Dan S. Sullivan,,-13.69312508474994,-1.0,1.4719906238951417,15.0,1.3862401063854428,0.6489986741928275,-10.05493438142964,-2.585690628109832,-9.848297609428622,4.722968550331598,0.327
SEN,AL,0,False,standard,Tommy Tuberville,R,0,Everett Wess,Barry Moore,,-30.88122385938789,-2.0,,1.0,-18.9873417721519,0.31603992289445354,-24.95428873136906,-23.060084409147045,-34.98882563338528,-11.285959395509913,0.0059
SEN,AR,0,False,standard,Tom Cotton,R,-1,Hallie Shoffner,Tom Cotton,,-31.33998647229675,-3.0,,4.0,-7.248647078222125,0.638111310934455,-29.4268912673202,-15.254160309452153,-23.97414872485703,-6.480501185536078,0.013
SEN,CO,0,False,standard,John Hickenlooper,D,1,John Hickenlooper,Mark Baisley,,11.293083462132921,2.0,-2.9701204541250323,,,0.0,23.204007030911416,23.240317605211665,11.262509554780998,35.20312768644259,0.9941
SEN,DE,0,False,standard,Chris Coons,D,1,Chris Coons,Michael Katz,,14.958471282996337,2.0,4.239865462704085,,,0.0,29.901633654182266,29.92298611787509,17.8116269317293,41.79915866214687,0.9993
SEN,FL,0,True,standard,Ashley Moody,R,-1,Angie Nixon,Ashley Moody,,-13.22213886698459,-2.0,,8.0,-4.30652081727135,0.7368018979723399,-9.94626410167216,-5.81444022057099,-13.347257539096505,1.8549610669619232,0.1651
SEN,GA,0,False,standard,Jon Ossoff,D,1,Jon Ossoff,Mike Collins,,-2.2087323027962817,1.0,,17.0,9.894898064779326,0.7597058449774026,10.107949331980173,9.969882833796994,2.692274001240401,17.258206311559622,0.95965
SEN,IA,0,False,standard,Joni Ernst,R,0,Josh Turek,Ashley Hinson,,-13.445597709596235,-1.0,,22.0,2.3388329529155603,0.7616293126958342,-6.171935378209608,0.41782235502108517,-6.893354864307171,7.629495382390168,0.5293
SEN,ID,0,False,same_party,Jim Risch,R,-1,,Jim Risch,R,-37.52184118025308,0.0,-2.4760069518199472,,,,,,,,0.0
SEN,IL,0,False,standard,Dick Durbin,D,0,Juliana Stratton,Don Tracy,,11.135530816543426,2.0,,,,0.0,21.326217843462057,21.418818637800033,7.339063983015545,35.43486669633608,0.97285
SEN,KS,0,False,standard,Roger Marshall,R,-1,Adam Hamilton,Roger Marshall,,-16.411473894550323,-3.0,-4.312270332201006,6.0,-0.31098352849615835,0.6016881797619154,-12.318180621346855,-5.0439090167821305,-12.594916811095397,2.5047027171374356,0.1985
SEN,KY,0,False,standard,Mitch McConnell,R,0,Charles Booker,Andy Barr,,-31.02814203220417,-1.0,,2.0,-13.519522996381326,0.39249380109315757,-24.105612385087856,-19.949124931663142,-31.26868288743533,-8.716087795914042,0.0116
SEN,LA,0,False,standard,Bill Cassidy,R,0,Jamie Davis,Julia Letlow,,-22.357020818831867,-2.0,,2.0,-7.882370465480715,0.511523220252251,-16.217272305333257,-11.795597902905646,-21.934770610718637,-1.7685530487368666,0.0649
SEN,MA,0,False,standard,Ed Markey,D,1,Ed Markey,John Deaton,,25.910638840838516,3.0,0.5085556465280519,9.0,24.52959676122582,0.5481857611460302,39.96367199252787,31.543191480294002,23.413306612704993,39.58903795199557,1.0
SEN,ME,0,False,standard,Susan Collins,R,-1,Troy Jackson,Susan Collins,,7.08861163994892,-2.0,17.18453938781839,14.0,2.2511269408211216,0.678953361922467,2.948110975443009,2.4311589600149857,-4.455713313066775,9.389337635752735,0.6752
SEN,MI,0,False,standard,Gary Peters,D,0,Abdul El-Sayed,Mike Rogers,,-1.4424736578339323,-2.0,,36.0,3.08202120288632,0.7681178644137697,4.872122103159793,3.4679569061637867,-3.536713123857392,10.66386010857593,0.7377
SEN,MN,0,False,standard,Tina Smith,D,0,Peggy Flanagan,Michele Tafoya,,4.343404352188957,2.0,,10.0,4.232108600564057,0.7306812464209371,14.621878505715072,7.040120120731526,-0.472356600277536,14.779147716541198,0.88615
SEN,MS,0,False,standard,Cindy Hyde-Smith,R,-1,Scott Colom,Cindy Hyde-Smith,,-23.145028211183686,-2.0,-7.978080670910353,3.0,-10.086191557264367,0.3105462536131931,-16.590873475610326,-14.613215684456216,-24.451327527278465,-4.573200698854365,0.02985
SEN,MT,0,False,standard,Steve Daines,R,0,Alani Bankhead,Kurt Alme,,-20.5780970401637,0.0,,15.0,-29.337483578983825,0.7314908398863709,-12.404449630220974,-24.90864272455195,-32.47143525040844,-17.135871230179294,0.0
SEN,NC,0,False,standard,Thom Tillis,R,0,Roy Cooper,Michael Whatley,,-3.260680202600806,3.0,,43.0,11.400551813288045,0.7703833918981976,8.057830413658474,10.582538413131594,3.5470529240588378,17.82803496174395,0.9716
SEN,NE,0,False,independent,Pete Ricketts,R,0,,Pete Ricketts,Dan Osborn,-20.840683303897794,-3.0,,8.0,-0.23631774160346952,0.7332016734761865,-5.671813331158192,-1.708404083021207,-10.26089449414342,6.88631803434075,0.40275
SEN,NH,0,False,standard,Jeanne Shaheen,D,0,Chris Pappas,John E. Sununu,,2.821214946726764,-1.0,,24.0,6.009036212428544,0.748471238389182,10.112664686530552,7.024991814741009,-0.31768011147608827,14.452625114789114,0.89095
SEN,NJ,0,False,standard,Cory Booker,D,1,Cory Booker,Justin Murphy,,6.027747433233515,2.0,1.8359211034842104,,,0.0,20.078438722061076,20.023416857432306,8.461628174322719,31.982994093261784,0.9852
SEN,NM,0,False,standard,Ben Ray Luján,D,1,Ben Ray Luján,Larry Marker,,6.141812228647307,3.0,,1.0,16.483516483516482,0.513540808699097,20.401781950182375,18.345029357437635,8.344971606816365,28.510783140074285,0.99055
SEN,OH,0,True,standard,Jon Husted,R,-1,Sherrod Brown,Jon Husted,,-11.313229427274072,0.0,,23.0,5.389915990263498,0.7427705453330327,-6.020717042467094,2.4796939438703705,-4.798128394235206,9.902829494190952,0.66565
SEN,OK,0,False,standard,Alan S. Armstrong,R,0,N'Kiyla Jasmine Thomas,Kevin Hern,,-34.94008381234161,-2.0,,1.0,-32.432432432432435,0.37109611601028064,-29.14415366403326,-30.384562673005533,-41.69284864713071,-18.928009939244166,0.00035
SEN,OR,0,False,standard,Jeff Merkley,D,1,Jeff Merkley,David Brock Smith,,14.866116069775194,2.0,3.023806470271399,,,0.0,29.288259101828555,29.322862054278264,17.459021400586874,41.226874263096654,0.9992
SEN,RI,0,False,standard,Jack Reed,D,1,Jack Reed,Raymond McKay,,14.162406267890672,2.0,13.344478460004396,3.0,23.65153398103173,0.47517237660195605,33.03651898799024,28.668274843800596,19.930263744899417,37.403510685498034,1.0
SEN,SC,0,False,standard,Darline Graham,R,-1,Annie Andrews,Darline Graham,,-18.123365227038146,-3.0,-2.800733662357596,8.0,-3.4025229793756497,0.6228456456589305,-14.70451951156553,-7.71726255692308,-15.221479554314918,-0.2897736135278725,0.0919
SEN,SD,0,False,same_party,Mike Rounds,R,-1,,Mike Rounds,R,-29.890199073853058,0.0,3.237586778515133,,,,,,,,0.0
SEN,TN,0,False,standard,Bill Hagerty,R,-1,Marquita Bradshaw,Bill Hagerty,,-30.121099654993333,-3.0,2.751456219205909,1.0,-24.390243902439025,0.44237714998115224,-29.354899585775584,-27.16349781068873,-36.167688584900006,-18.18057241716073,0.0
SEN,TX,0,False,standard,John Cornyn,R,0,James Talarico,Ken Paxton,,-13.878067801618457,-1.0,,40.0,3.367926590775158,0.7694557545762241,-6.608845301321416,1.1130905922369179,-6.041209771981585,8.175428816488868,0.57835
SEN,VA,0,False,standard,Mark Warner,D,1,Mark Warner,Bert Mizusawa,,5.891296826702209,3.0,3.1498030586139123,3.0,21.840931137427898,0.28091954551414866,21.508465075554682,21.474926547601324,11.44450855224259,31.707072253851603,0.9971
SEN,WV,0,False,standard,Shelley Moore Capito,R,-1,Rachel Fetty Anderson,Shelley Moore Capito,,-42.687784560047604,-2.0,3.5317300493123085,,,0.0,-41.7146846498792,-41.68264760656271,-53.61137732012194,-29.894354006972872,0.0
SEN,WY,0,False,standard,Cynthia Lummis,R,0,James W. Byrd,Harriet Hageman,,-46.95834604821483,-1.0,,,,0.0,-40.66507894479629,-40.47957577765695,-54.81598034523214,-26.515970932298238,0.00015
