state,year,district,dem,rep,total
FL,2010,1,156141.0,233628.0,472781.0
FL,2010,2,239032.0,155065.0,455269.0
FL,2010,3,228600.0,70163.0,353252.0
FL,2010,4,175116.0,199989.0,456153.0
FL,2010,5,223720.0,257162.0,613902.0
FL,2010,6,199238.0,213976.0,508343.0
FL,2010,7,190843.0,218256.0,530939.0
FL,2010,8,182031.0,169976.0,454682.0
FL,2010,9,164374.0,190188.0,469949.0
FL,2010,10,152625.0,158514.0,413663.0
FL,2010,11,191198.0,89428.0,358487.0
FL,2010,12,187980.0,162168.0,448449.0
FL,2010,13,166703.0,218787.0,485863.0
FL,2010,14,146573.0,239758.0,502141.0
FL,2010,15,187387.0,201576.0,501450.0
FL,2010,16,187949.0,203207.0,503551.0
FL,2010,17,245682.0,35576.0,343632.0
FL,2010,18,126481.0,126670.0,345029.0
FL,2010,19,234543.0,112536.0,459310.0
FL,2010,20,206919.0,104986.0,405318.0
FL,2010,21,122451.0,129001.0,338900.0
FL,2010,22,173386.0,172758.0,461913.0
FL,2010,23,231325.0,48112.0,341637.0
FL,2010,24,179342.0,193865.0,487862.0
FL,2010,25,131418.0,133905.0,369317.0
FL,2012,1,142331.0,253974.0,489705.0
FL,2012,2,234795.0,148205.0,453392.0
FL,2012,3,180182.0,181090.0,446683.0
FL,2012,4,150811.0,214204.0,461576.0
FL,2012,5,246518.0,80514.0,404558.0
FL,2012,6,172348.0,202682.0,497147.0
FL,2012,7,155481.0,176352.0,456182.0
FL,2012,8,161660.0,210032.0,483335.0
FL,2012,9,179880.0,111497.0,421351.0
FL,2012,10,159831.0,178174.0,447929.0
FL,2012,11,171438.0,210893.0,488064.0
FL,2012,12,159185.0,192397.0,478344.0
FL,2012,13,164999.0,175882.0,468704.0
FL,2012,14,210010.0,103153.0,419014.0
FL,2012,15,157544.0,159116.0,417458.0
FL,2012,16,155321.0,210259.0,483865.0
FL,2012,17,152211.0,174359.0,422657.0
FL,2012,18,172667.0,181281.0,476371.0
FL,2012,19,121840.0,205815.0,442417.0
FL,2012,20,265292.0,53867.0,404524.0
FL,2012,21,216849.0,119674.0,463679.0
FL,2012,22,197611.0,154039.0,484822.0
FL,2012,23,204940.0,108207.0,434789.0
FL,2012,24,267988.0,40895.0,390672.0
FL,2012,25,111933.0,132517.0,345092.0
FL,2012,26,140321.0,138840.0,394703.0
FL,2012,27,127842.0,127972.0,357065.0
FL,2014,1,138118.0,255956.0,497885.0
FL,2014,2,226799.0,148213.0,452716.0
FL,2014,3,171507.0,179908.0,443749.0
FL,2014,4,147536.0,212385.0,464833.0
FL,2014,5,241835.0,78835.0,404931.0
FL,2014,6,167790.0,204581.0,507109.0
FL,2014,7,148785.0,169300.0,445403.0
FL,2014,8,156350.0,206294.0,486586.0
FL,2014,9,184081.0,110726.0,442036.0
FL,2014,10,163078.0,180267.0,467200.0
FL,2014,11,164459.0,210855.0,490651.0
FL,2014,12,153464.0,188215.0,476869.0
FL,2014,13,158938.0,171118.0,466505.0
FL,2014,14,205372.0,102107.0,423139.0
FL,2014,15,154722.0,156950.0,423047.0
FL,2014,16,152440.0,206864.0,486631.0
FL,2014,17,148253.0,174422.0,431494.0
FL,2014,18,171693.0,179993.0,485355.0
FL,2014,19,122364.0,206596.0,459779.0
FL,2014,20,245659.0,47982.0,378054.0
FL,2014,21,206238.0,113773.0,452040.0
FL,2014,22,182881.0,141511.0,457510.0
FL,2014,23,188066.0,99570.0,411360.0
FL,2014,24,253228.0,37744.0,373552.0
FL,2014,25,111835.0,130030.0,351145.0
FL,2014,26,138309.0,135814.0,398359.0
FL,2014,27,124349.0,122203.0,353527.0
FL,2016,1,137789.0,280162.0,530275.0
FL,2016,2,183134.0,204440.0,471165.0
FL,2016,3,178562.0,198055.0,483999.0
FL,2016,4,145888.0,275450.0,547011.0
FL,2016,5,259116.0,103123.0,440400.0
FL,2016,6,177388.0,197126.0,522454.0
FL,2016,7,174030.0,170283.0,483917.0
FL,2016,8,163504.0,226899.0,528863.0
FL,2016,9,205820.0,143511.0,506753.0
FL,2016,10,203850.0,118242.0,452502.0
FL,2016,11,165207.0,244004.0,538663.0
FL,2016,12,159755.0,203926.0,512412.0
FL,2016,13,182772.0,162479.0,481881.0
FL,2016,14,204095.0,135699.0,476757.0
FL,2016,15,170656.0,169403.0,473642.0
FL,2016,16,167677.0,216826.0,522015.0
FL,2016,17,148641.0,205181.0,478767.0
FL,2016,18,176196.0,193721.0,510938.0
FL,2016,19,124533.0,222571.0,480103.0
FL,2016,20,269543.0,54129.0,424625.0
FL,2016,21,209517.0,125722.0,476425.0
FL,2016,22,204531.0,141216.0,490730.0
FL,2016,23,214385.0,116192.0,471810.0
FL,2016,24,253606.0,43218.0,390172.0
FL,2016,25,106141.0,139669.0,358768.0
FL,2016,26,148331.0,127690.0,408345.0
FL,2016,27,142777.0,131195.0,399679.0
FL,2018,1,134795.0,285862.0,538008.0
FL,2018,2,175511.0,217195.0,482382.0
FL,2018,3,179399.0,204004.0,496941.0
FL,2018,4,155079.0,286013.0,577173.0
FL,2018,5,261067.0,105410.0,453019.0
FL,2018,6,180012.0,210114.0,547882.0
FL,2018,7,181074.0,166705.0,495174.0
FL,2018,8,165033.0,234548.0,546590.0
FL,2018,9,216899.0,147560.0,543915.0
FL,2018,10,208709.0,118785.0,468214.0
FL,2018,11,165494.0,259594.0,562146.0
FL,2018,12,163538.0,211707.0,533025.0
FL,2018,13,186726.0,165077.0,495227.0
FL,2018,14,199515.0,134419.0,471748.0
FL,2018,15,168642.0,171472.0,479403.0
FL,2018,16,178907.0,227495.0,555855.0
FL,2018,17,147620.0,217358.0,497733.0
FL,2018,18,181328.0,201682.0,530231.0
FL,2018,19,130286.0,229736.0,505197.0
FL,2018,20,268986.0,53610.0,428706.0
FL,2018,21,215562.0,129968.0,493469.0
FL,2018,22,204407.0,139209.0,490531.0
FL,2018,23,210860.0,114791.0,472885.0
FL,2018,24,255754.0,44128.0,401682.0
FL,2018,25,109297.0,143576.0,374823.0
FL,2018,26,153384.0,130687.0,425185.0
FL,2018,27,146983.0,130893.0,410926.0
FL,2020,1,146917.0,314234.0,594118.0
FL,2020,2,164895.0,247242.0,506835.0
FL,2020,3,188566.0,223169.0,530694.0
FL,2020,4,176457.0,310674.0,634471.0
FL,2020,5,277262.0,116406.0,488038.0
FL,2020,6,184283.0,234731.0,580838.0
FL,2020,7,201335.0,174274.0,536201.0
FL,2020,8,176274.0,255793.0,588946.0
FL,2020,9,238344.0,166602.0,605059.0
FL,2020,10,231735.0,127307.0,514118.0
FL,2020,11,170701.0,294367.0,613223.0
FL,2020,12,175100.0,237272.0,584735.0
FL,2020,13,201088.0,176857.0,530383.0
FL,2020,14,212669.0,140993.0,499688.0
FL,2020,15,184496.0,192474.0,532732.0
FL,2020,16,203539.0,251265.0,621361.0
FL,2020,17,154383.0,247837.0,547959.0
FL,2020,18,196521.0,220591.0,574849.0
FL,2020,19,144530.0,250048.0,550327.0
FL,2020,20,289637.0,59772.0,467048.0
FL,2020,21,233937.0,144394.0,539133.0
FL,2020,22,223849.0,148804.0,531752.0
FL,2020,23,222966.0,124560.0,508963.0
FL,2020,24,267980.0,52492.0,434867.0
FL,2020,25,114883.0,163862.0,411342.0
FL,2020,26,161749.0,149997.0,465325.0
FL,2020,27,159158.0,142995.0,448864.0
FL,2022,1,127681.0,291529.0,553761.0
FL,2022,2,206468.0,214098.0,524972.0
FL,2022,3,180554.0,216055.0,510071.0
FL,2022,4,200940.0,214760.0,541274.0
FL,2022,5,152787.0,247714.0,544219.0
FL,2022,6,162329.0,254058.0,566959.0
FL,2022,7,180210.0,207368.0,571056.0
FL,2022,8,161703.0,254761.0,581777.0
FL,2022,9,191448.0,114633.0,490959.0
FL,2022,10,204593.0,100448.0,451638.0
FL,2022,11,167895.0,228817.0,558555.0
FL,2022,12,149491.0,259948.0,578633.0
FL,2022,13,175152.0,212380.0,559017.0
FL,2022,14,210802.0,139906.0,504626.0
FL,2022,15,163995.0,167497.0,480129.0
FL,2022,16,164788.0,210973.0,536121.0
FL,2022,17,161575.0,263027.0,595743.0
FL,2022,18,144372.0,198346.0,474394.0
FL,2022,19,127980.0,256826.0,549097.0
FL,2022,20,268879.0,64066.0,456129.0
FL,2022,21,181944.0,224860.0,574642.0
FL,2022,22,211496.0,136743.0,509319.0
FL,2022,23,206923.0,149127.0,527153.0
FL,2022,24,255802.0,60848.0,450886.0
FL,2022,25,211304.0,118533.0,498246.0
FL,2022,26,112081.0,165113.0,413922.0
FL,2022,27,146486.0,152956.0,450960.0
FL,2022,28,141766.0,152004.0,449720.0
FL,2024,1,116946.0,301353.0,548603.0
FL,2024,2,185021.0,229948.0,518827.0
FL,2024,3,157493.0,227889.0,491519.0
FL,2024,4,188671.0,219268.0,531269.0
FL,2024,5,145946.0,259388.0,550153.0
FL,2024,6,138066.0,262159.0,535637.0
FL,2024,7,169450.0,214395.0,565806.0
FL,2024,8,145319.0,263240.0,566059.0
FL,2024,9,170325.0,123241.0,461363.0
FL,2024,10,185550.0,101575.0,425286.0
FL,2024,11,155417.0,240242.0,553279.0
FL,2024,12,130507.0,271298.0,558277.0
FL,2024,13,153451.0,209790.0,516964.0
FL,2024,14,179305.0,141046.0,457430.0
FL,2024,15,145586.0,171014.0,454587.0
FL,2024,16,150622.0,224073.0,529778.0
FL,2024,17,141111.0,276760.0,574920.0
FL,2024,18,129603.0,211095.0,465501.0
FL,2024,19,111603.0,264450.0,525854.0
FL,2024,20,226802.0,64489.0,403287.0
FL,2024,21,165231.0,235702.0,559965.0
FL,2024,22,176510.0,135601.0,452897.0
FL,2024,23,179419.0,147919.0,485212.0
FL,2024,24,228880.0,69815.0,433447.0
FL,2024,25,179873.0,118743.0,454836.0
FL,2024,26,102680.0,184189.0,425529.0
FL,2024,27,133152.0,162037.0,447312.0
FL,2024,28,129251.0,168998.0,455571.0
CA,2010,1,171461.0,96512.0,370957.0
CA,2010,2,115429.0,153383.0,355578.0
CA,2010,3,151132.0,165049.0,405650.0
CA,2010,4,134504.0,204022.0,446214.0
CA,2010,5,161480.0,81290.0,314300.0
CA,2010,6,193084.0,75269.0,360943.0
CA,2010,7,168742.0,61983.0,303697.0
CA,2010,8,215876.0,33826.0,379794.0
CA,2010,9,231184.0,33731.0,359578.0
CA,2010,10,175773.0,106988.0,373753.0
CA,2010,11,147756.0,148941.0,378927.0
CA,2010,12,173524.0,60092.0,330702.0
CA,2010,13,160926.0,51220.0,299540.0
CA,2010,14,156106.0,76200.0,327812.0
CA,2010,15,133072.0,72358.0,300165.0
CA,2010,16,130779.0,62525.0,271827.0
CA,2010,17,157480.0,64212.0,288894.0
CA,2010,18,132424.0,85026.0,266565.0
CA,2010,19,131323.0,151651.0,354363.0
CA,2010,20,107792.0,65430.0,210419.0
CA,2010,21,106332.0,143447.0,309186.0
CA,2010,22,111796.0,175442.0,366642.0
CA,2010,23,148511.0,87461.0,318460.0
CA,2010,24,135779.0,159433.0,383294.0
CA,2010,25,132929.0,142211.0,360333.0
CA,2010,26,130100.0,148938.0,370181.0
CA,2010,27,152498.0,79510.0,313399.0
CA,2010,28,145835.0,44485.0,258961.0
CA,2010,29,141524.0,81565.0,311930.0
CA,2010,30,211558.0,95501.0,418345.0
CA,2010,31,119862.0,27556.0,202449.0
CA,2010,32,129337.0,57665.0,252639.0
CA,2010,33,204257.0,32542.0,311859.0
CA,2010,34,124712.0,38026.0,213265.0
CA,2010,35,180432.0,34768.0,271767.0
CA,2010,36,157418.0,95758.0,347282.0
CA,2010,37,173116.0,47769.0,287143.0
CA,2010,38,147563.0,55806.0,263983.0
CA,2010,39,141820.0,69664.0,273573.0
CA,2010,40,115657.0,147237.0,346428.0
CA,2010,41,117761.0,157966.0,355751.0
CA,2010,42,112360.0,171292.0,373854.0
CA,2010,43,117939.0,71225.0,240337.0
CA,2010,44,119794.0,155203.0,357946.0
CA,2010,45,138429.0,150257.0,362987.0
CA,2010,46,128505.0,176279.0,407997.0
CA,2010,47,105007.0,69251.0,224441.0
CA,2010,48,127783.0,195095.0,441905.0
CA,2010,49,95961.0,144763.0,321992.0
CA,2010,50,118408.0,159060.0,387494.0
CA,2010,51,137505.0,73623.0,283825.0
CA,2010,52,107010.0,148120.0,346151.0
CA,2010,53,132895.0,75249.0,300406.0
CA,2012,1,121470.0,168436.0,397970.0
CA,2012,2,204893.0,90890.0,415320.0
CA,2012,3,138481.0,107696.0,336269.0
CA,2012,4,122547.0,191039.0,420016.0
CA,2012,5,188790.0,79575.0,366204.0
CA,2012,6,161630.0,79663.0,321827.0
CA,2012,7,146491.0,141176.0,373566.0
CA,2012,8,98316.0,124974.0,302732.0
CA,2012,9,144361.0,106482.0,313105.0
CA,2012,10,124933.0,121670.0,314690.0
CA,2012,11,189100.0,92547.0,378473.0
CA,2012,12,247472.0,37494.0,442659.0
CA,2012,13,260778.0,32432.0,409206.0
CA,2012,14,183711.0,60157.0,351333.0
CA,2012,15,171975.0,80424.0,356012.0
CA,2012,16,120169.0,81431.0,260456.0
CA,2012,17,133927.0,57598.0,301842.0
CA,2012,18,177873.0,93789.0,390470.0
CA,2012,19,146592.0,65541.0,306615.0
CA,2012,20,171158.0,67850.0,321627.0
CA,2012,21,96080.0,66296.0,203071.0
CA,2012,22,106123.0,144192.0,318144.0
CA,2012,23,95186.0,148976.0,320216.0
CA,2012,24,140650.0,127074.0,368498.0
CA,2012,25,124848.0,139004.0,352586.0
CA,2012,26,143309.0,125346.0,358551.0
CA,2012,27,158244.0,104183.0,375246.0
CA,2012,28,185194.0,85230.0,388995.0
CA,2012,29,143788.0,41524.0,262794.0
CA,2012,30,196831.0,97808.0,399653.0
CA,2012,31,125881.0,106820.0,307575.0
CA,2012,32,149260.0,83663.0,317663.0
CA,2012,33,204677.0,128353.0,466076.0
CA,2012,34,144581.0,30588.0,250395.0
CA,2012,35,121809.0,66778.0,253136.0
CA,2012,36,114406.0,114288.0,292936.0
CA,2012,37,245657.0,39007.0,380495.0
CA,2012,38,173809.0,90753.0,352694.0
CA,2012,39,126937.0,153958.0,392497.0
CA,2012,40,144298.0,33568.0,236397.0
CA,2012,41,124895.0,109824.0,295154.0
CA,2012,42,94366.0,143050.0,317130.0
CA,2012,43,200245.0,55138.0,334968.0
CA,2012,44,193677.0,37287.0,303081.0
CA,2012,45,122856.0,190718.0,436450.0
CA,2012,46,121964.0,82791.0,275309.0
CA,2012,47,164953.0,113288.0,383066.0
CA,2012,48,129248.0,199856.0,455429.0
CA,2012,49,109515.0,157812.0,380336.0
CA,2012,50,91497.0,162950.0,352288.0
CA,2012,51,127375.0,53617.0,257613.0
CA,2012,52,130262.0,137371.0,398623.0
CA,2012,53,159334.0,104633.0,378513.0
CA,2014,1,112810.0,157611.0,383591.0
CA,2014,2,193966.0,83965.0,396303.0
CA,2014,3,130877.0,100299.0,323275.0
CA,2014,4,114954.0,178823.0,402657.0
CA,2014,5,177857.0,73246.0,348393.0
CA,2014,6,155464.0,71725.0,314766.0
CA,2014,7,140630.0,132202.0,365302.0
CA,2014,8,96508.0,118344.0,300027.0
CA,2014,9,140028.0,100602.0,311681.0
CA,2014,10,110510.0,118365.0,297784.0
CA,2014,11,177561.0,85051.0,358564.0
CA,2014,12,214616.0,30802.0,383736.0
CA,2014,13,258415.0,29440.0,413076.0
CA,2014,14,175755.0,56190.0,339747.0
CA,2014,15,168483.0,75896.0,353927.0
CA,2014,16,120591.0,77360.0,262115.0
CA,2014,17,128920.0,55413.0,296209.0
CA,2014,18,169325.0,87684.0,375474.0
CA,2014,19,141638.0,68337.0,308826.0
CA,2014,20,158994.0,63679.0,306073.0
CA,2014,21,98982.0,64353.0,207692.0
CA,2014,22,100784.0,140834.0,312654.0
CA,2014,23,93458.0,142939.0,317424.0
CA,2014,24,131526.0,118820.0,352750.0
CA,2014,25,139895.0,139712.0,375693.0
CA,2014,26,148777.0,119166.0,364541.0
CA,2014,27,157201.0,99741.0,375673.0
CA,2014,28,186863.0,81833.0,397647.0
CA,2014,29,148916.0,40913.0,279506.0
CA,2014,30,196345.0,93924.0,404953.0
CA,2014,31,123464.0,104546.0,308574.0
CA,2014,32,149885.0,81507.0,324811.0
CA,2014,33,202201.0,124161.0,466688.0
CA,2014,34,147761.0,29455.0,261582.0
CA,2014,35,121378.0,63259.0,258167.0
CA,2014,36,106548.0,109272.0,282289.0
CA,2014,37,244676.0,37388.0,385859.0
CA,2014,38,175060.0,88124.0,359670.0
CA,2014,39,114740.0,136092.0,353863.0
CA,2014,40,148686.0,32622.0,248679.0
CA,2014,41,113358.0,92293.0,270934.0
CA,2014,42,87755.0,134491.0,302641.0
CA,2014,43,208009.0,54252.0,348514.0
CA,2014,44,197147.0,36308.0,314969.0
CA,2014,45,106115.0,162322.0,377509.0
CA,2014,46,107554.0,63209.0,227490.0
CA,2014,47,159706.0,101464.0,366519.0
CA,2014,48,107693.0,167409.0,381935.0
CA,2014,49,104193.0,145264.0,361569.0
CA,2014,50,89773.0,156498.0,350120.0
CA,2014,51,124706.0,50413.0,260744.0
CA,2014,52,124229.0,129207.0,387669.0
CA,2014,53,153397.0,98597.0,372969.0
CA,2016,1,125684.0,171662.0,414311.0
CA,2016,2,221422.0,87273.0,431483.0
CA,2016,3,146697.0,107784.0,360640.0
CA,2016,4,130175.0,194739.0,445006.0
CA,2016,5,204318.0,76775.0,390572.0
CA,2016,6,180896.0,72222.0,359572.0
CA,2016,7,160047.0,137728.0,408938.0
CA,2016,8,103629.0,120418.0,312142.0
CA,2016,9,163033.0,103895.0,353436.0
CA,2016,10,131962.0,122919.0,337567.0
CA,2016,11,209830.0,87188.0,409497.0
CA,2016,12,264482.0,32893.0,454257.0
CA,2016,13,296850.0,27893.0,454843.0
CA,2016,14,202080.0,57545.0,383154.0
CA,2016,15,188565.0,76956.0,387879.0
CA,2016,16,126163.0,74923.0,272840.0
CA,2016,17,147344.0,53633.0,322104.0
CA,2016,18,193197.0,85497.0,406764.0
CA,2016,19,162647.0,66684.0,334504.0
CA,2016,20,182287.0,68006.0,342209.0
CA,2016,21,104464.0,65323.0,225280.0
CA,2016,22,111689.0,146906.0,340107.0
CA,2016,23,104415.0,151928.0,351925.0
CA,2016,24,158360.0,126611.0,396902.0
CA,2016,25,149344.0,138730.0,395308.0
CA,2016,26,160744.0,114698.0,373671.0
CA,2016,27,169705.0,94075.0,386430.0
CA,2016,28,216535.0,79769.0,434480.0
CA,2016,29,172598.0,41372.0,316106.0
CA,2016,30,217246.0,93993.0,437227.0
CA,2016,31,139553.0,100079.0,326825.0
CA,2016,32,156875.0,74044.0,328773.0
CA,2016,33,219827.0,121576.0,489533.0
CA,2016,34,179758.0,28749.0,306631.0
CA,2016,35,133016.0,55849.0,269378.0
CA,2016,36,126219.0,112215.0,316954.0
CA,2016,37,273202.0,36645.0,428816.0
CA,2016,38,183683.0,81807.0,368805.0
CA,2016,39,126111.0,132567.0,365642.0
CA,2016,40,165932.0,29781.0,273003.0
CA,2016,41,143605.0,86685.0,307576.0
CA,2016,42,106835.0,148620.0,352270.0
CA,2016,43,223234.0,53038.0,377905.0
CA,2016,44,209733.0,35682.0,339368.0
CA,2016,45,125357.0,163965.0,411163.0
CA,2016,46,122407.0,60460.0,250205.0
CA,2016,47,176273.0,98796.0,390797.0
CA,2016,48,121588.0,167823.0,405170.0
CA,2016,49,120730.0,146226.0,386971.0
CA,2016,50,100874.0,159211.0,369371.0
CA,2016,51,144939.0,49627.0,296654.0
CA,2016,52,141527.0,128043.0,410760.0
CA,2016,53,172731.0,96872.0,400047.0
CA,2018,1,119931.0,163636.0,409076.0
CA,2018,2,214591.0,80305.0,426319.0
CA,2018,3,142828.0,102853.0,366434.0
CA,2018,4,130733.0,189107.0,458250.0
CA,2018,5,198562.0,70524.0,392950.0
CA,2018,6,171709.0,64811.0,353497.0
CA,2018,7,154900.0,127252.0,408727.0
CA,2018,8,104820.0,118688.0,327669.0
CA,2018,9,159254.0,99044.0,364268.0
CA,2018,10,130730.0,118412.0,350508.0
CA,2018,11,207457.0,80416.0,415511.0
CA,2018,12,253757.0,28423.0,442999.0
CA,2018,13,284683.0,24500.0,445991.0
CA,2018,14,196566.0,52364.0,385737.0
CA,2018,15,182985.0,70615.0,390708.0
CA,2018,16,121980.0,69672.0,276807.0
CA,2018,17,143158.0,48252.0,325649.0
CA,2018,18,189016.0,76056.0,405776.0
CA,2018,19,160272.0,59546.0,342048.0
CA,2018,20,179120.0,62950.0,348185.0
CA,2018,21,99793.0,62571.0,230632.0
CA,2018,22,114704.0,145626.0,362192.0
CA,2018,23,101662.0,144799.0,356703.0
CA,2018,24,154053.0,117232.0,395599.0
CA,2018,25,144965.0,127900.0,394998.0
CA,2018,26,156671.0,106498.0,378316.0
CA,2018,27,165836.0,85771.0,387165.0
CA,2018,28,213404.0,73402.0,437224.0
CA,2018,29,170889.0,39209.0,325397.0
CA,2018,30,213277.0,87093.0,441033.0
CA,2018,31,142858.0,94666.0,341347.0
CA,2018,32,152925.0,68646.0,332211.0
CA,2018,33,212750.0,110509.0,481240.0
CA,2018,34,178607.0,27211.0,317186.0
CA,2018,35,134946.0,54811.0,287433.0
CA,2018,36,126118.0,104093.0,323516.0
CA,2018,37,264791.0,34097.0,430907.0
CA,2018,38,178265.0,76624.0,371599.0
CA,2018,39,125668.0,123679.0,370443.0
CA,2018,40,163434.0,27895.0,282177.0
CA,2018,41,139338.0,76588.0,305353.0
CA,2018,42,108626.0,142801.0,364388.0
CA,2018,43,212823.0,49241.0,378888.0
CA,2018,44,202016.0,33849.0,344841.0
CA,2018,45,128450.0,152929.0,420237.0
CA,2018,46,120255.0,55826.0,256094.0
CA,2018,47,164420.0,90239.0,378615.0
CA,2018,48,121523.0,156646.0,407767.0
CA,2018,49,124330.0,139392.0,400891.0
CA,2018,50,103009.0,154163.0,384893.0
CA,2018,51,145781.0,48985.0,317201.0
CA,2018,52,146180.0,120631.0,426663.0
CA,2018,53,178008.0,94006.0,426113.0
CA,2020,1,129459.0,186197.0,435547.0
CA,2020,2,250256.0,86738.0,463951.0
CA,2020,3,166340.0,121709.0,408211.0
CA,2020,4,157817.0,218559.0,518588.0
CA,2020,5,234135.0,78748.0,433489.0
CA,2020,6,210193.0,76096.0,409290.0
CA,2020,7,189954.0,144748.0,469220.0
CA,2020,8,127981.0,142973.0,382518.0
CA,2020,9,178599.0,107310.0,395615.0
CA,2020,10,152615.0,134845.0,393009.0
CA,2020,11,250970.0,83767.0,463276.0
CA,2020,12,290275.0,29571.0,460763.0
CA,2020,13,325105.0,26196.0,475724.0
CA,2020,14,236113.0,57095.0,428175.0
CA,2020,15,224019.0,77038.0,443107.0
CA,2020,16,140011.0,79742.0,313214.0
CA,2020,17,180588.0,56205.0,375100.0
CA,2020,18,227933.0,75967.0,445933.0
CA,2020,19,201455.0,71919.0,402141.0
CA,2020,20,209648.0,69626.0,384397.0
CA,2020,21,112642.0,70973.0,259277.0
CA,2020,22,136939.0,160633.0,408108.0
CA,2020,23,122543.0,169946.0,408366.0
CA,2020,24,180982.0,125224.0,425228.0
CA,2020,25,174213.0,141023.0,444009.0
CA,2020,26,185326.0,115796.0,421082.0
CA,2020,27,199774.0,93041.0,433487.0
CA,2020,28,244636.0,80720.0,473018.0
CA,2020,29,198076.0,47027.0,362180.0
CA,2020,30,243545.0,94882.0,483352.0
CA,2020,31,172155.0,107599.0,394358.0
CA,2020,32,182741.0,79521.0,380134.0
CA,2020,33,244274.0,113034.0,512875.0
CA,2020,34,208579.0,32001.0,349477.0
CA,2020,35,170103.0,69525.0,346560.0
CA,2020,36,161887.0,119711.0,383723.0
CA,2020,37,293398.0,37388.0,458988.0
CA,2020,38,207516.0,87245.0,415911.0
CA,2020,39,154920.0,137440.0,421028.0
CA,2020,40,186238.0,33256.0,312644.0
CA,2020,41,168643.0,87557.0,356165.0
CA,2020,42,147009.0,176582.0,450112.0
CA,2020,43,242667.0,54649.0,418947.0
CA,2020,44,225587.0,39276.0,377527.0
CA,2020,45,164650.0,166969.0,475815.0
CA,2020,46,143415.0,64998.0,294224.0
CA,2020,47,191450.0,102021.0,418213.0
CA,2020,48,150545.0,174747.0,457993.0
CA,2020,49,159907.0,154137.0,453997.0
CA,2020,50,133868.0,177395.0,444043.0
CA,2020,51,173815.0,61962.0,359417.0
CA,2020,52,187322.0,127615.0,472721.0
CA,2020,53,217486.0,105381.0,473201.0
CA,2022,1,123023.0,183845.0,431635.0
CA,2022,2,264286.0,87662.0,482452.0
CA,2022,3,173420.0,197829.0,520848.0
CA,2022,4,222071.0,97919.0,443855.0
CA,2022,5,153515.0,203525.0,484856.0
CA,2022,6,174437.0,108644.0,403071.0
CA,2022,7,210523.0,84040.0,413999.0
CA,2022,8,241273.0,55263.0,411529.0
CA,2022,9,165587.0,108123.0,381225.0
CA,2022,10,239561.0,101822.0,480735.0
CA,2022,11,280046.0,29018.0,437538.0
CA,2022,12,302911.0,22998.0,435330.0
CA,2022,13,139428.0,92665.0,326154.0
CA,2022,14,217402.0,66580.0,412873.0
CA,2022,15,231545.0,52380.0,411937.0
CA,2022,16,231460.0,70360.0,438477.0
CA,2022,17,180605.0,53595.0,361388.0
CA,2022,18,189594.0,60754.0,351472.0
CA,2022,19,239244.0,102468.0,478746.0
CA,2022,20,119712.0,206221.0,444185.0
CA,2022,21,146619.0,88487.0,337856.0
CA,2022,22,130928.0,78525.0,302053.0
CA,2022,23,134383.0,144989.0,398563.0
CA,2022,24,202215.0,115903.0,442022.0
CA,2022,25,166160.0,100394.0,374413.0
CA,2022,26,195812.0,128951.0,453203.0
CA,2022,27,183863.0,128802.0,440352.0
CA,2022,28,214309.0,101388.0,459042.0
CA,2022,29,211703.0,50578.0,377787.0
CA,2022,30,256305.0,74493.0,471057.0
CA,2022,31,198029.0,87185.0,407330.0
CA,2022,32,245911.0,90428.0,473513.0
CA,2022,33,181969.0,92994.0,390440.0
CA,2022,34,217323.0,32632.0,353095.0
CA,2022,35,178650.0,84302.0,375234.0
CA,2022,36,250899.0,98948.0,494548.0
CA,2022,37,259651.0,27214.0,392440.0
CA,2022,38,214621.0,98030.0,442914.0
CA,2022,39,177802.0,88604.0,373065.0
CA,2022,40,164035.0,185078.0,489032.0
CA,2022,41,170026.0,167429.0,463124.0
CA,2022,42,216377.0,64712.0,395442.0
CA,2022,43,245185.0,39516.0,396286.0
CA,2022,44,232615.0,62092.0,415473.0
CA,2022,45,166022.0,141249.0,438734.0
CA,2022,46,165109.0,72390.0,335035.0
CA,2022,47,160636.0,152958.0,451353.0
CA,2022,48,140639.0,191383.0,471583.0
CA,2022,49,170972.0,156285.0,469242.0
CA,2022,50,197168.0,112481.0,453062.0
CA,2022,51,187678.0,109511.0,436113.0
CA,2022,52,200001.0,78452.0,414563.0
CA,2024,1,121884.0,195562.0,440545.0
CA,2024,2,265254.0,93121.0,487217.0
CA,2024,3,177444.0,208011.0,536957.0
CA,2024,4,224168.0,105752.0,452289.0
CA,2024,5,152454.0,214231.0,496101.0
CA,2024,6,173950.0,114314.0,411358.0
CA,2024,7,211989.0,89992.0,426237.0
CA,2024,8,241958.0,63004.0,423276.0
CA,2024,9,156921.0,114640.0,376712.0
CA,2024,10,245354.0,107995.0,497021.0
CA,2024,11,294562.0,33779.0,457775.0
CA,2024,12,304893.0,26979.0,447824.0
CA,2024,13,139527.0,102555.0,344178.0
CA,2024,14,219254.0,73462.0,425833.0
CA,2024,15,235290.0,58012.0,422800.0
CA,2024,16,238457.0,74294.0,453537.0
CA,2024,17,186020.0,59455.0,376101.0
CA,2024,18,190976.0,69118.0,364468.0
CA,2024,19,242597.0,108049.0,488745.0
CA,2024,20,121618.0,217425.0,462537.0
CA,2024,21,143249.0,95367.0,347458.0
CA,2024,22,130399.0,88347.0,319313.0
CA,2024,23,137308.0,156514.0,419545.0
CA,2024,24,204402.0,120640.0,450672.0
CA,2024,25,168727.0,111319.0,393383.0
CA,2024,26,197273.0,137371.0,463963.0
CA,2024,27,185569.0,138837.0,459259.0
CA,2024,28,218154.0,106739.0,470106.0
CA,2024,29,210470.0,58912.0,387884.0
CA,2024,30,257365.0,80859.0,479188.0
CA,2024,31,197850.0,96185.0,419899.0
CA,2024,32,245917.0,98056.0,482639.0
CA,2024,33,181392.0,104082.0,410253.0
CA,2024,34,217405.0,38833.0,363825.0
CA,2024,35,180126.0,96591.0,396627.0
CA,2024,36,255548.0,103595.0,504560.0
CA,2024,37,257249.0,32906.0,402270.0
CA,2024,38,214044.0,108191.0,454405.0
CA,2024,39,175053.0,98800.0,387443.0
CA,2024,40,166958.0,191071.0,499048.0
CA,2024,41,175948.0,181134.0,487721.0
CA,2024,42,214495.0,72006.0,403755.0
CA,2024,43,240010.0,46158.0,406162.0
CA,2024,44,231232.0,70389.0,425745.0
CA,2024,45,167732.0,149541.0,452489.0
CA,2024,46,163988.0,80302.0,345820.0
CA,2024,47,159539.0,159729.0,458075.0
CA,2024,48,144685.0,201616.0,488154.0
CA,2024,49,175136.0,163398.0,483077.0
CA,2024,50,202376.0,116920.0,465315.0
CA,2024,51,191523.0,114781.0,446940.0
CA,2024,52,199389.0,89270.0,429155.0
CO,2010,1,114766.0,44724.0,215847.0
CO,2010,2,107051.0,79426.0,268819.0
CO,2010,3,89680.0,113233.0,269567.0
CO,2010,4,75757.0,118407.0,271452.0
CO,2010,5,53131.0,126486.0,240503.0
CO,2010,6,91644.0,166036.0,347527.0
CO,2010,7,82550.0,74360.0,217512.0
CO,2012,1,190141.0,80809.0,408403.0
CO,2012,2,154241.0,132670.0,455546.0
CO,2012,3,119018.0,140837.0,379857.0
CO,2012,4,89135.0,163646.0,371357.0
CO,2012,5,80680.0,165535.0,365111.0
CO,2012,6,125991.0,132561.0,384176.0
CO,2012,7,131798.0,108018.0,372629.0
CO,2014,1,188892.0,80716.0,423120.0
CO,2014,2,154401.0,136744.0,479282.0
CO,2014,3,121296.0,146171.0,408063.0
CO,2014,4,93830.0,176197.0,410537.0
CO,2014,5,81399.0,171198.0,390839.0
CO,2014,6,124957.0,134292.0,399329.0
CO,2014,7,134521.0,110566.0,396727.0
CO,2016,1,221597.0,86383.0,482167.0
CO,2016,2,185326.0,145531.0,539869.0
CO,2016,3,135348.0,160977.0,451762.0
CO,2016,4,108120.0,196923.0,468223.0
CO,2016,5,96862.0,189683.0,447081.0
CO,2016,6,147204.0,144338.0,454082.0
CO,2016,7,155939.0,119526.0,448878.0
CO,2018,1,220606.0,77988.0,491407.0
CO,2018,2,182302.0,134362.0,543662.0
CO,2018,3,130139.0,155048.0,458649.0
CO,2018,4,107816.0,194960.0,487892.0
CO,2018,5,95568.0,181959.0,455643.0
CO,2018,6,145576.0,133832.0,460291.0
CO,2018,7,154454.0,111296.0,456729.0
CO,2020,1,240923.0,77116.0,547258.0
CO,2020,2,195208.0,134029.0,590509.0
CO,2020,3,136229.0,166393.0,509761.0
CO,2020,4,119114.0,210016.0,560105.0
CO,2020,5,105605.0,191683.0,521148.0
CO,2020,6,162129.0,134825.0,517409.0
CO,2020,7,168812.0,113702.0,511644.0
CO,2022,1,198609.0,43663.0,447080.0
CO,2022,2,167962.0,83106.0,485832.0
CO,2022,3,115606.0,150201.0,488843.0
CO,2022,4,90747.0,189353.0,513333.0
CO,2022,5,84893.0,144004.0,450223.0
CO,2022,6,137706.0,95146.0,441885.0
CO,2022,7,141594.0,124572.0,512646.0
CO,2022,8,115854.0,101776.0,424676.0
CO,2024,1,196693.0,43997.0,474703.0
CO,2024,2,168113.0,81500.0,514771.0
CO,2024,3,112943.0,152994.0,520283.0
CO,2024,4,91466.0,192967.0,555934.0
CO,2024,5,85010.0,143951.0,487932.0
CO,2024,6,137059.0,93906.0,468059.0
CO,2024,7,140268.0,121842.0,537226.0
CO,2024,8,115318.0,105426.0,460009.0
