state_po,office,county_fips,dem,rep,year
FL,GOVERNOR,12001,54796,40321,2022
FL,GOVERNOR,12003,1092,9594,2022
FL,GOVERNOR,12005,14091,52590,2022
FL,GOVERNOR,12007,1852,8346,2022
FL,GOVERNOR,12009,95131,170562,2022
FL,GOVERNOR,12011,343286,251238,2022
FL,GOVERNOR,12013,657,4180,2022
FL,GOVERNOR,12015,27005,65357,2022
FL,GOVERNOR,12017,19100,56283,2022
FL,GOVERNOR,12019,22187,67292,2022
FL,GOVERNOR,12021,45815,117477,2022
FL,GOVERNOR,12023,4789,18790,2022
FL,GOVERNOR,12027,2023,6637,2022
FL,GOVERNOR,12029,735,5394,2022
FL,GOVERNOR,12031,143837,182569,2022
FL,GOVERNOR,12033,40076,74608,2022
FL,GOVERNOR,12035,19177,39183,2022
FL,GOVERNOR,12037,1406,4003,2022
FL,GOVERNOR,12039,10805,6511,2022
FL,GOVERNOR,12041,1017,6806,2022
FL,GOVERNOR,12043,721,3091,2022
FL,GOVERNOR,12045,1247,5150,2022
FL,GOVERNOR,12047,1120,3145,2022
FL,GOVERNOR,12049,949,4558,2022
FL,GOVERNOR,12051,2052,6134,2022
FL,GOVERNOR,12053,23700,56247,2022
FL,GOVERNOR,12055,9994,29518,2022
FL,GOVERNOR,12057,217349,261936,2022
FL,GOVERNOR,12059,533,6214,2022
FL,GOVERNOR,12061,24744,52269,2022
FL,GOVERNOR,12063,3835,12412,2022
FL,GOVERNOR,12065,2776,4310,2022
FL,GOVERNOR,12067,294,2617,2022
FL,GOVERNOR,12069,52579,106578,2022
FL,GOVERNOR,12071,84739,189335,2022
FL,GOVERNOR,12073,67535,49244,2022
FL,GOVERNOR,12075,3758,14049,2022
FL,GOVERNOR,12077,371,2234,2022
FL,GOVERNOR,12079,2293,4661,2022
FL,GOVERNOR,12081,59801,111109,2022
FL,GOVERNOR,12083,47129,108027,2022
FL,GOVERNOR,12085,23748,53595,2022
FL,GOVERNOR,12086,312972,393532,2022
FL,GOVERNOR,12087,13314,20479,2022
FL,GOVERNOR,12089,10973,36551,2022
FL,GOVERNOR,12091,18569,61715,2022
FL,GOVERNOR,12093,2079,8746,2022
FL,GOVERNOR,12095,216221,187653,2022
FL,GOVERNOR,12097,47387,54330,2022
FL,GOVERNOR,12099,262655,278454,2022
FL,GOVERNOR,12101,75342,148083,2022
FL,GOVERNOR,12103,189563,231284,2022
FL,GOVERNOR,12105,80172,148254,2022
FL,GOVERNOR,12107,6196,20217,2022
FL,GOVERNOR,12109,42873,101066,2022
FL,GOVERNOR,12111,49009,72354,2022
FL,GOVERNOR,12113,15096,60091,2022
FL,GOVERNOR,12115,84614,133354,2022
FL,GOVERNOR,12117,79664,102190,2022
FL,GOVERNOR,12119,23718,65496,2022
FL,GOVERNOR,12121,2650,13649,2022
FL,GOVERNOR,12123,1276,6308,2022
FL,GOVERNOR,12125,544,3995,2022
FL,GOVERNOR,12127,79965,144768,2022
FL,GOVERNOR,12129,3920,11033,2022
FL,GOVERNOR,12131,6112,28647,2022
FL,GOVERNOR,12133,1285,7786,2022
FL,US SENATE,12001,55439,39220,2022
FL,US SENATE,12003,1181,9431,2022
FL,US SENATE,12005,14547,51657,2022
FL,US SENATE,12007,1942,8156,2022
FL,US SENATE,12009,98978,165233,2022
FL,US SENATE,12011,353575,238962,2022
FL,US SENATE,12013,700,4067,2022
FL,US SENATE,12015,27757,63845,2022
FL,US SENATE,12017,19634,55087,2022
FL,US SENATE,12019,23054,65972,2022
FL,US SENATE,12021,46537,116050,2022
FL,US SENATE,12023,5070,18344,2022
FL,US SENATE,12027,2097,6469,2022
FL,US SENATE,12029,826,5225,2022
FL,US SENATE,12031,147646,177401,2022
FL,US SENATE,12033,40790,73225,2022
FL,US SENATE,12035,20204,37934,2022
FL,US SENATE,12037,1471,3885,2022
FL,US SENATE,12039,11113,6086,2022
FL,US SENATE,12041,1087,6657,2022
FL,US SENATE,12043,764,3026,2022
FL,US SENATE,12045,1295,5069,2022
FL,US SENATE,12047,1215,3030,2022
FL,US SENATE,12049,981,4480,2022
FL,US SENATE,12051,2121,6008,2022
FL,US SENATE,12053,24298,54822,2022
FL,US SENATE,12055,10480,28777,2022
FL,US SENATE,12057,222378,253495,2022
FL,US SENATE,12059,556,6151,2022
FL,US SENATE,12061,25613,50878,2022
FL,US SENATE,12063,3956,12188,2022
FL,US SENATE,12065,2929,4137,2022
FL,US SENATE,12067,348,2521,2022
FL,US SENATE,12069,55377,103103,2022
FL,US SENATE,12071,87108,185123,2022
FL,US SENATE,12073,69677,46511,2022
FL,US SENATE,12075,3944,13690,2022
FL,US SENATE,12077,405,2164,2022
FL,US SENATE,12079,2442,4476,2022
FL,US SENATE,12081,61423,108234,2022
FL,US SENATE,12083,49698,104655,2022
FL,US SENATE,12085,24639,52312,2022
FL,US SENATE,12086,318978,386251,2022
FL,US SENATE,12087,13756,19897,2022
FL,US SENATE,12089,11337,35944,2022
FL,US SENATE,12091,18851,60808,2022
FL,US SENATE,12093,2218,8532,2022
FL,US SENATE,12095,225569,177105,2022
FL,US SENATE,12097,49907,51422,2022
FL,US SENATE,12099,269839,267715,2022
FL,US SENATE,12101,77664,143760,2022
FL,US SENATE,12103,192058,223747,2022
FL,US SENATE,12105,82261,144548,2022
FL,US SENATE,12107,6450,19812,2022
FL,US SENATE,12109,44371,98564,2022
FL,US SENATE,12111,50851,69924,2022
FL,US SENATE,12113,15554,59111,2022
FL,US SENATE,12115,86618,129865,2022
FL,US SENATE,12117,83285,97760,2022
FL,US SENATE,12119,25010,63806,2022
FL,US SENATE,12121,3018,13125,2022
FL,US SENATE,12123,1495,6063,2022
FL,US SENATE,12125,580,3917,2022
FL,US SENATE,12127,84543,139085,2022
FL,US SENATE,12129,4343,10485,2022
FL,US SENATE,12131,6326,28203,2022
FL,US SENATE,12133,1345,7641,2022
CA,GOVERNOR,06001,387046,100923,2022
CA,GOVERNOR,06003,363,256,2022
CA,GOVERNOR,06005,6027,12628,2022
CA,GOVERNOR,06007,31502,40939,2022
CA,GOVERNOR,06009,7103,14137,2022
CA,GOVERNOR,06011,1553,4009,2022
CA,GOVERNOR,06013,265371,123132,2022
CA,GOVERNOR,06015,3264,5111,2022
CA,GOVERNOR,06017,34534,54137,2022
CA,GOVERNOR,06019,98417,120668,2022
CA,GOVERNOR,06021,1930,6000,2022
CA,GOVERNOR,06023,29541,18257,2022
CA,GOVERNOR,06025,16711,13158,2022
CA,GOVERNOR,06027,3382,4095,2022
CA,GOVERNOR,06029,69701,119002,2022
CA,GOVERNOR,06031,9389,17523,2022
CA,GOVERNOR,06033,9771,10360,2022
CA,GOVERNOR,06035,1444,7726,2022
CA,GOVERNOR,06037,1620053,769174,2022
CA,GOVERNOR,06039,13283,23678,2022
CA,GOVERNOR,06041,95289,23775,2022
CA,GOVERNOR,06043,2944,4896,2022
CA,GOVERNOR,06045,19031,11363,2022
CA,GOVERNOR,06047,25200,30073,2022
CA,GOVERNOR,06049,687,2725,2022
CA,GOVERNOR,06051,2493,2076,2022
CA,GOVERNOR,06053,65262,36867,2022
CA,GOVERNOR,06055,32437,17671,2022
CA,GOVERNOR,06057,26655,24082,2022
CA,GOVERNOR,06059,464206,492734,2022
CA,GOVERNOR,06061,73619,108450,2022
CA,GOVERNOR,06063,3083,5550,2022
CA,GOVERNOR,06065,285000,310901,2022
CA,GOVERNOR,06067,274680,202933,2022
CA,GOVERNOR,06069,10428,9150,2022
CA,GOVERNOR,06071,215391,239109,2022
CA,GOVERNOR,06073,573765,454533,2022
CA,GOVERNOR,06075,257402,44064,2022
CA,GOVERNOR,06077,85498,91827,2022
CA,GOVERNOR,06079,61166,58464,2022
CA,GOVERNOR,06081,185599,61918,2022
CA,GOVERNOR,06083,80648,54726,2022
CA,GOVERNOR,06085,379377,162518,2022
CA,GOVERNOR,06087,79117,25052,2022
CA,GOVERNOR,06089,18607,49913,2022
CA,GOVERNOR,06091,529,1014,2022
CA,GOVERNOR,06093,6326,11397,2022
CA,GOVERNOR,06095,77769,52850,2022
CA,GOVERNOR,06097,140041,57413,2022
CA,GOVERNOR,06099,55311,75656,2022
CA,GOVERNOR,06101,9082,19024,2022
CA,GOVERNOR,06103,5024,15607,2022
CA,GOVERNOR,06105,1860,2667,2022
CA,GOVERNOR,06107,33273,58053,2022
CA,GOVERNOR,06109,8471,14759,2022
CA,GOVERNOR,06111,153226,127709,2022
CA,GOVERNOR,06113,44328,22807,2022
CA,GOVERNOR,06115,6534,13097,2022
NC,US SENATE,37001,25866,32866,2022
NC,US SENATE,37003,3031,11833,2022
NC,US SENATE,37005,1249,3648,2022
NC,US SENATE,37007,3324,3711,2022
NC,US SENATE,37009,3172,8371,2022
NC,US SENATE,37011,1595,5089,2022
NC,US SENATE,37013,6245,12338,2022
NC,US SENATE,37015,3492,2781,2022
NC,US SENATE,37017,4799,6745,2022
NC,US SENATE,37019,26685,44911,2022
NC,US SENATE,37021,73807,43222,2022
NC,US SENATE,37023,8847,20456,2022
NC,US SENATE,37025,32372,41468,2022
NC,US SENATE,37027,6404,20900,2022
NC,US SENATE,37029,1006,3127,2022
NC,US SENATE,37031,8827,22709,2022
NC,US SENATE,37033,3121,4867,2022
NC,US SENATE,37035,16076,38252,2022
NC,US SENATE,37037,22493,16275,2022
NC,US SENATE,37039,2448,9493,2022
NC,US SENATE,37041,2047,3360,2022
NC,US SENATE,37043,1339,4073,2022
NC,US SENATE,37045,10557,21654,2022
NC,US SENATE,37047,6888,11723,2022
NC,US SENATE,37049,14101,21981,2022
NC,US SENATE,37051,46449,35674,2022
NC,US SENATE,37053,2739,8593,2022
NC,US SENATE,37055,7097,10236,2022
NC,US SENATE,37057,14643,43393,2022
NC,US SENATE,37059,4501,13191,2022
NC,US SENATE,37061,5071,9852,2022
NC,US SENATE,37063,103630,22107,2022
NC,US SENATE,37065,9213,6046,2022
NC,US SENATE,37067,73524,58350,2022
NC,US SENATE,37069,11701,15292,2022
NC,US SENATE,37071,25676,46256,2022
NC,US SENATE,37073,1756,2431,2022
NC,US SENATE,37075,639,2791,2022
NC,US SENATE,37077,9950,11770,2022
NC,US SENATE,37079,2410,3518,2022
NC,US SENATE,37081,108688,74544,2022
NC,US SENATE,37083,8884,6631,2022
NC,US SENATE,37085,13133,22860,2022
NC,US SENATE,37087,9972,16078,2022
NC,US SENATE,37089,20167,29798,2022
NC,US SENATE,37091,4096,2400,2022
NC,US SENATE,37093,7111,5589,2022
NC,US SENATE,37095,731,1083,2022
NC,US SENATE,37097,21442,46598,2022
NC,US SENATE,37099,6556,7920,2022
NC,US SENATE,37101,28121,46239,2022
NC,US SENATE,37103,1397,2382,2022
NC,US SENATE,37105,7767,11042,2022
NC,US SENATE,37107,7872,10452,2022
NC,US SENATE,37109,9418,26130,2022
NC,US SENATE,37111,3895,11776,2022
NC,US SENATE,37113,4617,10698,2022
NC,US SENATE,37115,3959,5797,2022
NC,US SENATE,37117,3841,4717,2022
NC,US SENATE,37119,234787,117742,2022
NC,US SENATE,37121,1353,5024,2022
NC,US SENATE,37123,2667,5834,2022
NC,US SENATE,37125,14586,26874,2022
NC,US SENATE,37127,16401,18796,2022
NC,US SENATE,37129,46785,45012,2022
NC,US SENATE,37131,3718,2962,2022
NC,US SENATE,37133,13544,29106,2022
NC,US SENATE,37135,51125,14213,2022
NC,US SENATE,37137,2091,3908,2022
NC,US SENATE,37139,6468,7304,2022
NC,US SENATE,37141,7548,15466,2022
NC,US SENATE,37143,1557,3813,2022
NC,US SENATE,37145,5905,9201,2022
NC,US SENATE,37147,27705,26160,2022
NC,US SENATE,37149,3635,5686,2022
NC,US SENATE,37151,9313,38030,2022
NC,US SENATE,37153,5016,7317,2022
NC,US SENATE,37155,10586,15555,2022
NC,US SENATE,37157,10110,21617,2022
NC,US SENATE,37159,14282,32766,2022
NC,US SENATE,37161,5538,17330,2022
NC,US SENATE,37163,6045,11574,2022
NC,US SENATE,37165,4359,4922,2022
NC,US SENATE,37167,5163,17927,2022
NC,US SENATE,37169,3803,13915,2022
NC,US SENATE,37171,5828,18303,2022
NC,US SENATE,37173,1708,2884,2022
NC,US SENATE,37175,6867,8832,2022
NC,US SENATE,37177,481,770,2022
NC,US SENATE,37179,31354,56882,2022
NC,US SENATE,37181,7097,5620,2022
NC,US SENATE,37183,281367,160818,2022
NC,US SENATE,37185,4344,2753,2022
NC,US SENATE,37187,2002,1996,2022
NC,US SENATE,37189,11677,10455,2022
NC,US SENATE,37191,13990,20723,2022
NC,US SENATE,37193,4770,19294,2022
NC,US SENATE,37195,12503,13310,2022
NC,US SENATE,37197,2400,11117,2022
NC,US SENATE,37199,2940,5705,2022
IA,GOVERNOR,19001,761,2333,2022
IA,GOVERNOR,19003,381,1241,2022
IA,GOVERNOR,19005,1579,4100,2022
IA,GOVERNOR,19007,1134,3432,2022
IA,GOVERNOR,19009,661,1757,2022
IA,GOVERNOR,19011,3292,7745,2022
IA,GOVERNOR,19013,21585,24236,2022
IA,GOVERNOR,19015,4065,6813,2022
IA,GOVERNOR,19017,3820,6989,2022
IA,GOVERNOR,19019,2650,5356,2022
IA,GOVERNOR,19021,1299,3745,2022
IA,GOVERNOR,19023,1429,4501,2022
IA,GOVERNOR,19025,870,3021,2022
IA,GOVERNOR,19027,1854,6261,2022
IA,GOVERNOR,19029,1299,3864,2022
IA,GOVERNOR,19031,2734,4996,2022
IA,GOVERNOR,19033,7096,9607,2022
IA,GOVERNOR,19035,911,3579,2022
IA,GOVERNOR,19037,1292,3570,2022
IA,GOVERNOR,19039,824,2494,2022
IA,GOVERNOR,19041,1536,4805,2022
IA,GOVERNOR,19043,2105,5110,2022
IA,GOVERNOR,19045,6406,10173,2022
IA,GOVERNOR,19047,876,3504,2022
IA,GOVERNOR,19049,19272,24403,2022
IA,GOVERNOR,19051,626,2338,2022
IA,GOVERNOR,19053,651,2081,2022
IA,GOVERNOR,19055,1871,5632,2022
IA,GOVERNOR,19057,5184,7929,2022
IA,GOVERNOR,19059,2078,6062,2022
IA,GOVERNOR,19061,15774,22035,2022
IA,GOVERNOR,19063,803,2525,2022
IA,GOVERNOR,19065,2328,5032,2022
IA,GOVERNOR,19067,1953,3657,2022
IA,GOVERNOR,19069,881,2676,2022
IA,GOVERNOR,19071,600,1987,2022
IA,GOVERNOR,19073,1078,2473,2022
IA,GOVERNOR,19075,1229,4033,2022
IA,GOVERNOR,19077,1275,3619,2022
IA,GOVERNOR,19079,1704,3914,2022
IA,GOVERNOR,19081,1009,3302,2022
IA,GOVERNOR,19083,1793,4645,2022
IA,GOVERNOR,19085,1325,4069,2022
IA,GOVERNOR,19087,1987,4837,2022
IA,GOVERNOR,19089,1010,2310,2022
IA,GOVERNOR,19091,796,3016,2022
IA,GOVERNOR,19093,468,2239,2022
IA,GOVERNOR,19095,2299,5001,2022
IA,GOVERNOR,19097,2278,5260,2022
IA,GOVERNOR,19099,5019,9552,2022
IA,GOVERNOR,19101,3086,3449,2022
IA,GOVERNOR,19103,43686,18413,2022
IA,GOVERNOR,19105,2678,5285,2022
IA,GOVERNOR,19107,837,2953,2022
IA,GOVERNOR,19109,1592,5030,2022
IA,GOVERNOR,19111,4032,7182,2022
IA,GOVERNOR,19113,47539,42887,2022
IA,GOVERNOR,19115,864,2578,2022
IA,GOVERNOR,19117,782,2599,2022
IA,GOVERNOR,19119,534,4438,2022
IA,GOVERNOR,19121,2077,5307,2022
IA,GOVERNOR,19123,1667,6299,2022
IA,GOVERNOR,19125,3808,10237,2022
IA,GOVERNOR,19127,4584,7544,2022
IA,GOVERNOR,19129,1487,4034,2022
IA,GOVERNOR,19131,1263,2899,2022
IA,GOVERNOR,19133,718,2555,2022
IA,GOVERNOR,19135,635,2266,2022
IA,GOVERNOR,19137,871,2602,2022
IA,GOVERNOR,19139,4950,7902,2022
IA,GOVERNOR,19141,776,4541,2022
IA,GOVERNOR,19143,245,2018,2022
IA,GOVERNOR,19145,1192,3796,2022
IA,GOVERNOR,19147,829,2706,2022
IA,GOVERNOR,19149,1643,8027,2022
IA,GOVERNOR,19151,532,2269,2022
IA,GOVERNOR,19153,100312,85542,2022
IA,GOVERNOR,19155,10318,18152,2022
IA,GOVERNOR,19157,2957,4491,2022
IA,GOVERNOR,19159,456,1574,2022
IA,GOVERNOR,19161,754,3135,2022
IA,GOVERNOR,19163,27530,34604,2022
IA,GOVERNOR,19165,1023,3570,2022
IA,GOVERNOR,19167,1280,12790,2022
IA,GOVERNOR,19169,19876,16214,2022
IA,GOVERNOR,19171,2053,4389,2022
IA,GOVERNOR,19173,405,1850,2022
IA,GOVERNOR,19175,1278,3180,2022
IA,GOVERNOR,19177,568,2189,2022
IA,GOVERNOR,19179,3397,6822,2022
IA,GOVERNOR,19181,8531,14631,2022
IA,GOVERNOR,19183,2937,5692,2022
IA,GOVERNOR,19185,406,1939,2022
IA,GOVERNOR,19187,3774,8028,2022
IA,GOVERNOR,19189,1301,2991,2022
IA,GOVERNOR,19191,3974,5530,2022
IA,GOVERNOR,19193,9053,18982,2022
IA,GOVERNOR,19195,1039,2123,2022
IA,GOVERNOR,19197,1071,3105,2022
IA,US SENATE,19001,887,2279,2022
IA,US SENATE,19003,467,1167,2022
IA,US SENATE,19005,1934,3806,2022
IA,US SENATE,19007,1349,3357,2022
IA,US SENATE,19009,760,1661,2022
IA,US SENATE,19011,3823,7502,2022
IA,US SENATE,19013,24036,23133,2022
IA,US SENATE,19015,4618,6456,2022
IA,US SENATE,19017,4345,6641,2022
IA,US SENATE,19019,3071,5085,2022
IA,US SENATE,19021,1518,3530,2022
IA,US SENATE,19023,1669,4334,2022
IA,US SENATE,19025,1027,2853,2022
IA,US SENATE,19027,2327,5773,2022
IA,US SENATE,19029,1502,3698,2022
IA,US SENATE,19031,3106,4806,2022
IA,US SENATE,19033,7644,9260,2022
IA,US SENATE,19035,1159,3338,2022
IA,US SENATE,19037,1665,3276,2022
IA,US SENATE,19039,1005,2332,2022
IA,US SENATE,19041,1795,4578,2022
IA,US SENATE,19043,2512,4839,2022
IA,US SENATE,19045,7213,9595,2022
IA,US SENATE,19047,1101,3289,2022
IA,US SENATE,19049,20757,23286,2022
IA,US SENATE,19051,764,2206,2022
IA,US SENATE,19053,794,1944,2022
IA,US SENATE,19055,2210,5423,2022
IA,US SENATE,19057,5836,7353,2022
IA,US SENATE,19059,2459,5821,2022
IA,US SENATE,19061,18020,20762,2022
IA,US SENATE,19063,935,2391,2022
IA,US SENATE,19065,2744,4784,2022
IA,US SENATE,19067,2247,3465,2022
IA,US SENATE,19069,1025,2558,2022
IA,US SENATE,19071,735,1861,2022
IA,US SENATE,19073,1218,2340,2022
IA,US SENATE,19075,1462,3909,2022
IA,US SENATE,19077,1549,3448,2022
IA,US SENATE,19079,1945,3757,2022
IA,US SENATE,19081,1194,3148,2022
IA,US SENATE,19083,2044,4539,2022
IA,US SENATE,19085,1548,3889,2022
IA,US SENATE,19087,2261,4602,2022
IA,US SENATE,19089,1221,2126,2022
IA,US SENATE,19091,931,2896,2022
IA,US SENATE,19093,588,2130,2022
IA,US SENATE,19095,2539,4803,2022
IA,US SENATE,19097,2816,4816,2022
IA,US SENATE,19099,5658,9298,2022
IA,US SENATE,19101,3214,3263,2022
IA,US SENATE,19103,45416,18245,2022
IA,US SENATE,19105,3041,5118,2022
IA,US SENATE,19107,949,2811,2022
IA,US SENATE,19109,1925,4781,2022
IA,US SENATE,19111,4476,6964,2022
IA,US SENATE,19113,51008,42551,2022
IA,US SENATE,19115,1038,2441,2022
IA,US SENATE,19117,937,2513,2022
IA,US SENATE,19119,662,4277,2022
IA,US SENATE,19121,2405,5064,2022
IA,US SENATE,19123,1936,6049,2022
IA,US SENATE,19125,4341,9799,2022
IA,US SENATE,19127,5060,7307,2022
IA,US SENATE,19129,1654,3937,2022
IA,US SENATE,19131,1479,2761,2022
IA,US SENATE,19133,879,2376,2022
IA,US SENATE,19135,762,2135,2022
IA,US SENATE,19137,1004,2509,2022
IA,US SENATE,19139,5550,7623,2022
IA,US SENATE,19141,972,4361,2022
IA,US SENATE,19143,346,1923,2022
IA,US SENATE,19145,1385,3707,2022
IA,US SENATE,19147,994,2586,2022
IA,US SENATE,19149,2053,7650,2022
IA,US SENATE,19151,658,2158,2022
IA,US SENATE,19153,107478,83279,2022
IA,US SENATE,19155,11173,17785,2022
IA,US SENATE,19157,3174,4325,2022
IA,US SENATE,19159,556,1484,2022
IA,US SENATE,19161,914,2999,2022
IA,US SENATE,19163,30655,32955,2022
IA,US SENATE,19165,1213,3401,2022
IA,US SENATE,19167,1694,12398,2022
IA,US SENATE,19169,21022,15870,2022
IA,US SENATE,19171,2373,4241,2022
IA,US SENATE,19173,487,1764,2022
IA,US SENATE,19175,1464,3035,2022
IA,US SENATE,19177,671,2097,2022
IA,US SENATE,19179,3837,6601,2022
IA,US SENATE,19181,9634,14052,2022
IA,US SENATE,19183,3235,5450,2022
IA,US SENATE,19185,514,1860,2022
IA,US SENATE,19187,4244,7704,2022
IA,US SENATE,19189,1478,2881,2022
IA,US SENATE,19191,4477,5094,2022
IA,US SENATE,19193,10409,18161,2022
IA,US SENATE,19195,1183,2031,2022
IA,US SENATE,19197,1268,2982,2022
CO,GOVERNOR,08001,99625,63960,2022
CO,GOVERNOR,08003,3022,2674,2022
CO,GOVERNOR,08005,162304,89656,2022
CO,GOVERNOR,08007,3641,3961,2022
CO,GOVERNOR,08009,298,1103,2022
CO,GOVERNOR,08011,627,1091,2022
CO,GOVERNOR,08013,132173,30454,2022
CO,GOVERNOR,08014,25006,11796,2022
CO,GOVERNOR,08015,6807,4646,2022
CO,GOVERNOR,08017,115,758,2022
CO,GOVERNOR,08019,3118,1919,2022
CO,GOVERNOR,08021,1659,1702,2022
CO,GOVERNOR,08023,1120,507,2022
CO,GOVERNOR,08025,405,861,2022
CO,GOVERNOR,08027,1140,2103,2022
CO,GOVERNOR,08029,5651,9753,2022
CO,GOVERNOR,08031,234250,46046,2022
CO,GOVERNOR,08033,348,806,2022
CO,GOVERNOR,08035,93022,94312,2022
CO,GOVERNOR,08037,15230,6661,2022
CO,GOVERNOR,08039,4118,11618,2022
CO,GOVERNOR,08041,133447,144384,2022
CO,GOVERNOR,08043,7165,12087,2022
CO,GOVERNOR,08045,13443,10444,2022
CO,GOVERNOR,08047,2023,1302,2022
CO,GOVERNOR,08049,4162,3649,2022
CO,GOVERNOR,08051,6184,2733,2022
CO,GOVERNOR,08053,246,251,2022
CO,GOVERNOR,08055,2102,1656,2022
CO,GOVERNOR,08057,140,526,2022
CO,GOVERNOR,08059,185398,108638,2022
CO,GOVERNOR,08061,99,562,2022
CO,GOVERNOR,08063,475,2465,2022
CO,GOVERNOR,08065,1899,991,2022
CO,GOVERNOR,08067,18350,10689,2022
CO,GOVERNOR,08069,105588,66749,2022
CO,GOVERNOR,08071,3411,3071,2022
CO,GOVERNOR,08073,390,1608,2022
CO,GOVERNOR,08075,1860,5925,2022
CO,GOVERNOR,08077,30571,40376,2022
CO,GOVERNOR,08079,320,362,2022
CO,GOVERNOR,08081,1058,4174,2022
CO,GOVERNOR,08083,5187,6772,2022
CO,GOVERNOR,08085,7529,12835,2022
CO,GOVERNOR,08087,2679,7090,2022
CO,GOVERNOR,08089,2951,4053,2022
CO,GOVERNOR,08091,2242,1255,2022
CO,GOVERNOR,08093,4463,5271,2022
CO,GOVERNOR,08095,384,1519,2022
CO,GOVERNOR,08097,7565,1907,2022
CO,GOVERNOR,08099,1139,2847,2022
CO,GOVERNOR,08101,36602,28645,2022
CO,GOVERNOR,08103,507,2408,2022
CO,GOVERNOR,08105,2140,2485,2022
CO,GOVERNOR,08107,9238,4415,2022
CO,GOVERNOR,08109,1580,1061,2022
CO,GOVERNOR,08111,372,154,2022
CO,GOVERNOR,08113,3199,815,2022
CO,GOVERNOR,08115,312,807,2022
CO,GOVERNOR,08117,10383,3650,2022
CO,GOVERNOR,08119,4843,8430,2022
CO,GOVERNOR,08121,314,1971,2022
CO,GOVERNOR,08123,52186,72542,2022
CO,GOVERNOR,08125,656,3079,2022
CO,US SENATE,08001,90483,63586,2022
CO,US SENATE,08003,2999,2734,2022
CO,US SENATE,08005,154678,96033,2022
CO,US SENATE,08007,3428,4099,2022
CO,US SENATE,08009,371,1303,2022
CO,US SENATE,08011,640,1104,2022
CO,US SENATE,08013,128227,33858,2022
CO,US SENATE,08014,23617,12975,2022
CO,US SENATE,08015,6607,4854,2022
CO,US SENATE,08017,120,763,2022
CO,US SENATE,08019,2966,2040,2022
CO,US SENATE,08021,1669,1704,2022
CO,US SENATE,08023,1108,518,2022
CO,US SENATE,08025,432,849,2022
CO,US SENATE,08027,1061,2112,2022
CO,US SENATE,08029,5400,9901,2022
CO,US SENATE,08031,228419,51582,2022
CO,US SENATE,08033,353,873,2022
CO,US SENATE,08035,85173,100978,2022
CO,US SENATE,08037,13960,7776,2022
CO,US SENATE,08039,3824,11897,2022
CO,US SENATE,08041,124024,149995,2022
CO,US SENATE,08043,6802,12285,2022
CO,US SENATE,08045,12777,10924,2022
CO,US SENATE,08047,1914,1385,2022
CO,US SENATE,08049,3912,3824,2022
CO,US SENATE,08051,5993,2905,2022
CO,US SENATE,08053,223,272,2022
CO,US SENATE,08055,2011,1705,2022
CO,US SENATE,08057,151,496,2022
CO,US SENATE,08059,176378,115978,2022
CO,US SENATE,08061,120,602,2022
CO,US SENATE,08063,531,2408,2022
CO,US SENATE,08065,1812,1067,2022
CO,US SENATE,08067,17711,11231,2022
CO,US SENATE,08069,100466,69573,2022
CO,US SENATE,08071,3291,3166,2022
CO,US SENATE,08073,401,1624,2022
CO,US SENATE,08075,1954,5980,2022
CO,US SENATE,08077,28732,41766,2022
CO,US SENATE,08079,310,369,2022
CO,US SENATE,08081,1069,4150,2022
CO,US SENATE,08083,5072,6960,2022
CO,US SENATE,08085,7255,12894,2022
CO,US SENATE,08087,2786,7000,2022
CO,US SENATE,08089,3052,3958,2022
CO,US SENATE,08091,2160,1327,2022
CO,US SENATE,08093,4234,5390,2022
CO,US SENATE,08095,400,1503,2022
CO,US SENATE,08097,7157,2281,2022
CO,US SENATE,08099,1172,2956,2022
CO,US SENATE,08101,35581,29493,2022
CO,US SENATE,08103,525,2391,2022
CO,US SENATE,08105,2136,2625,2022
CO,US SENATE,08107,8737,4836,2022
CO,US SENATE,08109,1577,1070,2022
CO,US SENATE,08111,350,164,2022
CO,US SENATE,08113,3110,888,2022
CO,US SENATE,08115,308,807,2022
CO,US SENATE,08117,9710,4211,2022
CO,US SENATE,08119,4515,8602,2022
CO,US SENATE,08121,347,1964,2022
CO,US SENATE,08123,50129,74043,2022
CO,US SENATE,08125,740,3086,2022
PA,GOVERNOR,42001,18821,26819,2022
PA,GOVERNOR,42003,393386,169913,2022
PA,GOVERNOR,42005,9523,18419,2022
PA,GOVERNOR,42007,36917,34777,2022
PA,GOVERNOR,42009,4721,17198,2022
PA,GOVERNOR,42011,78757,72185,2022
PA,GOVERNOR,42013,17716,31823,2022
PA,GOVERNOR,42015,7389,15529,2022
PA,GOVERNOR,42017,185339,122982,2022
PA,GOVERNOR,42019,40065,51546,2022
PA,GOVERNOR,42021,22885,32381,2022
PA,GOVERNOR,42023,639,1200,2022
PA,GOVERNOR,42025,10743,14943,2022
PA,GOVERNOR,42027,35653,25201,2022
PA,GOVERNOR,42029,160796,92585,2022
PA,GOVERNOR,42031,5114,10019,2022
PA,GOVERNOR,42033,10326,20525,2022
PA,GOVERNOR,42035,5293,8512,2022
PA,GOVERNOR,42037,10148,13959,2022
PA,GOVERNOR,42039,12609,19541,2022
PA,GOVERNOR,42041,61319,52280,2022
PA,GOVERNOR,42043,68585,43580,2022
PA,GOVERNOR,42045,170162,76880,2022
PA,GOVERNOR,42047,4843,8597,2022
PA,GOVERNOR,42049,63081,40433,2022
PA,GOVERNOR,42051,20120,26165,2022
PA,GOVERNOR,42053,825,1340,2022
PA,GOVERNOR,42055,21612,42731,2022
PA,GOVERNOR,42057,1128,5092,2022
PA,GOVERNOR,42059,5142,7706,2022
PA,GOVERNOR,42061,5597,12579,2022
PA,GOVERNOR,42063,13032,19179,2022
PA,GOVERNOR,42065,5038,12433,2022
PA,GOVERNOR,42067,2761,6851,2022
PA,GOVERNOR,42069,54442,32697,2022
PA,GOVERNOR,42071,108233,112040,2022
PA,GOVERNOR,42073,15918,19471,2022
PA,GOVERNOR,42075,23646,31731,2022
PA,GOVERNOR,42077,79991,53468,2022
PA,GOVERNOR,42079,57598,56326,2022
PA,GOVERNOR,42081,15643,29755,2022
PA,GOVERNOR,42083,4392,10082,2022
PA,GOVERNOR,42085,18282,26273,2022
PA,GOVERNOR,42087,5119,11460,2022
PA,GOVERNOR,42089,32009,25604,2022
PA,GOVERNOR,42091,285712,121289,2022
PA,GOVERNOR,42093,3640,4037,2022
PA,GOVERNOR,42095,72269,54928,2022
PA,GOVERNOR,42097,12052,19094,2022
PA,GOVERNOR,42099,6912,12928,2022
PA,GOVERNOR,42101,426885,65293,2022
PA,GOVERNOR,42103,10339,14371,2022
PA,GOVERNOR,42105,1513,5235,2022
PA,GOVERNOR,42107,21203,33008,2022
PA,GOVERNOR,42109,4867,10215,2022
PA,GOVERNOR,42111,9473,22559,2022
PA,GOVERNOR,42113,1024,1923,2022
PA,GOVERNOR,42115,5768,11153,2022
PA,GOVERNOR,42117,4494,11840,2022
PA,GOVERNOR,42119,6898,8897,2022
PA,GOVERNOR,42121,7777,12741,2022
PA,GOVERNOR,42123,6032,9704,2022
PA,GOVERNOR,42125,45030,47052,2022
PA,GOVERNOR,42127,8466,13868,2022
PA,GOVERNOR,42129,77152,87804,2022
PA,GOVERNOR,42131,4519,6966,2022
PA,GOVERNOR,42133,83649,98622,2022
PA,US SENATE,42001,16096,29039,2022
PA,US SENATE,42003,363873,200632,2022
PA,US SENATE,42005,8065,19575,2022
PA,US SENATE,42007,32692,38772,2022
PA,US SENATE,42009,3796,17954,2022
PA,US SENATE,42011,71349,78019,2022
PA,US SENATE,42013,14763,34214,2022
PA,US SENATE,42015,6632,16033,2022
PA,US SENATE,42017,164536,141340,2022
PA,US SENATE,42019,33921,57168,2022
PA,US SENATE,42021,18849,35847,2022
PA,US SENATE,42023,547,1247,2022
PA,US SENATE,42025,9682,15659,2022
PA,US SENATE,42027,32597,27902,2022
PA,US SENATE,42029,147559,104020,2022
PA,US SENATE,42031,4327,10620,2022
PA,US SENATE,42033,8533,21948,2022
PA,US SENATE,42035,4750,8791,2022
PA,US SENATE,42037,9023,14830,2022
PA,US SENATE,42039,11081,20992,2022
PA,US SENATE,42041,53278,59663,2022
PA,US SENATE,42043,61599,50141,2022
PA,US SENATE,42045,157599,87322,2022
PA,US SENATE,42047,4066,9128,2022
PA,US SENATE,42049,56404,46507,2022
PA,US SENATE,42051,17731,28234,2022
PA,US SENATE,42053,694,1434,2022
PA,US SENATE,42055,18718,44819,2022
PA,US SENATE,42057,953,5171,2022
PA,US SENATE,42059,4394,8348,2022
PA,US SENATE,42061,4665,13035,2022
PA,US SENATE,42063,11218,20769,2022
PA,US SENATE,42065,4135,13139,2022
PA,US SENATE,42067,2111,7265,2022
PA,US SENATE,42069,50489,36534,2022
PA,US SENATE,42071,94632,124798,2022
PA,US SENATE,42073,13658,21384,2022
PA,US SENATE,42075,19695,35023,2022
PA,US SENATE,42077,73096,59219,2022
PA,US SENATE,42079,51504,61978,2022
PA,US SENATE,42081,13573,31171,2022
PA,US SENATE,42083,4135,10076,2022
PA,US SENATE,42085,17080,27049,2022
PA,US SENATE,42087,3965,12263,2022
PA,US SENATE,42089,30251,26746,2022
PA,US SENATE,42091,260207,143077,2022
PA,US SENATE,42093,3213,4328,2022
PA,US SENATE,42095,66565,59860,2022
PA,US SENATE,42097,10812,20992,2022
PA,US SENATE,42099,5646,13956,2022
PA,US SENATE,42101,412246,78386,2022
PA,US SENATE,42103,9821,14792,2022
PA,US SENATE,42105,1415,5486,2022
PA,US SENATE,42107,17954,35293,2022
PA,US SENATE,42109,4220,10657,2022
PA,US SENATE,42111,7660,23964,2022
PA,US SENATE,42113,869,2023,2022
PA,US SENATE,42115,5245,11520,2022
PA,US SENATE,42117,4103,11988,2022
PA,US SENATE,42119,6249,9401,2022
PA,US SENATE,42121,6777,13406,2022
PA,US SENATE,42123,5420,10175,2022
PA,US SENATE,42125,39684,52337,2022
PA,US SENATE,42127,7669,14425,2022
PA,US SENATE,42129,66240,98238,2022
PA,US SENATE,42131,4059,7338,2022
PA,US SENATE,42133,71929,109631,2022
FL,US SENATE,12001,74442,40595,2018
FL,US SENATE,12003,1943,8580,2018
FL,US SENATE,12005,16723,46681,2018
FL,US SENATE,12007,2879,7576,2018
FL,US SENATE,12009,121112,160305,2018
FL,US SENATE,12011,471829,211261,2018
FL,US SENATE,12013,1033,3586,2018
FL,US SENATE,12015,33525,52916,2018
FL,US SENATE,12017,22660,48008,2018
FL,US SENATE,12019,27706,65627,2018
FL,US SENATE,12021,54390,101266,2018
FL,US SENATE,12023,7503,17230,2018
FL,US SENATE,12027,3326,5502,2018
FL,US SENATE,12029,1318,4441,2018
FL,US SENATE,12031,192381,185904,2018
FL,US SENATE,12033,52874,75931,2018
FL,US SENATE,12035,21419,31467,2018
FL,US SENATE,12037,2011,3404,2018
FL,US SENATE,12039,13942,6053,2018
FL,US SENATE,12041,1633,5703,2018
FL,US SENATE,12043,1156,2666,2018
FL,US SENATE,12045,1580,4321,2018
FL,US SENATE,12047,1671,2856,2018
FL,US SENATE,12049,1915,4454,2018
FL,US SENATE,12051,3542,5304,2018
FL,US SENATE,12053,30796,49494,2018
FL,US SENATE,12055,13398,26282,2018
FL,US SENATE,12057,281567,239622,2018
FL,US SENATE,12059,856,5919,2018
FL,US SENATE,12061,29173,44784,2018
FL,US SENATE,12063,5182,10791,2018
FL,US SENATE,12065,3624,3699,2018
FL,US SENATE,12067,621,2194,2018
FL,US SENATE,12069,61402,93537,2018
FL,US SENATE,12071,114815,174276,2018
FL,US SENATE,12073,91077,48760,2018
FL,US SENATE,12075,5317,11657,2018
FL,US SENATE,12077,631,2075,2018
FL,US SENATE,12079,3423,4183,2018
FL,US SENATE,12081,68842,94358,2018
FL,US SENATE,12083,58989,95553,2018
FL,US SENATE,12085,30690,46734,2018
FL,US SENATE,12086,485418,316056,2018
FL,US SENATE,12087,18050,18032,2018
FL,US SENATE,12089,11695,31791,2018
FL,US SENATE,12091,22902,60924,2018
FL,US SENATE,12093,3494,7727,2018
FL,US SENATE,12095,294076,180740,2018
FL,US SENATE,12097,67085,47886,2018
FL,US SENATE,12099,344008,244850,2018
FL,US SENATE,12101,89425,121191,2018
FL,US SENATE,12103,228625,205905,2018
FL,US SENATE,12105,105664,138710,2018
FL,US SENATE,12107,9342,18689,2018
FL,US SENATE,12109,45610,85032,2018
FL,US SENATE,12111,63962,59608,2018
FL,US SENATE,12113,19047,56374,2018
FL,US SENATE,12115,96961,113612,2018
FL,US SENATE,12117,101471,97447,2018
FL,US SENATE,12119,21664,52857,2018
FL,US SENATE,12121,4044,11842,2018
FL,US SENATE,12123,2264,5642,2018
FL,US SENATE,12125,1197,3650,2018
FL,US SENATE,12127,102775,125719,2018
FL,US SENATE,12129,4868,9322,2018
FL,US SENATE,12131,7485,22776,2018
FL,US SENATE,12133,1959,7101,2018
PA,US SENATE,42001,14880,23419,2018
PA,US SENATE,42003,355907,176351,2018
PA,US SENATE,42005,8570,15449,2018
PA,US SENATE,42007,34442,31916,2018
PA,US SENATE,42009,4567,14044,2018
PA,US SENATE,42011,73714,68159,2018
PA,US SENATE,42013,14599,27826,2018
PA,US SENATE,42015,6926,13032,2018
PA,US SENATE,42017,165408,124133,2018
PA,US SENATE,42019,31010,46875,2018
PA,US SENATE,42021,21590,27367,2018
PA,US SENATE,42023,653,1080,2018
PA,US SENATE,42025,8739,13519,2018
PA,US SENATE,42027,34778,24332,2018
PA,US SENATE,42029,140138,92380,2018
PA,US SENATE,42031,4924,8838,2018
PA,US SENATE,42033,9540,16852,2018
PA,US SENATE,42035,5289,6869,2018
PA,US SENATE,42037,8837,13437,2018
PA,US SENATE,42039,11720,17813,2018
PA,US SENATE,42041,47738,54525,2018
PA,US SENATE,42043,59533,47152,2018
PA,US SENATE,42045,163216,84423,2018
PA,US SENATE,42047,4498,6610,2018
PA,US SENATE,42049,58906,40348,2018
PA,US SENATE,42051,19563,20514,2018
PA,US SENATE,42053,693,1201,2018
PA,US SENATE,42055,17385,36735,2018
PA,US SENATE,42057,1061,4173,2018
PA,US SENATE,42059,5819,6422,2018
PA,US SENATE,42061,5126,10491,2018
PA,US SENATE,42063,12702,16314,2018
PA,US SENATE,42065,4437,10872,2018
PA,US SENATE,42067,2412,5853,2018
PA,US SENATE,42069,51444,31922,2018
PA,US SENATE,42071,90521,107454,2018
PA,US SENATE,42073,14324,17375,2018
PA,US SENATE,42075,18368,29836,2018
PA,US SENATE,42077,73632,52576,2018
PA,US SENATE,42079,49200,58040,2018
PA,US SENATE,42081,13893,26488,2018
PA,US SENATE,42083,3972,8285,2018
PA,US SENATE,42085,18136,22290,2018
PA,US SENATE,42087,3934,9564,2018
PA,US SENATE,42089,30626,23968,2018
PA,US SENATE,42091,248454,126666,2018
PA,US SENATE,42093,2966,3943,2018
PA,US SENATE,42095,62275,50385,2018
PA,US SENATE,42097,10524,17926,2018
PA,US SENATE,42099,5186,11607,2018
PA,US SENATE,42101,481467,66653,2018
PA,US SENATE,42103,8696,11772,2018
PA,US SENATE,42105,1537,4564,2018
PA,US SENATE,42107,17691,30452,2018
PA,US SENATE,42109,4322,8826,2018
PA,US SENATE,42111,9322,18896,2018
PA,US SENATE,42113,962,1720,2018
PA,US SENATE,42115,5521,10112,2018
PA,US SENATE,42117,4145,10242,2018
PA,US SENATE,42119,5901,8317,2018
PA,US SENATE,42121,6945,11210,2018
PA,US SENATE,42123,5390,8734,2018
PA,US SENATE,42125,39220,41958,2018
PA,US SENATE,42127,7625,12269,2018
PA,US SENATE,42129,63956,79379,2018
PA,US SENATE,42131,3868,6582,2018
PA,US SENATE,42133,69272,95814,2018
CA,GOVERNOR,06001,462558,111677,2018
CA,GOVERNOR,06003,386,229,2018
CA,GOVERNOR,06005,6237,11356,2018
CA,GOVERNOR,06007,41500,47226,2018
CA,GOVERNOR,06009,7765,13845,2018
CA,GOVERNOR,06011,1999,3764,2018
CA,GOVERNOR,06013,283805,132345,2018
CA,GOVERNOR,06015,3441,4887,2018
CA,GOVERNOR,06017,36297,53140,2018
CA,GOVERNOR,06019,124332,128974,2018
CA,GOVERNOR,06021,2424,5908,2018
CA,GOVERNOR,06023,33455,18418,2018
CA,GOVERNOR,06025,20573,12785,2018
CA,GOVERNOR,06027,3244,4018,2018
CA,GOVERNOR,06029,83507,119870,2018
CA,GOVERNOR,06031,12275,17976,2018
CA,GOVERNOR,06033,10869,10280,2018
CA,GOVERNOR,06035,2043,6973,2018
CA,GOVERNOR,06037,2114699,826402,2018
CA,GOVERNOR,06039,15037,23488,2018
CA,GOVERNOR,06041,103671,26750,2018
CA,GOVERNOR,06043,3183,5043,2018
CA,GOVERNOR,06045,22152,11255,2018
CA,GOVERNOR,06047,30783,28424,2018
CA,GOVERNOR,06049,820,2628,2018
CA,GOVERNOR,06051,2706,2147,2018
CA,GOVERNOR,06053,76648,39516,2018
CA,GOVERNOR,06055,36513,19834,2018
CA,GOVERNOR,06057,27985,24882,2018
CA,GOVERNOR,06059,543047,539951,2018
CA,GOVERNOR,06061,72270,103157,2018
CA,GOVERNOR,06063,3433,5807,2018
CA,GOVERNOR,06065,319845,322243,2018
CA,GOVERNOR,06067,302696,212010,2018
CA,GOVERNOR,06069,11274,8815,2018
CA,GOVERNOR,06071,276874,260379,2018
CA,GOVERNOR,06073,658346,499532,2018
CA,GOVERNOR,06075,312181,49181,2018
CA,GOVERNOR,06077,101474,92966,2018
CA,GOVERNOR,06079,65117,61137,2018
CA,GOVERNOR,06081,213282,70242,2018
CA,GOVERNOR,06083,93841,61300,2018
CA,GOVERNOR,06085,438758,175791,2018
CA,GOVERNOR,06087,91523,27665,2018
CA,GOVERNOR,06089,20256,49825,2018
CA,GOVERNOR,06091,599,1068,2018
CA,GOVERNOR,06093,7218,10946,2018
CA,GOVERNOR,06095,89694,56627,2018
CA,GOVERNOR,06097,152040,58338,2018
CA,GOVERNOR,06099,77220,79751,2018
CA,GOVERNOR,06101,11122,18953,2018
CA,GOVERNOR,06103,5756,15137,2018
CA,GOVERNOR,06105,2250,3075,2018
CA,GOVERNOR,06107,42702,57012,2018
CA,GOVERNOR,06109,9294,14580,2018
CA,GOVERNOR,06111,171729,137393,2018
CA,GOVERNOR,06113,49759,23611,2018
CA,GOVERNOR,06115,6903,12293,2018
CO,GOVERNOR,08001,93449,69465,2018
CO,GOVERNOR,08003,3039,2696,2018
CO,GOVERNOR,08005,155056,106833,2018
CO,GOVERNOR,08007,2800,3736,2018
CO,GOVERNOR,08009,331,1454,2018
CO,GOVERNOR,08011,638,1094,2018
CO,GOVERNOR,08013,133116,38423,2018
CO,GOVERNOR,08014,21405,13582,2018
CO,GOVERNOR,08015,5461,5018,2018
CO,GOVERNOR,08017,138,809,2018
CO,GOVERNOR,08019,2932,2215,2018
CO,GOVERNOR,08021,1652,1756,2018
CO,GOVERNOR,08023,1012,510,2018
CO,GOVERNOR,08025,400,888,2018
CO,GOVERNOR,08027,895,1869,2018
CO,GOVERNOR,08029,4817,9699,2018
CO,GOVERNOR,08031,238762,60151,2018
CO,GOVERNOR,08033,270,868,2018
CO,GOVERNOR,08035,71573,99123,2018
CO,GOVERNOR,08037,13802,7804,2018
CO,GOVERNOR,08039,3242,10859,2018
CO,GOVERNOR,08041,109154,155006,2018
CO,GOVERNOR,08043,6022,12574,2018
CO,GOVERNOR,08045,11791,11436,2018
CO,GOVERNOR,08047,1809,1407,2018
CO,GOVERNOR,08049,3596,3837,2018
CO,GOVERNOR,08051,5526,2927,2018
CO,GOVERNOR,08053,218,318,2018
CO,GOVERNOR,08055,1798,1647,2018
CO,GOVERNOR,08057,176,564,2018
CO,GOVERNOR,08059,166455,127038,2018
CO,GOVERNOR,08061,94,638,2018
CO,GOVERNOR,08063,547,2417,2018
CO,GOVERNOR,08065,1678,998,2018
CO,GOVERNOR,08067,15859,11727,2018
CO,GOVERNOR,08069,98361,75002,2018
CO,GOVERNOR,08071,2949,3008,2018
CO,GOVERNOR,08073,358,1619,2018
CO,GOVERNOR,08075,1867,6349,2018
CO,GOVERNOR,08077,23873,41193,2018
CO,GOVERNOR,08079,259,319,2018
CO,GOVERNOR,08081,946,4228,2018
CO,GOVERNOR,08083,4403,6933,2018
CO,GOVERNOR,08085,5855,12466,2018
CO,GOVERNOR,08087,2844,7329,2018
CO,GOVERNOR,08089,2913,4076,2018
CO,GOVERNOR,08091,1868,1237,2018
CO,GOVERNOR,08093,3645,5452,2018
CO,GOVERNOR,08095,397,1583,2018
CO,GOVERNOR,08097,7244,2354,2018
CO,GOVERNOR,08099,1090,2898,2018
CO,GOVERNOR,08101,33674,29545,2018
CO,GOVERNOR,08103,488,2473,2018
CO,GOVERNOR,08105,1912,2795,2018
CO,GOVERNOR,08107,8163,4787,2018
CO,GOVERNOR,08109,1529,1014,2018
CO,GOVERNOR,08111,271,167,2018
CO,GOVERNOR,08113,3047,923,2018
CO,GOVERNOR,08115,290,859,2018
CO,GOVERNOR,08117,9499,4243,2018
CO,GOVERNOR,08119,3986,8409,2018
CO,GOVERNOR,08121,294,2004,2018
CO,GOVERNOR,08123,46653,72886,2018
CO,GOVERNOR,08125,697,3264,2018
FL,GOVERNOR,12001,72701,41285,2018
FL,GOVERNOR,12003,1760,8688,2018
FL,GOVERNOR,12005,16757,45709,2018
FL,GOVERNOR,12007,2671,7698,2018
FL,GOVERNOR,12009,114921,162213,2018
FL,GOVERNOR,12011,482152,222012,2018
FL,GOVERNOR,12013,923,3576,2018
FL,GOVERNOR,12015,31248,54102,2018
FL,GOVERNOR,12017,21197,47729,2018
FL,GOVERNOR,12019,28151,64404,2018
FL,GOVERNOR,12021,53594,100303,2018
FL,GOVERNOR,12023,7108,17425,2018
FL,GOVERNOR,12027,3058,5663,2018
FL,GOVERNOR,12029,1007,4662,2018
FL,GOVERNOR,12031,196612,179902,2018
FL,GOVERNOR,12033,52835,74718,2018
FL,GOVERNOR,12035,21183,30951,2018
FL,GOVERNOR,12037,1794,3516,2018
FL,GOVERNOR,12039,13718,6204,2018
FL,GOVERNOR,12041,1282,5975,2018
FL,GOVERNOR,12043,1095,2647,2018
FL,GOVERNOR,12045,1511,4265,2018
FL,GOVERNOR,12047,1591,2908,2018
FL,GOVERNOR,12049,1802,4485,2018
FL,GOVERNOR,12051,3516,5177,2018
FL,GOVERNOR,12053,29431,49674,2018
FL,GOVERNOR,12055,12783,26285,2018
FL,GOVERNOR,12057,281598,234835,2018
FL,GOVERNOR,12059,737,5940,2018
FL,GOVERNOR,12061,28460,44924,2018
FL,GOVERNOR,12063,5019,10771,2018
FL,GOVERNOR,12065,3376,3877,2018
FL,GOVERNOR,12067,419,2363,2018
FL,GOVERNOR,12069,60289,92633,2018
FL,GOVERNOR,12071,111198,174078,2018
FL,GOVERNOR,12073,88770,49947,2018
FL,GOVERNOR,12075,4718,12084,2018
FL,GOVERNOR,12077,526,2059,2018
FL,GOVERNOR,12079,3237,4347,2018
FL,GOVERNOR,12081,67615,93235,2018
FL,GOVERNOR,12083,57388,94897,2018
FL,GOVERNOR,12085,29148,47849,2018
FL,GOVERNOR,12086,479197,311792,2018
FL,GOVERNOR,12087,17176,18508,2018
FL,GOVERNOR,12089,11472,31703,2018
FL,GOVERNOR,12091,22408,59940,2018
FL,GOVERNOR,12093,3306,7730,2018
FL,GOVERNOR,12095,296297,174253,2018
FL,GOVERNOR,12097,68721,44634,2018
FL,GOVERNOR,12099,341409,241016,2018
FL,GOVERNOR,12101,86382,120754,2018
FL,GOVERNOR,12103,220826,207667,2018
FL,GOVERNOR,12105,104045,136717,2018
FL,GOVERNOR,12107,9011,18721,2018
FL,GOVERNOR,12109,46208,83664,2018
FL,GOVERNOR,12111,63606,58994,2018
FL,GOVERNOR,12113,18207,56148,2018
FL,GOVERNOR,12115,95014,113261,2018
FL,GOVERNOR,12117,100201,96630,2018
FL,GOVERNOR,12119,21843,51801,2018
FL,GOVERNOR,12121,3450,12234,2018
FL,GOVERNOR,12123,1877,5942,2018
FL,GOVERNOR,12125,973,3842,2018
FL,GOVERNOR,12127,100486,124811,2018
FL,GOVERNOR,12129,4194,9802,2018
FL,GOVERNOR,12131,7019,22925,2018
FL,GOVERNOR,12133,1865,7017,2018
PA,GOVERNOR,42001,15862,22501,2018
PA,GOVERNOR,42003,364710,168893,2018
PA,GOVERNOR,42005,8839,15373,2018
PA,GOVERNOR,42007,36166,30593,2018
PA,GOVERNOR,42009,4408,14261,2018
PA,GOVERNOR,42011,76136,65756,2018
PA,GOVERNOR,42013,14622,28175,2018
PA,GOVERNOR,42015,6852,13068,2018
PA,GOVERNOR,42017,172302,117912,2018
PA,GOVERNOR,42019,32891,45242,2018
PA,GOVERNOR,42021,21639,27530,2018
PA,GOVERNOR,42023,619,1127,2018
PA,GOVERNOR,42025,9659,12476,2018
PA,GOVERNOR,42027,34961,24353,2018
PA,GOVERNOR,42029,145212,87873,2018
PA,GOVERNOR,42031,5191,8594,2018
PA,GOVERNOR,42033,9235,17241,2018
PA,GOVERNOR,42035,5517,6727,2018
PA,GOVERNOR,42037,9822,12424,2018
PA,GOVERNOR,42039,12137,17859,2018
PA,GOVERNOR,42041,52807,49496,2018
PA,GOVERNOR,42043,64045,42436,2018
PA,GOVERNOR,42045,167211,80576,2018
PA,GOVERNOR,42047,4206,6918,2018
PA,GOVERNOR,42049,60790,39387,2018
PA,GOVERNOR,42051,19791,20471,2018
PA,GOVERNOR,42053,746,1159,2018
PA,GOVERNOR,42055,18447,35634,2018
PA,GOVERNOR,42057,1037,4202,2018
PA,GOVERNOR,42059,5844,6381,2018
PA,GOVERNOR,42061,5037,10586,2018
PA,GOVERNOR,42063,12715,16179,2018
PA,GOVERNOR,42065,4277,11036,2018
PA,GOVERNOR,42067,2550,5780,2018
PA,GOVERNOR,42069,54237,28616,2018
PA,GOVERNOR,42071,96040,102229,2018
PA,GOVERNOR,42073,15035,16714,2018
PA,GOVERNOR,42075,20159,28096,2018
PA,GOVERNOR,42077,77248,49071,2018
PA,GOVERNOR,42079,55734,50701,2018
PA,GOVERNOR,42081,14727,25570,2018
PA,GOVERNOR,42083,3899,8512,2018
PA,GOVERNOR,42085,18200,22211,2018
PA,GOVERNOR,42087,4127,9408,2018
PA,GOVERNOR,42089,32064,22530,2018
PA,GOVERNOR,42091,256252,120206,2018
PA,GOVERNOR,42093,3228,3642,2018
PA,GOVERNOR,42095,65749,47527,2018
PA,GOVERNOR,42097,12135,16122,2018
PA,GOVERNOR,42099,5905,10915,2018
PA,GOVERNOR,42101,484124,64514,2018
PA,GOVERNOR,42103,9074,11408,2018
PA,GOVERNOR,42105,1452,4687,2018
PA,GOVERNOR,42107,21179,26640,2018
PA,GOVERNOR,42109,4833,8283,2018
PA,GOVERNOR,42111,9138,19020,2018
PA,GOVERNOR,42113,977,1661,2018
PA,GOVERNOR,42115,5273,10137,2018
PA,GOVERNOR,42117,3991,10472,2018
PA,GOVERNOR,42119,6426,7676,2018
PA,GOVERNOR,42121,7431,10856,2018
PA,GOVERNOR,42123,5447,8766,2018
PA,GOVERNOR,42125,39898,40662,2018
PA,GOVERNOR,42127,8023,11751,2018
PA,GOVERNOR,42129,68146,76413,2018
PA,GOVERNOR,42131,4101,6344,2018
PA,GOVERNOR,42133,75313,90590,2018
