level,year,office,state_po,district,actual,margin_median,fundamentals_mean,miss,fmiss,dreg,dreg_rel,poll_count
statewide,2010,SEN,FL,0,-41.53357375693393,-19.3460856148549,-11.8101798646975,-22.187488142079033,-29.723393892236434,-0.5722987111700064,1.0289962630033542,6
statewide,2010,SEN,IA,0,-31.79453913704089,-32.06159813942544,-33.91742526006858,0.2670590023845527,2.122886123027694,-3.064832029257875,-1.4635370550845141,1
statewide,2010,SEN,NC,0,-12.02295706690433,-18.43210164252705,-14.112021761740552,6.4091445756227206,2.089064694836221,-0.7322133900110401,0.8690815841623205,3
statewide,2010,GOV,FL,0,-1.2422360248447162,-0.3496047943480475,-11.8101798646975,-0.8926312304966687,10.567943839852783,-0.5722987111700064,1.0289962630033542,6
statewide,2010,GOV,IA,0,-9.999999999999996,-14.03902562722078,0.9447610354251113,4.039025627220784,-10.944761035425108,-3.064832029257875,-1.4635370550845141,1
statewide,2012,SEN,FL,0,13.345297340747944,8.691930128919482,7.063690696821699,4.653367211828462,6.281606643926245,-1.3570263905311473,0.07095112559327488,11
statewide,2012,GOV,NC,0,-11.656441717791408,-10.966050585165087,-8.605323634576477,-0.6903911326263206,-3.0511180832149307,-1.498928641717697,-0.07095112559327488,4
statewide,2014,SEN,CO,0,-2.0584058661040383,-2.2877383173712387,-0.1597895210465132,0.22933245126720037,-1.898616345057525,-0.7377157424031919,-0.1823285000929462,6
statewide,2014,SEN,IA,0,-8.698964398007286,-1.8966610608422745,-3.1367125815289705,-6.802303337165012,-5.562251816478316,-0.8732475742934029,-0.3178603319831572,8
statewide,2014,SEN,NC,0,-1.6283279362778529,1.9396448158776451,-4.022369064586506,-3.567972752155498,2.394041128308653,-0.9133360817260101,-0.3579488394157644,9
statewide,2014,GOV,CA,0,20.0,23.345193662761474,25.45050737132539,-3.3451936627614742,-5.45050737132539,0.8800892756639129,1.4354765179741587,2
statewide,2014,GOV,CO,0,3.46274921301154,-0.4132524655956282,3.973858647865997,3.8760016786071683,-0.5111094348544571,-0.7377157424031919,-0.1823285000929462,4
statewide,2014,GOV,FL,0,-1.050420168067227,-2.206014825939369,-6.568990479599933,1.155594657872142,5.518570311532707,-0.6697393744603155,-0.11435213215006979,10
statewide,2014,GOV,IA,0,-22.533748701973007,-14.065056635582138,-15.47887042292137,-8.468692066390869,-7.054878279051637,-0.8732475742934029,-0.3178603319831572,4
statewide,2014,GOV,PA,0,9.799999999999995,11.585475965674254,-15.72165814187093,-1.7854759656742587,25.521658141870926,-0.5181851245663633,0.03720211774388238,5
statewide,2016,SEN,CO,0,6.008906322746699,7.417248056416783,9.417523067013136,-1.4083417336700839,-3.4086167442664363,1.4219912665822414,3.233556583522148,6
statewide,2016,SEN,FL,0,-7.961156507461697,-10.636521906202155,-24.792999836569795,2.6753653987404586,16.831843329108096,-1.9456650430579079,-0.13409972611800147,8
statewide,2016,SEN,IA,0,-25.520530110127844,-15.7962041521289,-18.181807432165485,-9.724325957998945,-7.338722677962359,-1.5858610977446703,0.2257042191952361,3
statewide,2016,SEN,NC,0,-5.907120107897773,-2.453191052500752,-10.230774326177508,-3.453929055397021,4.323654218279735,-2.960802451876326,-1.1492371349364194,10
statewide,2016,SEN,PA,0,-1.4903603649758266,0.7440540405839577,-2.77040052657397,-2.234414405559784,1.2800401615981436,-2.83825212366645,-1.0266868067265438,8
statewide,2016,GOV,NC,0,0.2044989775051154,-1.4616870189916429,-18.4965595331385,1.6661859964967582,18.701058510643616,-2.960802451876326,-1.1492371349364194,8
statewide,2018,SEN,FL,0,-0.1225183560779325,4.996621181635928,9.0141052741203,-5.119139537713861,-9.136623630198233,-0.5626919369391197,-0.5064390931821149,41
statewide,2018,SEN,PA,0,13.085564092459116,13.9447522305479,12.404230995891458,-0.8591881380887845,0.6813330965676574,-0.7427644648384817,-0.6865116210814769,15
statewide,2018,GOV,CA,0,23.8,18.773463568990948,36.93484958282567,5.026536431009053,-13.13484958282567,0.4900281782053604,0.5462810219623652,11
statewide,2018,GOV,CO,0,11.018711018711022,10.098529600293125,10.423087975695733,0.9201814184178971,0.5956230430152889,1.1879789651100139,1.2442318088670186,4
statewide,2018,GOV,FL,0,-0.4048582995951402,4.7543256916099885,3.840187176584344,-5.159183991205129,-4.2450454761794845,-0.5626919369391197,-0.5064390931821149,16
statewide,2018,GOV,IA,0,-2.862985685071572,-6.076165454837262,-15.328176629034932,3.2131797697656896,12.46519094396336,0.5391357539407953,0.5953885976978001,3
statewide,2018,GOV,PA,0,17.360406091370553,18.652391493789967,24.307436240237056,-1.2919854024194137,-6.947030148866503,-0.7427644648384817,-0.6865116210814769,11
statewide,2020,SEN,CO,0,9.54316988577507,4.814110085568821,5.020422385096532,4.729059800206249,4.522747500678538,2.4542240170169842,3.683445614833824,13
statewide,2020,SEN,IA,0,-6.7992463527622204,-4.526475611844903,-12.66711289894092,-2.2727707409173172,5.867866546178699,0.6749439664077963,1.9041655642246362,17
statewide,2020,SEN,NC,0,-1.8266039392516145,2.5934978966021847,-0.5352575689255639,-4.420101835853799,-1.2913463703260506,-4.02302718734607,-2.79380558952923,67
statewide,2020,GOV,NC,0,4.568527918781726,10.916629949882632,12.06115897530796,-6.348102031100906,-7.492631056526234,-4.02302718734607,-2.79380558952923,46
statewide,2022,SEN,CA,0,22.129006377004053,24.14175402669309,24.127380381715238,-2.012747649689036,-1.9983740047111844,1.0878536161668855,2.4192369183934606,0
statewide,2022,SEN,CO,0,15.047246386477951,11.85239906026638,14.588224926454064,3.194847326211571,0.45902146002388733,0.5502876128054535,1.8816709150320283,9
statewide,2022,SEN,FL,0,-16.587594994456364,-6.750657747420743,-12.11304736719076,-9.836937247035621,-4.474547627265604,-3.0389547192974904,-1.7075714170709155,38
statewide,2022,SEN,IA,0,-12.196840548191476,-13.618619818835557,-20.68298520658398,1.4217792706440804,8.486144658392503,-3.7816772591229384,-2.4502939568963633,5
statewide,2022,SEN,NC,0,-3.299253218639858,-1.0652305024167386,-4.917345818547967,-2.2340227162231194,1.6180925999081093,-1.5795481226389212,-0.24816482041234633,22
statewide,2022,SEN,PA,0,5.035095542957678,5.070485805412142,-3.657596522478618,-0.03539026245446397,8.692692065436296,-1.350343351478612,-0.018960049252037203,24
statewide,2022,GOV,CA,0,18.40000000000001,21.357774614638792,18.410338084699774,-2.957774614638783,-0.010338084699764494,1.0878536161668855,2.4192369183934606,3
statewide,2022,GOV,CO,0,19.75435005117707,16.348054918739674,17.543057735775747,3.4062951324373962,2.211292315401323,0.5502876128054535,1.8816709150320283,9
statewide,2022,GOV,FL,0,-19.51710261569416,-5.594380229992328,-24.838707066137637,-13.922722385701832,5.321604450443477,-3.0389547192974904,-1.7075714170709155,41
statewide,2022,GOV,IA,0,-18.97435897435897,-17.42348676703879,-23.468982801098107,-1.5508722073201824,4.4946238267391365,-3.7816772591229384,-2.4502939568963633,4
statewide,2022,GOV,PA,0,15.071283095723013,8.089084104670803,-1.0911262221730995,6.9821989910522095,16.162409317896113,-1.350343351478612,-0.018960049252037203,23
statewide,2024,SEN,CA,0,17.7450343823894,24.25972266671021,24.09314838624392,-6.514688284320812,-6.348114003854523,-1.0593594779679592,3.465023684419071,18
statewide,2024,SEN,FL,0,-12.991751177582982,-8.12095480352798,-13.147217872040317,-4.870796374055002,0.15546669445733485,-8.657069579377987,-4.132686416990957,23
statewide,2024,SEN,PA,0,-0.2228208993178275,4.321901822051996,0.3759085428493004,-4.544722721369824,-0.5987294421671279,-4.423748643214418,0.1006345191726119,79
statewide,2024,GOV,NC,0,15.57894736842105,4.882105140006097,-7.4560479774825,10.696842228414953,23.03499534590355,-3.9573549489877546,0.5670282133992757,60
house,2014,HOUSE,CA,1,-22.06015565784852,-25.56984779057672,-25.603346993622424,3.509692132728201,3.543191335773905,0.12202523912518615,-0.48915345811832267,0
house,2014,HOUSE,CA,2,49.98253066328313,38.65360902394244,38.70842107892235,11.328921639340692,11.27410958436078,0.3073555724364674,-0.30382312480704143,0
house,2014,HOUSE,CA,3,5.449221349660588,4.329326799352869,2.262549288469892,1.119894550307719,3.1866720611906962,0.30394685698973767,-0.30723184025377115,1
house,2014,HOUSE,CA,6,45.3782520081525,39.74393878544517,39.73851557921758,5.634313222707334,5.639736428934924,1.1342983128973394,0.5231196156538306,0
house,2014,HOUSE,CA,7,0.7925397767815804,-0.9488505648229576,-1.3124864282333828,1.741390341604538,2.1050262050149633,0.8843581598543595,0.2731794626108507,1
house,2014,HOUSE,CA,8,-35.2937067821471,-25.433379885664664,-25.42113216781751,-9.860326896482434,-9.872574614329586,1.527796792207635,0.9166180949641262,0
house,2014,HOUSE,CA,9,4.740767631431306,6.6329743789957885,6.5657821574799735,-1.8922067475644821,-1.8250145260486672,0.5516131896692382,-0.05956550757427059,0
house,2014,HOUSE,CA,10,-12.297840181377031,-7.183907951502756,-5.106594341404562,-5.113932229874275,-7.19124583997247,-3.6747114664404665,-4.285890163683975,1
house,2014,HOUSE,CA,11,34.54786959956945,30.15636797521456,30.162960865549547,4.391501624354891,4.3849087340199056,0.2889371489743908,-0.322241548269118,0
house,2014,HOUSE,CA,12,66.50751050638705,70.46198954069692,70.40744802668517,-3.9544790343098697,-3.899937520298124,0.46555050788882824,-0.14562818935468058,0
house,2014,HOUSE,CA,13,76.9575331747457,78.34031532556833,78.33042180593245,-1.3827821508226208,-1.3728886311867399,-0.37052397327263975,-0.9817026705161486,0
house,2014,HOUSE,CA,14,53.39197832995856,48.87235346453332,48.898678731676085,4.519624865425243,4.493299598282476,0.02515768848860489,-0.5860210087549039,0
house,2014,HOUSE,CA,15,39.61065315662044,32.94583579070732,33.02026152118669,6.664817365913116,6.590391635433747,0.44420812046645963,-0.16697057677704918,0
house,2014,HOUSE,CA,16,1.4623985967989477,9.325666453860826,9.3434794568455,-7.863267857061879,-7.881080860046553,1.6199967629315495,1.0088180656880406,0
house,2014,HOUSE,CA,18,35.50864114549917,33.89530016547618,33.86098557177515,1.6133409800229899,1.6476555737240162,0.209400902494135,-0.4017777947493738,0
house,2014,HOUSE,CA,21,-15.668266626352722,-16.90281910900837,-16.73638239942615,1.2345524826556478,1.0681157730734299,2.0064555055487876,1.3952768083052787,1
house,2014,HOUSE,CA,22,-44.07013544119632,-30.40874811617512,-30.37230205336752,-13.661387325021202,-13.697833387828801,-0.8437222884902695,-1.4549009857337785,0
house,2014,HOUSE,CA,23,-49.67883440388532,-36.81392371235013,-36.83499973437074,-12.864910691535187,-12.843834669514578,1.2097380241546283,0.5985593269111195,0
house,2014,HOUSE,CA,24,3.854241073674256,3.2292443841000376,3.175668497958374,0.6249966895742185,0.678572575715882,-0.08216041753098713,-0.693339114774496,0
house,2014,HOUSE,CA,26,2.663267168740321,2.5105004884657607,2.537575965725016,0.15276668027456042,0.12569120301530523,3.1129304433942124,2.5017517461507035,0
house,2014,HOUSE,CA,27,18.71453205831635,20.78408085896905,20.748697832088038,-2.0695488006527007,-2.0341657737716865,0.8884010553202373,0.27722235807672846,0
house,2014,HOUSE,CA,29,49.226255194292605,53.02124441616108,52.95200114019387,-3.7949892218684766,-3.7257459459012665,-0.27345727190409974,-0.8846359691476086,0
house,2014,HOUSE,CA,30,31.279998180205183,27.81812723474989,27.851517037012037,3.461870945455292,3.428481143193146,0.5148266722933421,-0.0963520249501667,0
house,2014,HOUSE,CA,31,3.467489777920308,7.990027742039759,8.054443925129958,-4.522537964119451,-4.586954147209649,-0.06640543432085799,-0.6775841315643668,0
house,2014,HOUSE,CA,32,19.311423358529016,25.10490984341726,25.109461249427422,-5.793486484888245,-5.7980378908984065,0.40175585632903577,-0.20942284091447305,0
house,2014,HOUSE,CA,33,18.374483011074627,15.60014374363856,15.615292248913974,2.7743392674360674,2.759190762160653,0.3462226745529655,-0.2649560226905433,0
house,2014,HOUSE,CA,36,8.368185240683172,-0.1433634769393934,-0.2388817329910696,8.511548717622565,8.607066973674241,-1.0052503614694688,-1.6164290587129777,0
house,2014,HOUSE,CA,37,68.56267089291,70.24677124795696,70.24962687588274,-1.6841003550469509,-1.6869559829727336,-0.5896539993627528,-1.2008326966062617,0
house,2014,HOUSE,CA,38,18.18034118602762,26.77232361493538,26.802480172175343,-8.591982428907762,-8.622138986147725,0.6220201799038207,0.01084148266031193,0
house,2014,HOUSE,CA,39,-37.089885531994746,-20.747474305315887,-20.821080959297834,-16.34241122667886,-16.26880457269691,0.8504102297327991,0.2392315324892903,0
house,2014,HOUSE,CA,41,13.286038318613969,16.354982956462713,16.315221236067714,-3.0689446378487446,-3.0291829174537455,2.6688082854224877,2.057629588178979,0
house,2014,HOUSE,CA,42,-31.47543875121263,-28.97195328948429,-28.966653913466672,-2.5034854617283386,-2.5087848377459565,-0.0912860952257244,-0.7024647924692332,0
house,2014,HOUSE,CA,43,41.91360664752246,54.265567733275866,54.27200954391159,-12.351961085753409,-12.35840289638913,0.7982229707226338,0.187044273479125,0
house,2014,HOUSE,CA,45,-30.241494886496177,-20.94352503321982,-20.936392356902232,-9.297969853276356,-9.305102529593945,0.6597144444827752,0.04853574723926635,0
house,2014,HOUSE,CA,46,19.397467442837424,19.844336603408777,19.83783131519415,-0.44686916057135306,-0.4403638723567269,5.264425190912936,4.653246493669427,0
house,2014,HOUSE,CA,47,11.978930307941653,12.347192309156693,12.352518557635896,-0.36826200121504016,-0.37358824969424376,2.403349423437726,1.7921707261942172,0
house,2014,HOUSE,CA,48,-28.243942904545325,-23.15188139143901,-23.14756141670857,-5.092061513106316,-5.096381487836755,-0.13149710379877533,-0.7426758010422841,0
house,2014,HOUSE,CA,49,-20.338110357847764,-22.52970752772255,-22.584468792825948,2.191597169874786,2.246358434978184,1.33940433906122,0.7282256418177112,0
house,2014,HOUSE,CA,50,-42.40014240395679,-40.22657253717678,-40.21938391055301,-2.1735698667800136,-2.180758493403779,1.2248012832411739,0.6136225859976651,0
house,2014,HOUSE,CA,51,37.57901159243441,37.800594356905634,37.760297682808215,-0.22158276447122205,-0.18128609037380272,-0.13862125308070716,-0.749799950324216,0
house,2014,HOUSE,CA,52,3.1737414653498424,0.4142190213585675,-0.846760580110969,2.759522443991275,4.020502045460812,0.4993041832429894,-0.1118745140005194,1
house,2014,HOUSE,CA,53,17.67312420631704,16.672532209436525,16.60581055307116,1.000591996880516,1.0673136532458827,0.2413589329464152,-0.3698197642970936,0
house,2014,HOUSE,CO,1,38.86870508366703,35.71471132965939,35.6786227735866,3.1539937540076437,3.1900823100804274,-1.2043466623442711,-0.7311757175942762,0
house,2014,HOUSE,CO,2,13.486247813958869,10.969612652066996,10.935310383762952,2.516635161891873,2.5509374301959173,-1.051144489576664,-0.5779735448266691,0
house,2014,HOUSE,CO,3,-23.78623635500712,-22.7555653752194,-22.825959347824064,-1.0306709797877183,-0.9602770071830555,-0.35186878653068643,0.12130215821930845,0
house,2014,HOUSE,CO,4,-37.753838948178384,-28.446210002920555,-28.461222705664643,-9.307628945257829,-9.292616242513741,0.001285873115477898,0.4744568178654728,0
house,2014,HOUSE,CO,5,-19.59597496718723,-32.23862909760189,-32.31631088114085,12.642654130414655,12.720335913953619,0.26492057999640295,0.7380915247463978,0
house,2014,HOUSE,CO,6,-9.385698056527673,-9.234329711658528,-9.252139448399562,-0.15136834486914452,-0.13355860812811038,-0.6275177642835201,-0.15434681953352525,0
house,2014,HOUSE,CO,7,10.145907565866471,6.758643982921434,6.686030233643446,3.387263582945037,3.4598773322230256,-0.3435253636267035,0.1296455811232914,0
house,2016,HOUSE,CA,1,-18.106204384210727,-23.01946355636226,-23.03070257131961,4.913259172151534,4.924498187108881,0.7039314614618704,-3.4798530402754757,0
house,2016,HOUSE,CA,2,53.70019893217562,49.46299958673259,49.35172860808257,4.237199345443024,4.34847032409305,3.6407801850206027,-0.5430043167167433,0
house,2016,HOUSE,CA,3,18.70286341383685,9.723372034039445,9.65573673949204,8.979491379797407,9.047126674344812,1.6351114388530519,-2.548673062884294,0
house,2016,HOUSE,CA,4,-25.43977115374753,-25.580932179948167,-25.605416053955143,0.14116102620063842,0.1656449002076137,1.7984294048576146,-2.3853550968797315,0
house,2016,HOUSE,CA,5,53.73702031216299,41.76787421736999,41.65950686850789,11.969146094792997,12.0775134436551,2.831897712761176,-1.35188678897617,0
house,2016,HOUSE,CA,6,50.85403100083683,45.84346169124306,45.8322399897013,5.01056930959377,5.021791011135527,4.753880329901456,0.57009582816411,0
house,2016,HOUSE,CA,7,2.342743549466702,2.682189116862067,4.042543638222501,-0.3394455673953649,-1.699800088755799,4.035021537060518,-0.1487629646768278,1
house,2016,HOUSE,CA,8,-24.516038126059627,-27.258935145177077,-27.20183856654664,2.74289701911745,2.6858004404870144,3.4271666658121767,-0.7566178359251694,0
house,2016,HOUSE,CA,9,14.719045465314124,11.852666820948226,11.799690010164602,2.8663786443658985,2.919355455149523,4.634449425036252,0.4506649232989055,0
house,2016,HOUSE,CA,10,-3.400914817471936,-0.3764865392245697,-0.4093548241507126,-3.0244282782473664,-2.9915599933212236,1.6419821502942913,-2.5418023514430548,0
house,2016,HOUSE,CA,11,44.10564402818158,40.609029762087374,40.58315848645507,3.4966142660942054,3.5224855417265104,4.438226809456157,0.2544423077188114,0
house,2016,HOUSE,CA,13,81.56910964440907,81.0616308179639,81.00248666386503,0.5074788264451655,0.5666229805440395,3.3296202137979307,-0.8541642879394153,0
house,2016,HOUSE,CA,14,61.72625302411964,54.84821101721096,54.86866940930653,6.878042006908686,6.857583614813116,2.555224104588703,-1.628560397148643,0
house,2016,HOUSE,CA,15,47.533590641797645,41.26360489851446,41.20999050773423,6.269985743283186,6.323600134063412,3.058473364470391,-1.125311137266955,0
house,2016,HOUSE,CA,16,16.069684917478387,10.466827421827835,10.48684876630812,5.602857495650552,5.582836151170268,3.907091941737974,-0.2766925599993719,0
house,2016,HOUSE,CA,18,42.29000092612601,39.43923093087154,39.41289919446567,2.850769995254474,2.877101731660339,4.9432206643425936,0.7594361626052475,0
house,2016,HOUSE,CA,19,47.8888649369771,44.09800076249351,44.05605089159845,3.7908641744835876,3.8328140453786474,2.254019738068582,-1.9297647636687643,0
house,2016,HOUSE,CA,20,41.50615150650336,42.00247975465851,42.04624408054376,-0.49632824815515164,-0.5400925740404006,1.274651316275488,-2.909133185461858,0
house,2016,HOUSE,CA,21,-13.47652709806054,-5.020419305605616,-4.926585083498359,-8.456107792454924,-8.54994201456218,2.707587133356375,-1.476197368380971,0
house,2016,HOUSE,CA,22,-35.13018904862831,-32.7782697217162,-32.76443705913871,-2.3519193269121104,-2.3657519894896026,1.6112826005869891,-2.572501901150357,0
house,2016,HOUSE,CA,23,-38.35022186899795,-40.40379564149716,-40.35582701440051,2.053573772499213,2.005605145402562,3.2971483521905363,-0.8866361495468098,0
house,2016,HOUSE,CA,24,6.838173312656444,4.0562344964514825,7.051820539188196,2.7819388162049616,-0.2136472265317515,4.315059007939837,0.13127450620249093,1
house,2016,HOUSE,CA,25,-6.26012306584827,-8.430888294849318,-8.476549485078268,2.1707652290010477,2.2164264192299976,6.699901992659752,2.516117490922406,0
house,2016,HOUSE,CA,26,20.759024926241587,7.651248192973988,7.656389223890386,13.107776733267599,13.1026357023512,7.312717626724822,3.1289331249874763,0
house,2016,HOUSE,CA,27,34.84072265313288,24.258951465777848,24.28102360548948,10.58177118735503,10.559699047643399,5.1646460475197955,0.9808615457824494,0
house,2016,HOUSE,CA,28,55.97335887488952,43.61232704043564,43.538462593423546,12.361031834453883,12.434896281465974,5.780072065750765,1.5962875640134193,0
house,2016,HOUSE,CA,30,45.276783060395466,34.16241344620491,34.1605963017431,11.114369614190558,11.116186758652368,3.412460402027989,-0.7713240997093571,0
house,2016,HOUSE,CA,31,12.135077059869593,13.210428725426706,13.189501271880191,-1.075351665557113,-1.0544242120105984,5.880835729219944,1.6970512274825982,0
house,2016,HOUSE,CA,33,32.87969499029432,25.083273158031385,25.03062564024152,7.796421832262933,7.8490693500527975,3.694482734997308,-0.4893017667400379,0
house,2016,HOUSE,CA,35,44.78182465436847,35.70387346978502,35.65985928267554,9.077951184583448,9.12196537169293,6.906665865300308,2.722881363562962,0
house,2016,HOUSE,CA,36,24.10786829853364,8.137260946645453,8.147702235311401,15.970607351888185,15.960166063222237,4.378024921141911,0.19424041940456505,0
house,2016,HOUSE,CA,38,40.95659891260329,25.82569548106219,25.81188910215956,15.1309034315411,15.144709810443729,4.074244248737568,-0.10954025299977843,0
house,2016,HOUSE,CA,39,-14.460858739220212,-23.76610754956756,-23.76914261144661,9.305248810347349,9.308283872226399,5.118722335655644,0.9349378339182977,0
house,2016,HOUSE,CA,41,29.902748285805508,20.08244630207845,20.020373646246423,9.82030198372706,9.882374639559085,13.399847289222345,9.216062787484999,0
house,2016,HOUSE,CA,42,-17.64423606412939,-25.39998140939625,-25.419673445091703,7.75574534526686,7.7754373809623125,3.4897929470593567,-0.6939915546779893,0
house,2016,HOUSE,CA,43,52.16840685872556,51.46365717705865,51.430545282306205,0.704749681666911,0.7378615764193555,1.7170551911964367,-2.4667293105409094,0
house,2016,HOUSE,CA,45,-17.119503349377425,-25.90110968771969,-25.900858050215668,8.781606338342264,8.781354700838243,6.1586810289352485,1.9748965271979024,0
house,2016,HOUSE,CA,47,27.442890788411813,18.10030759518621,18.116540838454,9.342583193225604,9.326349949957812,6.338150522334258,2.154366020596912,0
house,2016,HOUSE,CA,48,-16.63947052373244,-18.712713598499736,-18.73037932098428,2.0732430747672943,2.0909087972518385,4.092364584227781,-0.09141991750956535,0
house,2016,HOUSE,CA,49,-0.5226419048540246,-11.51648722068532,-15.270010677713854,10.993845315831296,14.74736877285983,6.109901272029723,1.926116770292377,1
house,2016,HOUSE,CA,50,-26.902529418195027,-34.99891826622721,-34.98298787443986,8.09638884803218,8.08045845624483,4.488947024490171,0.3051625227528252,0
house,2016,HOUSE,CA,51,45.5083097772699,40.91614289904472,40.94650364370992,4.5921668782251786,4.561806133559983,3.4976931783305325,-0.6860913234068136,0
house,2016,HOUSE,CA,52,13.05136969213113,6.456687295121752,6.425670103481649,6.594682397009378,6.625699588649481,5.066084809010721,0.8823003072733746,0
house,2016,HOUSE,CA,53,34.01850779240022,22.53554007448116,22.513099037732264,11.482967717919063,11.505408754667958,4.510970702000286,0.32718620026293976,0
house,2016,HOUSE,CO,1,42.017864437844345,41.71023635965357,41.662936061011365,0.3076280781907741,0.35492837683298006,1.272364680350588,-0.38889175739416304,0
house,2016,HOUSE,CO,2,20.96211783084133,17.36802020672769,17.27041200150143,3.5940976241136404,3.6917058293398988,2.6360357662662466,0.9747793285214956,0
house,2016,HOUSE,CO,3,-15.010108860317514,-17.025838316904128,-16.99828359751719,2.015729456586614,1.9881747371996763,0.07088374741241488,-1.590372690332336,0
house,2016,HOUSE,CO,4,-33.502925737888305,-33.42914881940188,-33.434705816395095,-0.07377691848642343,-0.06821992149320977,1.098557325062412,-0.5626991126823389,0
house,2016,HOUSE,CO,5,-33.74723022297632,-20.78199855371353,-20.815417634235818,-12.965231669262788,-12.931812588740502,2.4793152092891724,0.8180587715444214,0
house,2016,HOUSE,CO,6,-8.879027721748418,-3.5849278234236586,-3.590084798799356,-5.29409989832476,-5.288942922949062,2.341317213903146,0.680060776158395,0
house,2016,HOUSE,CO,7,16.1978221415608,13.812720109243966,13.833117958983628,2.3851020323168335,2.364704182577171,1.7303211219292782,0.06906468418452727,0
house,2018,HOUSE,CA,1,-9.77317777457698,-16.508404698121623,-16.517061731283135,6.7352269235446425,6.743883956706155,0.41362679243441036,-0.3744135789020653,0
house,2018,HOUSE,CA,2,54.015909674108286,59.24400712707224,59.24329467547941,-5.228097452963951,-5.227385001371125,0.4087312068416473,-0.3793091644948283,0
house,2018,HOUSE,CA,3,16.145893882050025,25.025807656447768,24.96244519863021,-8.879913774397743,-8.816551316580185,0.11921063539121413,-0.6688297359452615,0
house,2018,HOUSE,CA,4,-8.26292954141152,-15.899830817688947,-15.875807933999214,7.6369012762774275,7.612878392587694,1.7701068853349948,0.9820665139985192,0
house,2018,HOUSE,CA,7,10.089944854181388,14.77773634416902,15.518104985221804,-4.687791489987632,-5.428160131040416,1.306621766760677,0.5185813954242013,1
house,2018,HOUSE,CA,9,12.982969969566104,25.00237643887764,24.98107613527353,-12.019406469311535,-11.998106165707425,-0.20326891173722572,-0.9913092830737014,0
house,2018,HOUSE,CA,10,4.502027940513745,3.1176019450990458,2.334906131512588,1.3844259954146994,2.167121809001157,0.8354521746937733,0.047411803357297666,2
house,2018,HOUSE,CA,11,48.26484233588822,54.75458293108203,54.6627403908063,-6.489740595193808,-6.39789805491808,0.6252160676513085,-0.1628243036851671,0
house,2018,HOUSE,CA,12,73.64636423272947,86.8407582683067,86.78660282155036,-13.194394035577233,-13.140238588820893,-0.11635556010011072,-0.9043959314365864,0
house,2018,HOUSE,CA,14,58.44511155335185,68.66686973359228,68.61217375401512,-10.221758180240428,-10.167062200663267,-0.3389279147865949,-1.1269682861230705,0
house,2018,HOUSE,CA,15,45.93508766895285,55.44311030547838,55.34361235643934,-9.508022636525524,-9.408524687486484,-0.013570630809351059,-0.8016110021458267,0
house,2018,HOUSE,CA,16,15.090340587161354,21.61271621935937,27.0443288584603,-6.522375632198017,-11.953988271298947,0.11668345753622589,-0.6713569138002498,1
house,2018,HOUSE,CA,17,50.6947272710052,62.84215138571136,62.81542000386687,-12.147424114706162,-12.12069273286167,0.050250124067815705,-0.7377902472686599,0
house,2018,HOUSE,CA,18,48.983251609658616,55.60325789265477,55.59901518767505,-6.620006282996151,-6.615763578016434,1.3607496306887867,0.5727092593523111,0
house,2018,HOUSE,CA,19,47.50974723015264,57.80914002198779,57.86463610877036,-10.299392791835146,-10.354888878617722,0.7597665161613918,-0.02827385517508385,0
house,2018,HOUSE,CA,21,0.7586959583157302,-1.25135312370652,3.324898563834761,2.0100490820222503,-2.5662026055190306,-1.2352478147251098,-2.0232881860615857,1
house,2018,HOUSE,CA,22,-5.4443090399723,-16.128277568886727,-19.081976607057207,10.683968528914427,13.637667567084907,1.8172217027040318,1.0291813313675562,7
house,2018,HOUSE,CA,23,-27.43398096941305,-26.75369976561608,-26.778702616062656,-0.6802812037969694,-0.6552783533503934,1.407633921599702,0.6195935502632264,0
house,2018,HOUSE,CA,24,17.111004074801972,16.937877056581794,22.920043284180583,0.17312701822017829,-5.809039209378611,1.3084536679700927,0.520413296633617,1
house,2018,HOUSE,CA,25,8.732277101648016,4.333086019144208,6.229371770530784,4.399191082503808,2.5029053311172325,1.6352800481199568,0.8472396767834811,7
house,2018,HOUSE,CA,26,23.88402120379288,29.89807595560492,29.87151183835418,-6.01405475181204,-5.987490634561301,0.9395888659948994,0.1515484946584238,0
house,2018,HOUSE,CA,28,56.74400439956323,61.79652430413783,61.82058432734177,-5.052519904574602,-5.076579927778539,0.5425688536554105,-0.24547151768106512,0
house,2018,HOUSE,CA,29,61.21971401236004,70.3630893794554,70.3786249562011,-9.14337536709536,-9.15891094384105,-1.045799364952451,-1.8338397362889267,0
house,2018,HOUSE,CA,30,46.803170966271125,53.00193113005005,52.94912304520693,-6.198760163778928,-6.145952078935807,0.421306306010262,-0.36673406532621367,0
house,2018,HOUSE,CA,31,17.488999706658845,24.46545392343846,24.54221236978595,-6.976454216779615,-7.0532126631271055,2.0401613140974586,1.252120942760983,0
house,2018,HOUSE,CA,32,37.55669910919556,48.00894086184458,48.00155306247149,-10.452241752649016,-10.444853953275924,0.17513899540374211,-0.6129013759327335,0
house,2018,HOUSE,CA,33,40.05689445758486,45.0621030141545,45.07252694822837,-5.005208556569642,-5.015632490643512,1.1749718133951959,0.3869314420587202,0
house,2018,HOUSE,CA,35,38.796435473480784,51.67909075219789,51.61020147997223,-12.882655278717102,-12.813766006491448,-0.7668224797686811,-1.5548628511051568,0
house,2018,HOUSE,CA,36,18.033119492966456,26.51673643132063,26.53099530107844,-8.483616938354174,-8.497875808111985,2.3897027382189133,1.6016623668824377,0
house,2018,HOUSE,CA,37,78.1510969717994,85.06400797848795,85.06838675609761,-6.912911006688546,-6.917289784298205,-1.6283103632792262,-2.416350734615702,0
house,2018,HOUSE,CA,38,37.70355566987871,48.93880843826004,48.95227385668242,-11.23525276838133,-11.248718186803707,-0.27093564751351096,-1.0589760188499866,0
house,2018,HOUSE,CA,39,3.114246316383857,6.749728768473011,15.336738536161432,-3.6354824520891538,-12.222492219777575,2.302586203094232,1.5145458317577563,5
house,2018,HOUSE,CA,41,30.199461046147924,37.73181262854425,37.670203227676296,-7.532351582396323,-7.470742181528372,2.043991142961705,1.2559507716252292,0
house,2018,HOUSE,CA,42,-12.998637531690322,-13.136018096524406,-13.156847477037514,0.13738056483408378,0.1582099453471919,2.482901072965248,1.6948607016287724,0
house,2018,HOUSE,CA,43,55.33837961357191,64.43975332491435,64.36888558055912,-9.10137371134244,-9.030505966987214,-1.8624793907747446,-2.6505197621112204,0
house,2018,HOUSE,CA,45,4.102014812194347,-0.8725518322698768,-3.406924633890671,4.974566644464224,7.508939446085018,3.5649036282823285,2.7768632569458527,8
house,2018,HOUSE,CA,46,38.292003569593554,47.58689623528858,47.52819410970551,-9.294892665695023,-9.236190540111956,0.3998422653081448,-0.3881981060283308,0
house,2018,HOUSE,CA,47,29.710997303606653,37.98279267204824,37.93321805779528,-8.271795368441587,-8.222220754188626,-0.23265636738180717,-1.0206967387182828,0
house,2018,HOUSE,CA,48,7.103984582813093,-1.4744568468902146,-2.194010231907597,8.578441429703307,9.29799481472069,2.797762057368672,2.0097216860321963,4
house,2018,HOUSE,CA,49,12.83801647290106,12.769547944415711,14.372009299263116,0.06846852848534901,-1.5339928263620557,2.8314764243077573,2.0434360529712814,5
house,2018,HOUSE,CA,50,-3.43096878488126,-12.212429709585573,-17.201077543946397,8.781460924704312,13.770108759065137,2.503158931376655,1.7151185600401793,4
house,2018,HOUSE,CA,51,42.4019034246041,55.48307391015456,55.46157254959317,-13.081170485550459,-13.059669124989071,-1.6133455275990727,-2.4013858989355485,0
house,2018,HOUSE,CA,52,27.694277500194254,25.81236761413648,25.77231161305969,1.8819098860577732,1.921965887134565,2.7054028439356204,1.9173624725991447,0
house,2018,HOUSE,CA,53,38.148172950289066,43.07178956500547,43.035565223680585,-4.923616614716401,-4.887392273391519,0.7510282579005398,-0.0370121134359358,0
house,2018,HOUSE,CO,1,52.4106866093445,52.66234584912141,52.62913391718995,-0.25165923977690596,-0.21844730784544453,0.9793976397160691,-0.2823022198394589,0
house,2018,HOUSE,CO,2,28.35709465055165,28.24515623909545,28.267923800296312,0.11193841145620098,0.08917085025533922,1.4467461668374781,0.18504630728195015,0
house,2018,HOUSE,CO,3,-8.378098494826848,-8.921359263897141,-8.915913092904125,0.5432607690702937,0.5378145980772775,0.24216945173593807,-1.01953040781959,0
house,2018,HOUSE,CO,4,-21.238588459394663,-24.79139629346312,-24.786614572631706,3.5528078340684566,3.548026113237043,1.10463283330904,-0.15706702624648794,0
house,2018,HOUSE,CO,5,-18.386359980698085,-25.560880031796398,-25.552025498534327,7.1745200510983125,7.165665517836242,1.8013236146480764,0.5396237550925485,0
house,2018,HOUSE,CO,6,11.582283750193266,6.254303336558108,5.469404743174654,5.327980413635158,6.112879007018612,1.9202658874826695,0.6585660279271415,8
house,2018,HOUSE,CO,7,26.088754730025865,23.53883701142293,23.46383631976953,2.5499177186029343,2.6249184102563348,1.3373634231594256,0.07566356360389759,0
house,2018,HOUSE,FL,1,-34.117274836532374,-36.24412729239967,-36.27044076947079,2.1268524558672937,2.153165932938414,-1.2300513427790882,-0.8104399991537357,0
house,2018,HOUSE,FL,2,-34.88266659448925,-34.43161434792554,-34.4629358890924,-0.45105224656371234,-0.41973070539685153,-4.1193015484625795,-3.6996902048372267,0
house,2018,HOUSE,FL,3,-15.248486114011277,-13.4959286240917,-13.415870763988025,-1.7525574899195764,-1.8326153500232518,-0.9238043443849575,-0.5041930007596049,0
house,2018,HOUSE,FL,4,-33.64140828628376,-33.97518535300544,-33.93882404319513,0.33377706672168017,0.29741575691137,1.0000475589064877,1.4196589025318402,0
house,2018,HOUSE,FL,5,33.562439424990565,37.08446575700677,37.10073647288739,-3.5220263320162033,-3.538297047896826,-1.0608263515679113,-0.6412150079425587,0
house,2018,HOUSE,FL,6,-12.627941339551445,-8.904157652608186,-12.257088943022705,-3.723783686943259,-0.3708523965287398,-1.716308502739325,-1.2966971591139724,2
house,2018,HOUSE,FL,7,15.383839847762117,11.16770173033854,15.91555202892141,4.216138117423576,-0.5317121811592926,2.1275019156033923,2.547113259228745,1
house,2018,HOUSE,FL,8,-20.99620832836376,-22.31158903197567,-22.358346104610145,1.3153807036119112,1.362137776246385,-0.7309058101993191,-0.3112944665739665,0
house,2018,HOUSE,FL,9,16.04349979948574,24.49359619829047,24.464648474991765,-8.450096398804728,-8.421148675506025,0.4523977824050345,0.872009126030387,0
house,2018,HOUSE,FL,11,-30.301430406479284,-29.113582697631685,-29.114724796065747,-1.187847708847599,-1.1867056104135365,-2.1111680520043272,-1.6915567083789746,0
house,2018,HOUSE,FL,12,-18.85109710208669,-22.594992363826748,-24.35018299454808,3.7438952617400574,5.499085892461391,-0.41670010396132184,0.0029112396640307847,1
house,2018,HOUSE,FL,13,15.289411334159908,17.036518498127165,17.083907419911554,-1.7471071639672573,-1.7944960857516463,0.1603249602977428,0.5799363039230954,0
house,2018,HOUSE,FL,15,-6.041077082574462,-4.167032933923764,-4.699316109875684,-1.8740441486506985,-1.3417609726987783,-0.8548633369667324,-0.4352519933413798,1
house,2018,HOUSE,FL,16,-9.12290783708067,-10.788983981295791,-11.603425011282702,1.666076144215122,2.480517174202033,0.6741181565921508,1.0937295002175034,3
house,2018,HOUSE,FL,17,-24.517583408476103,-23.22680474610043,-23.27462518703183,-1.290778662375672,-1.2429582214442725,-2.2016241215461356,-1.782012777920783,0
house,2018,HOUSE,FL,18,-8.602373531877356,-7.7126530422679185,-7.186157647715193,-0.889720489609438,-1.4162158841621633,-0.40873820044048603,0.010873143184866596,3
house,2018,HOUSE,FL,19,-24.5483271539678,-21.060733388120937,-24.42518343447004,-3.4875937658468636,-0.1231437194977616,0.7348114426680361,1.1544227862933887,1
house,2018,HOUSE,FL,22,24.04739269625743,25.47673460739215,25.442349407250283,-1.4293419111347205,-1.3949567109928545,0.3891039285515685,0.8087152721769211,0
house,2018,HOUSE,FL,23,23.812807164718816,28.959711036505546,28.93059864172272,-5.14690387178673,-5.117791477003905,-0.496469285034145,-0.07685794140879237,0
house,2018,HOUSE,FL,25,-20.90676313749442,-10.27702801841338,-10.696777660114517,-10.629735119081039,-10.209985477379902,0.19993179068944578,0.6195431343147983,2
house,2018,HOUSE,FL,26,1.7492302792228474,1.1279257009155583,3.402425580376484,0.621304578307289,-1.6531953011536364,0.28335257146561066,0.7029639150909632,4
house,2018,HOUSE,FL,27,6.152291023054346,13.885550963323697,25.09568875860971,-7.733259940269351,-18.943397735555365,1.017721333149102,1.4373326767744545,2
house,2020,HOUSE,CA,1,-13.98888526026969,-17.07450074817062,-20.09171422370927,3.085615487900931,6.102828963439581,-1.929376913694803,-5.265623301203744,1
house,2020,HOUSE,CA,2,51.47586526218312,50.94476241160223,50.95322303718492,0.5311028505808935,0.5226422249982008,4.154453470528178,0.8182070830192374,0
house,2020,HOUSE,CA,3,9.347553324968631,16.238974597104253,16.20880428006321,-6.891421272135622,-6.861250955094578,0.14333187660333557,-3.1929145109056054,0
house,2020,HOUSE,CA,4,-11.8908108646176,-13.756980095735967,-15.304196503271582,1.8661692311183664,3.413385638653981,2.79560938887864,-0.5406369986303008,2
house,2020,HOUSE,CA,5,52.18145093418617,51.28259784563973,51.33337268155145,0.8988530885464385,0.8480782526347141,3.190222907027959,-0.14602348048098213,0
house,2020,HOUSE,CA,6,46.68651034447517,51.13731820333713,51.176431146952034,-4.450807858861964,-4.489920802476867,2.540167655601831,-0.7960787319071101,0
house,2020,HOUSE,CA,7,13.247822067115491,10.717060778976556,10.765962421989478,2.530761288138935,2.481859645126013,4.176491130296067,0.8402447427871258,0
house,2020,HOUSE,CA,8,-12.11927477208586,-14.223125741944305,-14.87770938845769,2.1038509698584456,2.758434616371831,1.4593490851339244,-1.8768973023750166,1
house,2020,HOUSE,CA,9,15.166055318727077,16.699573619608913,16.723015155182722,-1.5335183008818358,-1.5569598364556452,1.2874839985737871,-2.048762388935154,0
house,2020,HOUSE,CA,10,10.326155229525211,8.697490541702482,8.681655522822757,1.628664687822729,1.6444997067024545,1.8426493513629771,-1.4935970361459638,0
house,2020,HOUSE,CA,11,45.98552332532664,49.24737039990869,49.24480770481126,-3.2618470745820503,-3.259284379484619,6.142018650029581,2.8057722625206396,0
house,2020,HOUSE,CA,13,80.73138598415734,88.40491152630548,88.48640730277917,-7.673525542148141,-7.755021318621829,3.700608356294694,0.3643619687857531,0
house,2020,HOUSE,CA,14,58.57323969744021,60.11016901843817,60.16140297085047,-1.536929320997963,-1.5881632734102595,4.087110346040269,0.7508639585313284,0
house,2020,HOUSE,CA,15,41.80933233343352,47.17393958153311,47.20341072808471,-5.364607248099595,-5.394078394651196,4.396363881280141,1.0601174937712003,0
house,2020,HOUSE,CA,16,18.75660386934836,19.42400981452891,19.41154519961506,-0.6674059451805512,-0.6549413302666984,0.4618781124119984,-2.8743682750969426,0
house,2020,HOUSE,CA,17,42.69176958054188,55.080705313625614,55.037412789527714,-12.388935733083734,-12.345643208985834,4.066558939224134,0.7303125517151927,0
house,2020,HOUSE,CA,19,43.36462988815661,53.102969385575605,53.1293610892589,-9.738339497418998,-9.764731201102293,3.523440251084889,0.1871938635759478,0
house,2020,HOUSE,CA,20,53.55237656941735,53.68818591912677,53.72060565248745,-0.13580934970941883,-0.1682290830701021,3.031313945473528,-0.30493244203541314,0
house,2020,HOUSE,CA,21,-0.893538577148426,6.180548341756996,11.148536048207864,-7.074086918905422,-12.04207462535629,-1.3031497109384276,-4.639396098447369,2
house,2020,HOUSE,CA,22,-8.452460660216603,-12.333735459862291,-11.916712401662943,3.881274799645688,3.46425174144634,4.548866389477936,1.2126200019689954,1
house,2020,HOUSE,CA,23,-24.280179538609296,-29.517405101179232,-29.520641687412716,5.237225562569936,5.24046214880342,1.8929186516518222,-1.4433277358571188,0
house,2020,HOUSE,CA,24,17.326857000924534,18.228635007856557,18.214268485426235,-0.9017780069320231,-0.8874114845017012,5.113291110196982,1.7770447226880406,0
house,2020,HOUSE,CA,25,-0.0982466078367159,3.5312828546645125,8.428580301433632,-3.629529462501228,-8.526826909270348,4.790078712213635,1.453832324704694,3
house,2020,HOUSE,CA,26,21.16971685333287,22.7094722150255,22.74621066410216,-1.539755361692631,-1.5764938107692927,4.189618628234397,0.8533722407254563,0
house,2020,HOUSE,CA,27,39.55149093338544,43.20695990394891,43.19982989024616,-3.6554689705634758,-3.6483389568607194,5.050499138504247,1.7142527509953056,0
house,2020,HOUSE,CA,28,45.313341205654986,56.45879297492255,56.52494182034406,-11.145451769267567,-11.211600614689075,3.1751379773314525,-0.16110841017748845,0
house,2020,HOUSE,CA,30,38.96556515295371,47.43370822907985,47.309396556920895,-8.46814307612614,-8.343831403967187,2.566969563572435,-0.7692768239365058,0
house,2020,HOUSE,CA,31,22.576472644642543,20.104482849050527,20.158805605651366,2.471989795592016,2.4176670389911763,4.291873995845338,0.9556276083363966,0
house,2020,HOUSE,CA,32,33.155220203264555,40.95526975896357,40.91316664741068,-7.800049555699012,-7.757946444146121,1.959603859705723,-1.376642527803218,0
house,2020,HOUSE,CA,33,35.16039828824377,41.96383301575914,41.99608876097626,-6.8034347275153735,-6.835690472732487,5.518728395348877,2.1824820078399356,0
house,2020,HOUSE,CA,35,38.659933045762976,42.85349066034517,42.88659135422702,-4.193557614582197,-4.226658308464046,0.37545130128339466,-2.9607950862255463,0
house,2020,HOUSE,CA,36,20.67890069708554,14.932678762226807,14.946160487947814,5.746221934858731,5.732740209137724,6.572955168473068,3.236708780964127,0
house,2020,HOUSE,CA,37,71.87994106958037,82.79416240576623,82.84898859998346,-10.91422133618586,-10.969047530403088,0.6119049325761026,-2.7243414549328384,0
house,2020,HOUSE,CA,39,-1.1952307123970645,7.351462275592052,7.680038920165361,-8.546692987989116,-8.875269632562425,5.917404370987981,2.58115798347904,2
house,2020,HOUSE,CA,40,45.47834811488296,76.12864548996177,76.12836115467725,-30.650297375078807,-30.65001303979429,-0.939920856257288,-4.2761672437662295,0
house,2020,HOUSE,CA,41,28.060387016182165,30.388047385523464,30.41322910222959,-2.3276603693412987,-2.352842086047424,4.260419176533606,0.9241727890246652,0
house,2020,HOUSE,CA,42,-14.2647542297587,-17.167430273743534,-17.1221000139821,2.902676043984833,2.857345784223398,5.2914976768495015,1.9552512893405605,0
house,2020,HOUSE,CA,43,43.36914983195273,60.97844671216379,61.000563635484994,-17.609296880211055,-17.63141380353226,-0.15800776875721567,-3.4942541562661567,0
house,2020,HOUSE,CA,45,6.928006285261207,8.440725580952837,8.422386809796217,-1.512719295691629,-1.4943805245350097,8.902575676547995,5.566329289039054,0
house,2020,HOUSE,CA,46,37.50757017937513,41.81688815622398,41.82764041453579,-4.3093179768488525,-4.320070235160664,1.893644553627098,-1.442601833881843,0
house,2020,HOUSE,CA,47,26.54375897160877,32.66008774745124,32.68413749668088,-6.116328775842472,-6.140378525072112,1.5582186917203025,-1.7780276957886385,0
house,2020,HOUSE,CA,48,-2.119969627942293,8.508650104635478,8.507067860018456,-10.628619732577771,-10.627037487960749,6.126899230019288,2.790652842510347,1
house,2020,HOUSE,CA,49,6.2591525099222265,12.629945621243175,12.8817534276369,-6.370793111320949,-6.622600917714673,7.859540923397133,4.523294535888192,1
house,2020,HOUSE,CA,50,-7.90639918320042,-8.48967983583871,-13.675672691986414,0.5832806526382912,5.769273508785994,5.991176842730232,2.6549304552212907,3
house,2020,HOUSE,CA,51,36.6095109244876,50.1684319793079,50.12583658336416,-13.558921054820296,-13.51632565887656,-1.0083362663544513,-4.344582653863393,0
house,2020,HOUSE,CA,52,23.151616035511168,23.99965989965319,24.035479603574668,-0.8480438641420207,-0.8838635680635001,9.34779902873899,6.011552641230049,0
house,2020,HOUSE,CO,1,51.57184123443699,49.17423353630959,49.16277802927789,2.397607698127395,2.4090632051591,1.8893361566310247,-0.8135856647438504,0
house,2020,HOUSE,CO,2,26.904010635230804,25.67641873484764,25.71207455258192,1.227591900383164,1.1919360826488834,2.989151356811231,0.28622953543635576,0
house,2020,HOUSE,CO,3,-6.392192035799361,-7.956991633268412,-11.86688073745285,1.564799597469051,5.4746887016534895,-0.24416288795474017,-2.9470847093296153,1
house,2020,HOUSE,CO,4,-24.297847246551527,-27.653303517780444,-27.6987863461635,3.355456271228917,3.400939099611975,2.736505822960183,0.03358400158530772,0
house,2020,HOUSE,CO,5,-21.28841512567795,-27.92121663906629,-27.923206695656265,6.6328015133883405,6.634791569978315,4.244565131468065,1.5416433100931894,0
house,2020,HOUSE,CO,6,17.654745173981095,11.686910029100858,11.651715045495443,5.967835144880237,6.003030128485651,4.645899678708479,1.9429778573336036,0
house,2020,HOUSE,CO,7,22.259202686017968,18.119597886355574,18.163332159600586,4.1396047996623935,4.095870526417382,2.659157490999883,-0.043764330374992166,0
house,2020,HOUSE,FL,1,-31.022555973772555,-41.43699948161501,-41.46761426925863,10.414443507842456,10.445058295486078,-1.3133514405845617,-0.27871473733298857,0
house,2020,HOUSE,FL,3,-14.279932684598656,-15.980108895929847,-16.05918210002667,1.7001762113311916,1.7792494154280156,-2.4928423229049166,-1.4582056196533435,0
house,2020,HOUSE,FL,4,-22.196387546542027,-31.77754323727671,-35.94167840699081,9.581155690734683,13.745290860448783,2.531288564487273,3.565925267738846,1
house,2020,HOUSE,FL,5,30.255539761345865,29.52019179897755,29.54827822997853,0.7353479623683157,0.7072615313673367,-2.4610253143991585,-1.4263886111475854,0
house,2020,HOUSE,FL,6,-21.267632020251405,-19.423130296523446,-19.45895617720274,-1.8445017237279586,-1.8086758430486647,-4.907441895893502,-3.8728051926419287,0
house,2020,HOUSE,FL,7,12.277636911773516,13.224876869351196,13.219121301205224,-0.9472399575776791,-0.9414843894317073,4.272495141638933,5.307131844890506,0
house,2020,HOUSE,FL,8,-22.705681748979966,-24.525654109230462,-24.503983535821675,1.819972360250496,1.7983017868417086,-1.514880643675836,-0.4802439404242629,0
house,2020,HOUSE,FL,9,12.065510121900408,17.274048940481592,17.197381735654258,-5.208538818581184,-5.13187161375385,-0.4387083058256316,0.5959283974259415,0
house,2020,HOUSE,FL,10,27.24919816221703,31.30654096890079,31.26125365426355,-4.05734280668376,-4.012055492046521,1.3932570270826012,2.4278937303341745,0
house,2020,HOUSE,FL,11,-33.4443338181711,-34.233910226122475,-34.22637539184997,0.7895764079513725,0.7820415736788675,-5.538307057738454,-4.50367035448688,0
house,2020,HOUSE,FL,12,-25.76428658126165,-22.11844495889808,-22.11366669817442,-3.6458416223635695,-3.6506198830872307,-2.012296882508581,-0.9776601792570079,0
house,2020,HOUSE,FL,13,6.080006303586642,14.961130598861365,13.772623908623322,-8.881124295274724,-7.69261760503668,0.35737967193488185,1.392016375186455,1
house,2020,HOUSE,FL,14,20.515080508201304,22.764495995002843,22.68753356301725,-2.2494154868015386,-2.1724530548159464,-0.0019417037396625147,1.0326949995119106,0
house,2020,HOUSE,FL,15,-10.77044367255312,-9.608963842668135,-8.659259088955276,-1.1614798298849838,-2.1111845835978436,-1.7621092990415232,-0.7274725957899502,1
house,2020,HOUSE,FL,16,-11.0005694431836,-12.43267650165099,-13.090843704104502,1.4321070584673894,2.0902742609209017,1.7343655258331276,2.769002229084701,3
house,2020,HOUSE,FL,17,-30.96478878430274,-26.793811914583145,-26.83315410314125,-4.1709768697195955,-4.13163468116149,-5.245423316480979,-4.210786613229406,0
house,2020,HOUSE,FL,18,-15.140467315210474,-10.834925326098949,-12.772363539506298,-4.305541989111525,-2.368103775704176,-0.7572204857010609,0.27741621755051216,1
house,2020,HOUSE,FL,19,-22.558964969657165,-21.491462025826404,-21.489832919399277,-1.0675029438307604,-1.0691320502578883,1.2465102203337999,2.281146923585373,0
house,2020,HOUSE,FL,20,57.35354782279651,66.4307832411437,66.35381805331346,-9.077235418347193,-9.000270230516954,-1.513840437893343,-0.4792037346417699,0
house,2020,HOUSE,FL,21,20.304800815094417,23.57771061293744,23.54543430803614,-3.272909797843024,-3.240633492941722,-0.9795845354911208,0.0550521677604523,0
house,2020,HOUSE,FL,22,17.203101037241776,21.01032613561252,20.89544440959001,-3.8072250983707434,-3.6923433723482333,1.210574982101699,2.245211685353272,0
house,2020,HOUSE,FL,23,16.40696319252433,27.348710566017417,27.275094912152785,-10.941747373493087,-10.868131719628455,-1.4773715782718497,-0.44273487502027664,0
house,2020,HOUSE,FL,24,57.47960663382618,71.84693690006137,71.79103885122058,-14.367330266235186,-14.311432217394398,-4.369238266622311,-3.3346015633707378,0
house,2020,HOUSE,FL,26,-3.44861804278668,11.732723393107507,16.8599716878489,-15.181341435894188,-20.308589730635582,-2.529247691878504,-1.494610988626931,1
house,2020,HOUSE,FL,27,-2.736374267641492,13.90496663387014,18.873155347995564,-16.641340901511633,-21.609529615637054,0.7030424639493518,1.7376791672009249,1
house,2024,HOUSE,CA,1,-30.68527823373889,-25.802551416980208,-25.773373911000416,-4.882726816758684,-4.911904322738476,-2.6332123747771643,-0.4039366886157256,0
house,2024,HOUSE,CA,2,43.7675341199156,48.26619888699403,48.16867359604916,-4.498664767078431,-4.401139476133558,-1.2798095991962128,0.9494660869652258,0
house,2024,HOUSE,CA,3,-10.934780601118128,-11.11933882404064,-11.108823653954952,0.18455822292251156,0.17404305283682397,-1.006238574662789,1.2230371114986496,0
house,2024,HOUSE,CA,4,32.91117077156531,34.47824968514779,34.49013830249409,-1.5670789135824776,-1.5789675309287787,-1.7898067791371979,0.4394689070242408,0
house,2024,HOUSE,CA,5,-23.53036938154232,-22.04591335269346,-21.986972924350034,-1.4844560288488609,-1.5433964571922871,-2.1381020043541366,0.09117368180730212,0
house,2024,HOUSE,CA,6,15.237989075911267,14.824063166808,14.79764256348988,0.4139259091032681,0.440346512421387,-1.82558289058972,0.40369279557171867,0
house,2024,HOUSE,CA,7,33.50170740778307,35.2853356285854,35.2213101534629,-1.7836282208023277,-1.719602745679829,-1.929653078795866,0.2996226073655728,0
house,2024,HOUSE,CA,8,47.941251877083104,51.79877893525642,51.75280245266927,-3.857527058173318,-3.8115505755861676,-2.9214064516761127,-0.692130765514674,0
house,2024,HOUSE,CA,9,3.5841452595312644,8.506637328343341,10.19993816685079,-4.922492068812077,-6.615792907319526,-3.849819585660038,-1.6205438994985992,1
house,2024,HOUSE,CA,10,32.94691450140449,36.98858299727564,36.89354519889316,-4.04166849587115,-3.946630697488665,-1.015293987878259,1.2139816982831797,0
house,2024,HOUSE,CA,11,62.06846725703383,71.30869164689753,71.36039055927536,-9.240224389863698,-9.291923302241528,-0.4053394592175721,1.8239362269438666,0
house,2024,HOUSE,CA,13,0.0886587869391857,0.2049262409698261,-0.0529876236150235,-0.11626745403064039,0.1416464105542092,-3.5955895029650584,-1.3663138168036197,1
house,2024,HOUSE,CA,14,35.507330274831034,40.5224924289205,40.49491224092053,-5.015162154089467,-4.987581966089493,-2.292981541710361,-0.0637058555489225,0
house,2024,HOUSE,CA,15,46.194015417345895,55.84342300803145,55.85785395053559,-9.649407590685556,-9.663838533189697,-1.5637836577636648,0.6654920283977739,0
house,2024,HOUSE,CA,17,35.329590351424415,43.21094379270123,43.16747291449188,-7.881353441276815,-7.837882563067467,-1.4931870639849052,0.7360886221765335,0
house,2024,HOUSE,CA,18,29.251748312954582,36.03192003240913,35.95927751200772,-6.78017171945455,-6.707529199053141,-3.2227732831499125,-0.9934975969884738,0
house,2024,HOUSE,CA,19,38.59134826526131,36.87494534720737,36.85405652469507,1.7164029180539373,1.737291740566242,-1.040353992694076,1.1889216934673628,0
house,2024,HOUSE,CA,21,5.147521364898661,13.742154966074189,13.687019049840927,-8.594633601175527,-8.539497684942265,-3.4254886158049445,-1.1962129296435058,0
house,2024,HOUSE,CA,22,-6.842102121105387,-0.179885550788124,-0.686347418047205,-6.662216570317263,-6.155754703058181,-4.1794187527014515,-1.9501430665400128,3
house,2024,HOUSE,CA,23,-20.28438846285997,-20.479315412982263,-20.463740351829863,0.19492695012229433,0.17935188896989374,-1.9167565864666085,0.31251909969483016,0
house,2024,HOUSE,CA,24,25.39396576140435,23.04204920044208,22.966955826218506,2.3519165609622696,2.4270099351858434,-0.9406072456299874,1.2886684405314512,0
house,2024,HOUSE,CA,25,12.505764576727026,14.72237621976582,14.692145900832628,-2.216611643038794,-2.186381324105602,-2.971683719162666,-0.7424080330012273,0
house,2024,HOUSE,CA,26,12.108666909956746,13.65335361600648,13.657071135920209,-1.5446867060497347,-1.5484042259634627,-1.84204815551921,0.3872275306422286,0
house,2024,HOUSE,CA,27,2.662534572961445,0.465696476327635,-0.1686190892035401,2.19683809663381,2.831153662164985,-2.328338674646819,-0.0990629884853802,2
house,2024,HOUSE,CA,28,29.85737146921357,31.51296272480495,31.52949489247476,-1.6555912555913785,-1.672123423261187,-0.8993000920864844,1.3299755940749542,0
house,2024,HOUSE,CA,29,39.55342750588976,47.3529434790793,47.39819276837729,-7.799515973189543,-7.844765262487535,-3.5766723085503855,-1.3473966223889469,0
house,2024,HOUSE,CA,30,36.75202705521098,41.85130582198258,41.72646237710167,-5.099278766771597,-4.974435321890688,-1.7622081075874902,0.4670675785739484,0
house,2024,HOUSE,CA,31,19.455053619465136,26.011015281375258,25.98876694657925,-6.555961661910121,-6.533713327114114,-3.000559243514168,-0.7712835573527292,0
house,2024,HOUSE,CA,32,32.40311523574127,38.0061644564358,37.93338182867706,-5.60304922069453,-5.530266592935789,-2.2001161508169,0.029159535344538856,0
house,2024,HOUSE,CA,33,17.626835280248635,18.506664075650264,18.497679361427743,-0.8798287954016288,-0.8708440811791078,-3.943923438077416,-1.7146477519159773,0
house,2024,HOUSE,CA,35,16.81445483933121,19.12068658086114,19.0560196165697,-2.306231741529931,-2.241564777238491,-4.082427117387724,-1.853151431226285,0
house,2024,HOUSE,CA,36,37.43627561894706,40.26038037286949,40.25780428640591,-2.824104753922434,-2.82152866745885,-0.6092852813999983,1.6199904047614404,0
house,2024,HOUSE,CA,38,19.676147400771217,23.115142935203185,23.096568070038124,-3.4389955344319674,-3.420420669266907,-3.0287622756456045,-0.7994865894841658,0
house,2024,HOUSE,CA,39,13.377166245754594,18.738868000971152,18.74626326508969,-5.361701755216558,-5.369097019335097,-4.228417813257767,-1.9991421270963285,0
house,2024,HOUSE,CA,40,-10.5206772061986,-10.567804454611718,-10.594606705259842,0.04712724841311733,0.0739294990612418,-0.5288093493613406,1.700466336800098,0
house,2024,HOUSE,CA,41,-3.381906924910776,-4.512586740822833,-7.429084675339656,1.1306798159120572,4.0471777504288795,-1.6240697829460582,0.6052059032153805,3
house,2024,HOUSE,CA,42,36.282716012382096,42.05945383663635,42.066867398177614,-5.776737824254255,-5.784151385795518,-3.0623295412927334,-0.8330538551312947,0
house,2024,HOUSE,CA,43,50.14631950176334,58.602145139690144,58.54899228866221,-8.455825637926807,-8.402672786898876,-4.171379503727337,-1.9421038175658984,0
house,2024,HOUSE,CA,44,42.74513541143244,47.55764733526519,47.493751982025415,-4.812511923832744,-4.748616570592972,-3.2639132015903343,-1.0346375154288956,0
house,2024,HOUSE,CA,45,0.2067273446774832,-2.3293597524572456,-3.868391493862255,2.536087097134729,4.075118838539738,-1.6262654915037462,0.6030101946576925,4
house,2024,HOUSE,CA,46,26.85099293868201,24.962260687311137,24.91906261952117,1.8887322513708718,1.9319303191608377,-3.4751276446769133,-1.2458519585154746,0
house,2024,HOUSE,CA,47,2.8779279598046847,1.5240445957266704,5.649872323340518,1.3538833640780144,-2.7719443635358334,-1.7425854827494325,0.4866902034120062,2
house,2024,HOUSE,CA,48,-18.58502872685892,-21.32127154779337,-21.01563691531036,2.73624282093445,2.4306081884514406,-0.9021541861424982,1.3271215000189405,1
house,2024,HOUSE,CA,49,4.347067638966346,8.151457937193204,7.198040161224093,-3.804390298226858,-2.8509725222577478,-0.7001011026752124,1.5291745834862263,3
house,2024,HOUSE,CA,50,28.549605622478825,24.689171415963585,27.39584488796553,3.86043420651524,1.1537607345132948,-0.32695020902494676,1.902325477136492,1
house,2024,HOUSE,CA,51,21.394817817720035,23.124967261623887,23.443247928532355,-1.7301494439038514,-2.048430110812319,-0.753028249054033,1.4762474371074057,2
house,2024,HOUSE,CA,52,32.61845540162792,33.12028150438184,33.33519426984836,-0.5018261027539239,-0.716738868220439,-3.66029609837436,-1.4310204122129213,1
house,2024,HOUSE,CO,1,56.02725675819058,62.51096958622118,62.54724043847744,-6.483712828030598,-6.519983680286856,-2.4906930910890708,-2.0883650606867046,0
house,2024,HOUSE,CO,2,40.52023164138482,40.133740170064016,40.11183143397228,0.3864914713208023,0.4084002074125408,-0.6405800753631041,-0.2382520449607381,0
house,2024,HOUSE,CO,3,-5.155975818671276,-13.220042362991428,-13.271190632389589,8.064066544320152,8.115214813718312,-0.6210116715543652,-0.21868364115199918,0
house,2024,HOUSE,CO,4,-12.128030023666042,-21.25293321395336,-24.918904937383616,9.124903190287316,12.790874913717573,0.9512306867332505,1.3535587171356165,1
house,2024,HOUSE,CO,5,-14.441334967735967,-16.98784777816363,-17.002331703042227,2.5465128104276626,2.5609967353062597,1.0495144790265503,1.4518425094289162,0
house,2024,HOUSE,CO,6,21.05715821537359,21.99471048813931,21.93459837375899,-0.9375522727657213,-0.8774401583854008,-0.4119009999820644,-0.009572969579698387,0
house,2024,HOUSE,CO,7,14.700908358700705,16.426936670356163,16.436391740377708,-1.7260283116554582,-1.7354833816770032,0.10942150584988442,0.5117495362522504,0
house,2024,HOUSE,CO,8,-0.7554188734418907,4.482989679993243,5.5180789819418194,-5.238408553435134,-6.27349785538371,-1.164605076840009,-0.7622770464376429,2
house,2024,HOUSE,FL,1,-32.07223528504799,-37.82222524218356,-37.747316333019405,5.7499899571355755,5.6750810479714175,-4.025708968743043,1.2482445564473403,0
house,2024,HOUSE,FL,2,-23.275827781644622,-19.899127333051684,-19.85814016172235,-3.3767004485929384,-3.4176876199222725,-7.20593031909387,-1.9319767939034866,0
house,2024,HOUSE,FL,3,-23.218642149712483,-24.794522085519105,-24.783928686008068,1.575879935806622,1.5652865362955843,-7.362120553649031,-2.0881670284586473,0
house,2024,HOUSE,FL,4,-14.539142259629749,-20.79077727418469,-20.813335096444103,6.251635014554942,6.274192836814354,-3.2059938022449535,2.06795972294543,0
house,2024,HOUSE,FL,5,-26.153367245148463,-24.314555290846503,-24.3387187445538,-1.8388119543019599,-1.8146485005946644,-3.1772878806434157,2.0966656445469676,0
house,2024,HOUSE,FL,6,-33.07038721389404,-32.00359549350985,-32.02329009398849,-1.0667917203841881,-1.047097119905544,-6.988244882115094,-1.7142913569247105,0
house,2024,HOUSE,FL,7,-13.052912379728117,-17.97665903894663,-17.973380959306013,4.923746659218512,4.920468579577896,-3.1877846672442773,2.086168857946106,0
house,2024,HOUSE,FL,8,-24.47696515469044,-23.82979561626389,-23.90980708601872,-0.6471695384265495,-0.5671580686717199,-4.836451484146162,0.43750204104422163,0
house,2024,HOUSE,FL,9,12.847589321500594,10.753367987886794,10.809267594476507,2.0942213336138007,2.038321727024087,-5.440496241341014,-0.166542716150631,0
house,2024,HOUSE,FL,10,24.747778560747985,25.85852052207205,25.772046638133972,-1.1107419613240666,-1.0242680773859867,-3.3138611825654394,1.960092342624944,0
house,2024,HOUSE,FL,11,-20.75120570937864,-24.1264093728662,-24.154906224545883,3.3752036634875573,3.403700515167241,-4.424251987950479,0.8497015372399046,0
house,2024,HOUSE,FL,12,-42.07761985555216,-38.98066206954178,-38.930795238753184,-3.0969577860103783,-3.1468246167989733,-6.129541121255372,-0.8555875960649884,0
house,2024,HOUSE,FL,13,-9.64754134209337,-7.782225531324483,-13.70855709441377,-1.8653158107688883,4.061015752320399,-4.238503901813101,1.035449623377282,3
house,2024,HOUSE,FL,14,15.585424237682066,15.574985549849837,15.595730290644388,0.010438687832229121,-0.010306052962322454,-5.685313973943497,-0.41136044875311395,0
house,2024,HOUSE,FL,15,-12.359395447159148,-14.683273122658967,-17.022063797691057,2.323877675499819,4.662668350531909,-4.86426143001148,0.4096920951789036,1
house,2024,HOUSE,FL,16,-18.957757106365392,-21.31136492420429,-21.323008070873584,2.353607817838899,2.365250964508192,-5.249826883706504,0.02412664148387922,0
house,2024,HOUSE,FL,17,-27.808156380712987,-26.593157964075985,-26.64077981859853,-1.2149984166370018,-1.1673765621144554,-6.5649222311055695,-1.2909687059151862,0
house,2024,HOUSE,FL,18,-30.606397201912955,-28.852307681403857,-28.871002807711577,-1.7540895205090976,-1.7353943942013785,-6.128837048769634,-0.8548835235792511,0
house,2024,HOUSE,FL,19,-32.63290566836482,-33.0079506838581,-32.97424240776766,0.37504501549327784,0.34133673940284126,-5.601362053736967,-0.32740852854658353,0
house,2024,HOUSE,FL,21,-23.648737484596,-22.811936759760044,-22.85204271326421,-0.8368007248359568,-0.79669477133179,-5.11659169503102,0.15736183015936334,0
house,2024,HOUSE,FL,22,9.91124582942626,12.611695781693774,12.632142849164742,-2.7004499522675136,-2.720897019738482,-5.644311029701628,-0.3703575045112446,0
house,2024,HOUSE,FL,23,4.89024009061838,14.252343545134009,14.308562690837295,-9.36210345451563,-9.418322600218914,-4.4717922662363385,0.8021612589540448,0
house,2024,HOUSE,FL,24,36.48263448729891,44.66912728731789,44.58719841392117,-8.186492800018982,-8.104563926622262,-6.540298723925304,-1.2663451987349204,0
house,2024,HOUSE,FL,25,8.956433046772549,14.135525913893414,14.117126073539266,-5.179092867120865,-5.160693026766717,-5.1795081204173545,0.09444540477302876,0
house,2024,HOUSE,FL,26,-41.83451910236359,-34.85022210126306,-34.90216209709402,-6.984297001100536,-6.932357005269573,-6.342670504927005,-1.0687169797366218,0
house,2024,HOUSE,FL,27,-20.7510905910564,-12.834131365541603,-12.84573819642437,-7.9169592255147965,-7.905352394632029,-5.022744410593452,0.2512091145969313,0
house,2024,HOUSE,FL,28,-29.13194625880241,-21.40604093513294,-21.492918668308,-7.725905323669473,-7.639027590494411,-6.4481278152293635,-1.1741742900389802,1
