year,office,races,pred_median_D,p10,p90,actual_D,inside_80
2018,HOUSE,417,211.0,202.0,221.0,226,False
2018,SEN,33,23.0,20.0,25.0,21,True
2018,GOV,36,17.0,14.0,19.0,16,True
2020,HOUSE,404,218.0,210.0,225.0,208,False
2020,SEN,33,15.0,13.0,17.0,13,True
2020,GOV,11,3.0,3.0,3.0,3,True
2022,HOUSE,435,208.0,198.0,218.0,212,True
2022,SEN,31,13.0,11.0,15.0,13,True
2022,GOV,36,17.0,15.0,19.0,18,True
2024,HOUSE,368,181.0,173.0,189.0,183,True
2024,SEN,33,19.0,17.0,21.0,18,True
2024,GOV,11,3.0,2.0,4.0,3,True
