forecast_date,nat_median,nat_p10,nat_p90,house_median,house_p10,house_p90,p_house_d,senate_median,senate_p10,senate_p90,p_senate_d,p_osborn,gov_median,gov_p10,gov_p90,run_at,race_polls,generic_polls_30d,read_fundamentals,weight_fundamentals,read_generic,weight_generic,read_specials,weight_specials,p_house_ind
2026-09-22,6.825828445718113,4.653610418116289,8.958659043559356,233.0,222.0,245.0,0.969,51.0,48.0,53.0,0.55895,0.40275,20.0,18.0,23.0,2026-09-24 13:50,874,58,6.296428974014192,0.0778202414512634,5.641004912500119,0.488904595375061,8.432388878608489,0.4332751333713531,
2026-09-24,6.9563091208753285,4.850159163624971,9.070539780741717,233.0,222.0,246.0,0.9717,51.0,48.0,53.0,0.585,0.40995,20.0,18.0,23.0,2026-09-24 16:50,877,52,6.428874869539824,0.0740775167942047,5.986162341804791,0.5135341882705688,8.432388878608489,0.4123882353305816,
2026-09-25,6.8935177740611895,4.829717668722249,9.034881175997205,230.0,221.0,241.0,0.96335,51.0,49.0,54.0,0.6714,0.4335,21.0,18.0,23.0,2026-09-25 18:56,914,53,6.570648496546447,0.0755962803959846,5.8433739809436895,0.5087757706642151,8.432388878608489,0.4156279265880584,
2026-09-26,6.934616271165938,4.74239084424646,9.101376090869858,230.0,221.0,242.0,0.9594,51.0,49.0,54.0,0.65725,0.4342,21.0,19.0,23.0,2026-09-26 14:53,897,53,6.576414947849904,0.0821782872080802,5.75805055401136,0.4707423150539398,8.432388878608489,0.4470794200897217,0.0804
2026-09-27,6.931909434817829,4.730302929446021,9.088056963733706,230.0,221.0,242.0,0.95545,52.0,49.0,54.0,0.6992,0.38345,21.0,18.0,23.0,2026-09-28 00:05,899,52,6.640527734100565,0.0807849094271659,5.7549501237628125,0.4809716939926147,8.432388878608489,0.438243418931961,0.0467
2026-09-28,6.962476679395285,4.665068517795511,9.16469390738451,230.0,220.0,241.0,0.95285,51.0,49.0,54.0,0.6804,0.3852,20.0,18.0,23.0,2026-09-28 20:17,890,49,6.727246966069196,0.0826292932033538,5.6981084406516445,0.4650277197360992,8.432388878608489,0.4523429870605469,0.0655
2026-09-29,6.937538365652899,4.590076850566705,9.164705107802678,230.0,220.0,241.0,0.95225,52.0,49.0,54.0,0.70125,0.38425,21.0,18.0,23.0,2026-09-29 08:28,903,50,6.679695996046275,0.0852828100323677,5.617405160180101,0.4511030316352844,8.432388878608489,0.4636141657829284,0.06265
2026-09-30,6.903523742663551,4.660107489681369,9.165264320790554,230.0,220.0,241.0,0.94745,51.0,49.0,54.0,0.6902,0.3837,20.0,18.0,23.0,2026-09-30 07:20,920,51,6.76821592120688,0.0864185765385627,5.539001453888472,0.4482800960540771,8.432388878608489,0.4653013348579407,0.0639
2026-10-01,6.663890952889759,4.444044576133856,8.88030352918975,229.0,220.0,241.0,0.9421,51.0,49.0,54.0,0.6704,0.3804,20.0,18.0,23.0,2026-10-01 14:32,930,51,6.82749591424832,0.0815616697072982,5.187055571235838,0.4771671891212463,8.432388878608489,0.4412711858749389,0.0609
2026-10-02,6.4592278186254175,4.277841914012777,8.663068732963113,229.0,220.0,241.0,0.94065,51.0,49.0,54.0,0.65555,0.37915,20.0,18.0,23.0,2026-10-02 07:21,952,49,6.861557626990999,0.0793256759643554,4.895389639212509,0.4930842518806457,8.432388878608489,0.4275901019573211,0.0576
2026-10-03,6.539930165993468,4.2991429160970736,8.800993177344104,229.0,220.0,241.0,0.9413,51.0,49.0,54.0,0.6578,0.3295,20.0,18.0,23.0,2026-10-03 07:22,969,49,6.809821233069457,0.0813077092170715,4.959772773607394,0.4790014028549194,8.432388878608489,0.4396909177303314,0.0774
2026-10-04,6.573581906111151,4.370168472491969,8.776556289133826,229.0,220.0,241.0,0.9424,51.0,49.0,54.0,0.67535,0.3278,20.0,18.0,23.0,2026-10-04 07:26,984,49,6.94393123922194,0.0813338309526443,4.989303947104832,0.4814781546592712,8.432388878608489,0.4371880292892456,0.1097
2026-10-05,6.53575404991784,4.350767172324864,8.747395077896325,230.0,220.0,241.0,0.9435,51.0,49.0,54.0,0.6748,0.32775,20.0,18.0,23.0,2026-10-05 07:28,989,51,6.987803917740019,0.0791289210319519,4.952227075756424,0.4897310733795166,8.432388878608489,0.4311400055885315,0.09695
