name,polls,races,record,correction,partisan,latest
YouGov,58,23,441,-0.1,1,2026-10-05
Public Policy Polling,47,43,403,0.55,43,2026-10-02
University of New Hampshire,46,15,177,-0.86,0,2026-09-21
The New York Times/Siena University,43,20,284,1.02,0,2026-10-01
Emerson College,33,23,289,0.86,1,2026-10-05
co/efficient,32,29,22,2.33,9,2026-10-06
Impact Research,30,18,87,-0.12,30,2026-10-01
Beacon Research/Shaw & Co. Research,23,14,71,-1.62,0,2026-09-28
Quantus Insights,23,18,0,-0.43,8,2026-10-06
GBAO,19,12,50,2.24,19,2026-10-04
Global Strategy Group,19,14,103,1.81,19,2026-09-16
Change Research,18,9,99,-1.19,7,2026-10-05
"Fabrizio, Lee & Associates/Impact Research",18,17,40,0.73,2,2026-09-22
Wedgewood Polls,17,16,0,-0.43,2,2026-10-03
Alaska Survey Research,16,3,28,-2.32,0,2026-10-03
InsiderAdvantage,16,12,108,0.92,0,2026-09-29
SurveyUSA,16,13,949,-0.05,0,2026-09-30
Hart Research Associates,14,11,0,-0.43,12,2026-09-24
Saint Anselm,14,3,30,0.45,0,2026-09-29
Trafalgar Group,13,11,114,0.51,13,2026-10-01
Tulchin Research,13,10,15,2.13,13,2026-09-30
Cygnal,12,10,63,-1.29,10,2026-09-27
Marist University,12,11,163,0.51,0,2026-10-04
Glengariff Group,11,2,26,-0.03,0,2026-09-03
Lake Research Partners,11,6,32,-1.98,11,2026-10-04
Mitchell Research & Communications,11,2,53,1.54,0,2026-10-01
Suffolk University,11,8,112,-0.21,0,2026-10-04
TIPP Insights,11,8,2,-0.32,9,2026-09-02
GQR,10,7,90,0.61,10,2026-10-05
Tavern Research,10,9,0,-0.43,4,2026-08-12
Big Data Poll,9,9,0,-0.43,1,2026-09-30
Noble Predictive Insights,9,2,30,-0.2,0,2026-09-26
Ragnar Research Partners,9,9,4,-0.45,9,2026-06-16
Slingshot Strategies,9,2,4,-1.78,1,2026-09-22
Texas Southern University Barbara Jordan Public Policy Research and Survey Center,9,5,0,-0.43,0,2026-09-19
Echelon Insights,8,8,8,0.66,0,2026-04-09
Harper Polling,8,2,15,-2.17,1,2026-09-15
Z to A Research,8,8,0,-0.43,4,2026-10-01
Data for Progress,7,5,92,0.84,4,2026-08-15
McLaughlin & Associates,7,6,55,0.34,7,2026-09-30
GBAO Strategies,6,6,0,-0.43,6,2026-09-21
Quinnipiac University,6,3,249,1.04,0,2026-10-05
Targoz Market Research,6,3,20,-0.37,0,2026-08-26
Abacus Data,5,5,0,-0.43,0,2026-08-28
EPIC-MRA,5,2,70,0.55,0,2026-08-28
FM3 Research,5,5,26,-2.22,5,2026-07-12
Franklin & Marshall College,5,3,43,0.61,0,2026-09-20
Mason-Dixon,5,5,462,0.12,0,2026-10-01
"Normington, Petts & Associates",5,4,51,0.13,5,2026-09-28
University of North Florida,5,2,17,-2.28,1,2026-07-17
SoCal Strategies,5,3,4,-1.34,4,2026-09-13
St. Pete Polls,5,3,43,0.07,0,2026-10-07
Bravo Group,4,1,0,-0.43,0,2026-09-22
The Bullfinch Group,4,3,5,-1.93,0,2026-09-06
CNN/SSRS,4,4,8,-0.75,0,2026-10-05
DCCC Targeting Team,4,4,41,1.37,4,2026-09-23
DHM Research,4,2,15,1.27,0,2026-10-01
Grayhouse,4,4,0,-0.43,4,2026-08-11
Guidant Polling and Strategy,4,4,1,-0.62,1,2026-09-28
Lighthouse Research,4,4,10,-0.91,0,2026-09-24
Public Opinion Strategies,4,4,179,-1.24,4,2026-09-14
The Public Sentiment Institute,4,2,0,-0.43,1,2026-06-16
SSRS,4,4,38,-2.94,0,2026-09-06
Stetson University,4,2,3,-2.27,0,2026-09-21
Susquehanna Polling & Research,4,2,62,-1.6,1,2026-09-30
The Washington Post/George Mason University School of Policy and Government,4,4,17,0.15,0,2026-09-28
Opinion Diagnostics,3,2,1,-0.57,1,2026-09-25
Hendrix College,3,3,25,-2.78,0,2026-08-13
J.L. Partners,3,3,1,0.09,1,2026-08-18
Kreate Strategies,3,2,0,-0.43,2,2026-08-16
Peak Insights,3,3,0,-0.43,2,2026-08-25
Public Policy Research/Texas Southern University,3,3,0,-0.43,0,2026-08-22
RMG Research,3,3,38,-1.14,2,2026-09-25
UC Berkeley Institute of Governmental Studies,3,1,0,-0.43,0,2026-09-20
Victory Insights,3,3,19,1.05,0,2025-11-24
yes. every kid.,3,3,0,-0.43,0,2026-07-11
Zenith Research,3,3,0,-0.43,2,2026-08-03
2040 Strategy Group,2,2,0,-0.43,2,2026-07-25
American Pulse Research & Polling,2,2,10,-1.64,0,2026-09-24
Bendixen & Amandi International,2,2,5,0.35,2,2026-08-30
Blueprint Polling,2,2,3,-0.29,2,2026-07-28
Braun Research/Vermont Public,2,2,11,-2.17,0,2026-09-21
BSP Research,2,2,5,-0.24,0,2026-09-04
Concord Public Opinion Partners,2,2,1,0.01,2,2026-08-21
Crosby for Congress,2,1,0,-0.43,2,2026-09-23
David Jay Wolfson / Steve Hilton,2,1,0,-0.43,2,2026-10-02
DCCC,2,2,0,-0.43,2,2026-07-30
East Carolina University,2,1,16,-0.16,0,2026-10-03
EMC Research,2,2,26,-1.27,2,2026-02-22
Expedition Strategies,2,1,5,0.9,2,2026-09-24
GreatBlue Research,2,1,4,0.5,0,2026-09-08
High Point University Survey Research Center,2,1,8,0.24,0,2026-09-16
James Madison Institute,2,2,0,-0.43,0,2026-10-04
MAD Global Strategy,2,2,0,-0.43,1,2026-06-11
Maine People's Resource Center,2,2,9,-2.06,0,2026-09-29
Marquette University Law School,2,1,28,-0.82,0,2026-09-23
MassINC Polling Group,2,2,35,1.24,0,2026-09-22
MDW Communications,2,2,0,-0.43,1,2026-07-29
Overton Insights,2,2,0,-0.43,2,2026-08-26
PPIC,2,1,0,-0.43,0,2026-09-10
Pulse Decision Science,2,2,0,-0.43,2,2026-09-27
Research & Polling Inc.,2,2,70,0.7,0,2026-08-28
Rosetta Stone Communications,2,2,0,-0.43,1,2025-10-25
Rutgers University Eagleton Institute of Politics,2,2,15,1.46,0,2026-09-07
SEA Polling,2,2,0,-0.43,1,2026-08-30
State Navigate,2,2,0,-0.43,0,2026-10-04
Stratus Intelligence,2,2,0,-0.43,2,2026-09-24
Target Insyght,2,1,10,-0.21,0,2025-03-06
The Tarrance Group,2,2,76,-2.55,2,2026-07-30
University of Texas/Texas Politics Project,2,2,0,-0.43,0,2026-04-20
University of Texas at Tyler,2,2,6,-0.23,0,2026-02-22
Torchlight Strategies,2,2,0,-0.43,2,2026-09-19
Wick,2,2,21,2.21,0,2026-06-30
1892 Polling,1,1,5,-0.78,0,2025-09-04
20/20 Insight,1,1,3,-0.6,1,2026-08-26
A2 Insights,1,1,0,-0.43,0,2026-06-28
Advanced Targeting Research,1,1,0,-0.43,0,2026-09-16
Applecart,1,1,0,-0.43,1,2026-05-25
Bedrock Polling,1,1,0,-0.43,1,2026-08-10
Bowling Green State University,1,1,0,-0.43,0,2025-10-14
Center for Excellence in Polling,1,1,0,-0.43,0,2026-01-24
Cherry Communications,1,1,11,-0.64,1,2026-05-09
CHS & Associates,1,1,0,-0.43,0,2026-08-06
Data Targeting,1,1,7,-0.04,0,2025-12-08
Deep Root Analytics,1,1,0,-0.43,1,2026-08-18
Equis Research,1,1,0,-0.43,0,2026-09-09
FirstStrategic,1,1,0,-0.43,0,2026-10-01
Grassroots Targeting,1,1,0,-0.43,1,2026-07-06
HighGround,1,1,10,0.3,0,2026-08-18
Hoffman Research Group,1,1,3,0.32,1,2026-05-12
University of Houston/Texas Southern University,1,1,0,-0.43,0,2025-10-01
Independent Voter Project,1,1,0,-0.43,0,2026-10-02
Inquire LLC,1,1,0,-0.43,1,2026-07-29
John Zogby Strategies,1,1,0,-0.43,0,2026-01-08
Keating Research,1,1,11,1.53,1,2026-07-23
University of Maryland Baltimore County Institute of Politics,1,1,1,0.15,0,2026-09-27
The Mellman Group,1,1,43,-2.36,1,2025-06-10
Miller Consulting Services,1,1,0,-0.43,0,2026-09-11
Moxie Strategies,1,1,0,-0.43,0,2026-07-28
National Public Affairs,1,1,0,-0.43,1,2026-07-30
Neighborhood Research and Media,1,1,0,-0.43,0,2026-10-06
NextGen Polling,1,1,0,-0.43,0,2026-08-19
NextGen P,1,1,0,-0.43,0,2025-12-17
Nexus Strategies/Strategic Partners Solutions,1,1,0,-0.43,0,2026-03-09
OnMessage,1,1,37,-0.47,1,2026-03-08
PennLive,1,1,0,-0.43,0,2026-06-25
Platform Communications,1,1,0,-0.43,0,2026-08-13
Polity Research Consulting,1,1,0,-0.43,0,2026-05-07
Pollfinity,1,1,0,-0.43,0,2026-06-14
Praecones Analytica,1,1,3,0.35,0,2025-12-28
Pulse Science Decision,1,1,0,-0.43,1,2026-06-23
Red Oak Strategic,1,1,0,-0.43,1,2026-07-12
Remington Research Group,1,1,49,-1.05,0,2026-09-15
Resonance Media,1,1,0,-0.43,0,2026-10-03
Stealth Analytics,1,1,0,-0.43,0,2026-08-13
StimSight Research,1,1,0,-0.43,0,2026-09-12
Strategies 360,1,1,13,0.62,0,2026-08-26
TargetSmart,1,1,4,-1.13,1,2026-09-12
Unknown (Reported by NOTUS),1,1,0,-0.43,1,2026-07-30
Upswing Research,1,1,1,-0.36,1,2026-05-05
Vote TXT,1,1,0,-0.43,0,2023-05-19
Voter Sciences,1,1,0,-0.43,1,2025-08-01
WPA Intelligence,1,1,47,-2.01,1,2025-01-15
