forecast_date,nat_median,nat_p10,nat_p90,p_house_d,house_median,house_p10,house_p90,p_senate_d,senate_median,senate_p10,senate_p90,gov_median,gov_p10,gov_p90
2026-09-22,6.8258,4.6536,8.9587,0.969,233.0,222.0,245.0,0.5589,51.0,48.0,53.0,20.0,18.0,23.0
2026-09-24,6.9563,4.8502,9.0705,0.9717,233.0,222.0,246.0,0.585,51.0,48.0,53.0,20.0,18.0,23.0
2026-09-25,6.8935,4.8297,9.0349,0.9634,230.0,221.0,241.0,0.6714,51.0,49.0,54.0,21.0,18.0,23.0
2026-09-26,6.9346,4.7424,9.1014,0.9594,230.0,221.0,242.0,0.6572,51.0,49.0,54.0,21.0,19.0,23.0
2026-09-27,6.9319,4.7303,9.0881,0.9554,230.0,221.0,242.0,0.6992,52.0,49.0,54.0,21.0,18.0,23.0
2026-09-28,6.9625,4.6651,9.1647,0.9528,230.0,220.0,241.0,0.6804,51.0,49.0,54.0,20.0,18.0,23.0
2026-09-29,6.9375,4.5901,9.1647,0.9522,230.0,220.0,241.0,0.7012,52.0,49.0,54.0,21.0,18.0,23.0
2026-09-30,6.9035,4.6601,9.1653,0.9474,230.0,220.0,241.0,0.6902,51.0,49.0,54.0,20.0,18.0,23.0
2026-10-01,6.6639,4.444,8.8803,0.9421,229.0,220.0,241.0,0.6704,51.0,49.0,54.0,20.0,18.0,23.0
2026-10-02,6.4592,4.2778,8.6631,0.9406,229.0,220.0,241.0,0.6556,51.0,49.0,54.0,20.0,18.0,23.0
2026-10-03,6.5399,4.2991,8.801,0.9413,229.0,220.0,241.0,0.6578,51.0,49.0,54.0,20.0,18.0,23.0
2026-10-04,6.5736,4.3702,8.7766,0.9424,229.0,220.0,241.0,0.6754,51.0,49.0,54.0,20.0,18.0,23.0
2026-10-05,6.5358,4.3508,8.7474,0.9435,230.0,220.0,241.0,0.6748,51.0,49.0,54.0,20.0,18.0,23.0
2026-10-06,6.5005,4.2664,8.6986,0.9395,229.0,220.0,241.0,0.68,51.0,49.0,54.0,20.0,18.0,23.0
2026-10-07,6.5313,4.2659,8.8198,0.9377,230.0,219.0,241.0,0.6881,52.0,49.0,54.0,20.0,18.0,23.0
